league,season,game,week,day,date,time,home_team,home_xg,score,away_xg,away_team,attendance,venue,referee,match_report,notes,game_id
ENG-Premier League,1718,2017-08-11 Arsenal-Leicester City,1.0,Fri,2017-08-11,19:45,Arsenal,2.3,4–3,1.3,Leicester City,59387.0,Emirates Stadium,Mike Dean,/en/matches/e3c3ddf0/Arsenal-Leicester-City-August-11-2017-Premier-League,,e3c3ddf0
ENG-Premier League,1718,2017-08-12 Brighton-Manchester City,1.0,Sat,2017-08-12,17:30,Brighton,0.3,0–2,1.8,Manchester City,30415.0,The American Express Community Stadium,Michael Oliver,/en/matches/072bfc99/Brighton-and-Hove-Albion-Manchester-City-August-12-2017-Premier-League,,072bfc99
ENG-Premier League,1718,2017-08-12 Chelsea-Burnley,1.0,Sat,2017-08-12,15:00,Chelsea,1.3,2–3,0.8,Burnley,41616.0,Stamford Bridge,Craig Pawson,/en/matches/71b00bca/Chelsea-Burnley-August-12-2017-Premier-League,,71b00bca
ENG-Premier League,1718,2017-08-12 Crystal Palace-Huddersfield,1.0,Sat,2017-08-12,15:00,Crystal Palace,1.1,0–3,1.7,Huddersfield,25448.0,Selhurst Park,Jonathan Moss,/en/matches/2d369d17/Crystal-Palace-Huddersfield-Town-August-12-2017-Premier-League,,2d369d17
ENG-Premier League,1718,2017-08-12 Everton-Stoke City,1.0,Sat,2017-08-12,15:00,Everton,0.5,1–0,0.3,Stoke City,39045.0,Goodison Park,Niel Swarbrick,/en/matches/7c834541/Everton-Stoke-City-August-12-2017-Premier-League,,7c834541
ENG-Premier League,1718,2017-08-12 Southampton-Swansea City,1.0,Sat,2017-08-12,15:00,Southampton,2.1,0–0,0.5,Swansea City,31447.0,St. Mary's Stadium,Mike Jones,/en/matches/e782371e/Southampton-Swansea-City-August-12-2017-Premier-League,,e782371e
ENG-Premier League,1718,2017-08-12 Watford-Liverpool,1.0,Sat,2017-08-12,12:30,Watford,2.1,3–3,3.1,Liverpool,20407.0,Vicarage Road Stadium,Anthony Taylor,/en/matches/60f6cc1d/Watford-Liverpool-August-12-2017-Premier-League,,60f6cc1d
ENG-Premier League,1718,2017-08-12 West Brom-Bournemouth,1.0,Sat,2017-08-12,15:00,West Brom,1.2,1–0,0.4,Bournemouth,25011.0,The Hawthorns,Robert Madley,/en/matches/684f704a/West-Bromwich-Albion-Bournemouth-August-12-2017-Premier-League,,684f704a
ENG-Premier League,1718,2017-08-13 Manchester Utd-West Ham,1.0,Sun,2017-08-13,16:00,Manchester Utd,2.1,4–0,0.6,West Ham,74928.0,Old Trafford,Martin Atkinson,/en/matches/f5d1f6f4/Manchester-United-West-Ham-United-August-13-2017-Premier-League,,f5d1f6f4
ENG-Premier League,1718,2017-08-13 Newcastle Utd-Tottenham,1.0,Sun,2017-08-13,13:30,Newcastle Utd,0.6,0–2,1.9,Tottenham,52077.0,St. James' Park,Andre Marriner,/en/matches/d8a995d7/Newcastle-United-Tottenham-Hotspur-August-13-2017-Premier-League,,d8a995d7
ENG-Premier League,1718,2017-08-13 nan-nan,,,2017-08-13,,,,,,,,,,,,
ENG-Premier League,1718,2017-08-19 Bournemouth-Watford,2.0,Sat,2017-08-19,15:00,Bournemouth,0.9,0–2,2.1,Watford,10501.0,Vitality Stadium,Roger East,/en/matches/21fec287/Bournemouth-Watford-August-19-2017-Premier-League,,21fec287
ENG-Premier League,1718,2017-08-19 Burnley-West Brom,2.0,Sat,2017-08-19,15:00,Burnley,1.2,0–1,1.0,West Brom,19619.0,Turf Moor,Martin Atkinson,/en/matches/e868e7b5/Burnley-West-Bromwich-Albion-August-19-2017-Premier-League,,e868e7b5
ENG-Premier League,1718,2017-08-19 Leicester City-Brighton,2.0,Sat,2017-08-19,15:00,Leicester City,1.7,2–0,0.2,Brighton,31902.0,King Power Stadium,Lee Probert,/en/matches/e487b860/Leicester-City-Brighton-and-Hove-Albion-August-19-2017-Premier-League,,e487b860
ENG-Premier League,1718,2017-08-19 Liverpool-Crystal Palace,2.0,Sat,2017-08-19,15:00,Liverpool,2.4,1–0,0.6,Crystal Palace,53138.0,Anfield,Kevin Friend,/en/matches/ea1213ed/Liverpool-Crystal-Palace-August-19-2017-Premier-League,,ea1213ed
ENG-Premier League,1718,2017-08-19 Southampton-West Ham,2.0,Sat,2017-08-19,15:00,Southampton,2.1,3–2,1.7,West Ham,31424.0,St. Mary's Stadium,Lee Mason,/en/matches/4dc6e9ad/Southampton-West-Ham-United-August-19-2017-Premier-League,,4dc6e9ad
ENG-Premier League,1718,2017-08-19 Stoke City-Arsenal,2.0,Sat,2017-08-19,17:30,Stoke City,1.0,1–0,1.6,Arsenal,29459.0,Bet365 Stadium,Andre Marriner,/en/matches/37f97732/Stoke-City-Arsenal-August-19-2017-Premier-League,,37f97732
ENG-Premier League,1718,2017-08-19 Swansea City-Manchester Utd,2.0,Sat,2017-08-19,12:30,Swansea City,0.3,0–4,3.3,Manchester Utd,20862.0,Liberty Stadium,Jonathan Moss,/en/matches/9c09e079/Swansea-City-Manchester-United-August-19-2017-Premier-League,,9c09e079
ENG-Premier League,1718,2017-08-20 Huddersfield-Newcastle Utd,2.0,Sun,2017-08-20,13:30,Huddersfield,0.3,1–0,1.4,Newcastle Utd,24128.0,The John Smith's Stadium,Craig Pawson,/en/matches/3786388c/Huddersfield-Town-Newcastle-United-August-20-2017-Premier-League,,3786388c
ENG-Premier League,1718,2017-08-20 Tottenham-Chelsea,2.0,Sun,2017-08-20,16:00,Tottenham,0.6,1–2,0.8,Chelsea,73587.0,Wembley Stadium,Anthony Taylor,/en/matches/1bf15b95/Tottenham-Hotspur-Chelsea-August-20-2017-Premier-League,,1bf15b95
ENG-Premier League,1718,2017-08-21 Manchester City-Everton,2.0,Mon,2017-08-21,20:00,Manchester City,1.2,1–1,0.6,Everton,49108.0,Etihad Stadium,Robert Madley,/en/matches/424dc3f9/Manchester-City-Everton-August-21-2017-Premier-League,,424dc3f9
ENG-Premier League,1718,2017-08-21 nan-nan,,,2017-08-21,,,,,,,,,,,,
ENG-Premier League,1718,2017-08-26 Bournemouth-Manchester City,3.0,Sat,2017-08-26,12:30,Bournemouth,0.4,1–2,1.6,Manchester City,10419.0,Vitality Stadium,Mike Dean,/en/matches/77beb1ff/Bournemouth-Manchester-City-August-26-2017-Premier-League,,77beb1ff
ENG-Premier League,1718,2017-08-26 Crystal Palace-Swansea City,3.0,Sat,2017-08-26,15:00,Crystal Palace,0.9,0–2,1.1,Swansea City,23477.0,Selhurst Park,Andre Marriner,/en/matches/86d8c6b8/Crystal-Palace-Swansea-City-August-26-2017-Premier-League,,86d8c6b8
ENG-Premier League,1718,2017-08-26 Huddersfield-Southampton,3.0,Sat,2017-08-26,15:00,Huddersfield,1.4,0–0,0.8,Southampton,23548.0,The John Smith's Stadium,Stuart Attwell,/en/matches/2b22bafa/Huddersfield-Town-Southampton-August-26-2017-Premier-League,,2b22bafa
ENG-Premier League,1718,2017-08-26 Manchester Utd-Leicester City,3.0,Sat,2017-08-26,17:30,Manchester Utd,2.6,2–0,0.6,Leicester City,75021.0,Old Trafford,Michael Oliver,/en/matches/b841af28/Manchester-United-Leicester-City-August-26-2017-Premier-League,,b841af28
ENG-Premier League,1718,2017-08-26 Newcastle Utd-West Ham,3.0,Sat,2017-08-26,15:00,Newcastle Utd,3.3,3–0,0.5,West Ham,52093.0,St. James' Park,Niel Swarbrick,/en/matches/b7de45b7/Newcastle-United-West-Ham-United-August-26-2017-Premier-League,,b7de45b7
ENG-Premier League,1718,2017-08-26 Watford-Brighton,3.0,Sat,2017-08-26,15:00,Watford,0.3,0–0,0.9,Brighton,20181.0,Vicarage Road Stadium,Graham Scott,/en/matches/7bd57325/Watford-Brighton-and-Hove-Albion-August-26-2017-Premier-League,,7bd57325
ENG-Premier League,1718,2017-08-27 Chelsea-Everton,3.0,Sun,2017-08-27,13:30,Chelsea,1.1,2–0,0.6,Everton,41382.0,Stamford Bridge,Jonathan Moss,/en/matches/5a276f0b/Chelsea-Everton-August-27-2017-Premier-League,,5a276f0b
ENG-Premier League,1718,2017-08-27 Liverpool-Arsenal,3.0,Sun,2017-08-27,16:00,Liverpool,3.0,4–0,0.7,Arsenal,53206.0,Anfield,Craig Pawson,/en/matches/e4374144/Liverpool-Arsenal-August-27-2017-Premier-League,,e4374144
ENG-Premier League,1718,2017-08-27 Tottenham-Burnley,3.0,Sun,2017-08-27,16:00,Tottenham,2.3,1–1,0.9,Burnley,67862.0,Wembley Stadium,Lee Mason,/en/matches/9402c6ee/Tottenham-Hotspur-Burnley-August-27-2017-Premier-League,,9402c6ee
ENG-Premier League,1718,2017-08-27 West Brom-Stoke City,3.0,Sun,2017-08-27,13:30,West Brom,0.6,1–1,1.2,Stoke City,22704.0,The Hawthorns,Anthony Taylor,/en/matches/abccb71c/West-Bromwich-Albion-Stoke-City-August-27-2017-Premier-League,,abccb71c
ENG-Premier League,1718,2017-08-27 nan-nan,,,2017-08-27,,,,,,,,,,,,
ENG-Premier League,1718,2017-09-09 Arsenal-Bournemouth,4.0,Sat,2017-09-09,15:00,Arsenal,2.0,3–0,0.9,Bournemouth,59262.0,Emirates Stadium,Anthony Taylor,/en/matches/2fab7d59/Arsenal-Bournemouth-September-9-2017-Premier-League,,2fab7d59
ENG-Premier League,1718,2017-09-09 Brighton-West Brom,4.0,Sat,2017-09-09,15:00,Brighton,0.4,3–1,0.8,West Brom,30381.0,The American Express Community Stadium,Chris Kavanagh,/en/matches/b81fcf8d/Brighton-and-Hove-Albion-West-Bromwich-Albion-September-9-2017-Premier-League,,b81fcf8d
ENG-Premier League,1718,2017-09-09 Everton-Tottenham,4.0,Sat,2017-09-09,15:00,Everton,0.9,0–3,2.0,Tottenham,38835.0,Goodison Park,Graham Scott,/en/matches/2a7d4892/Everton-Tottenham-Hotspur-September-9-2017-Premier-League,,2a7d4892
ENG-Premier League,1718,2017-09-09 Leicester City-Chelsea,4.0,Sat,2017-09-09,15:00,Leicester City,1.6,1–2,1.5,Chelsea,30923.0,King Power Stadium,Lee Mason,/en/matches/733dcf07/Leicester-City-Chelsea-September-9-2017-Premier-League,,733dcf07
ENG-Premier League,1718,2017-09-09 Manchester City-Liverpool,4.0,Sat,2017-09-09,12:30,Manchester City,2.7,5–0,0.7,Liverpool,54172.0,Etihad Stadium,Jonathan Moss,/en/matches/39dcce19/Manchester-City-Liverpool-September-9-2017-Premier-League,,39dcce19
ENG-Premier League,1718,2017-09-09 Southampton-Watford,4.0,Sat,2017-09-09,15:00,Southampton,0.4,0–2,0.6,Watford,31435.0,St. Mary's Stadium,Lee Probert,/en/matches/bb0151f4/Southampton-Watford-September-9-2017-Premier-League,,bb0151f4
ENG-Premier League,1718,2017-09-09 Stoke City-Manchester Utd,4.0,Sat,2017-09-09,17:30,Stoke City,1.1,2–2,2.4,Manchester Utd,29320.0,Bet365 Stadium,Niel Swarbrick,/en/matches/06ec2f77/Stoke-City-Manchester-United-September-9-2017-Premier-League,,06ec2f77
ENG-Premier League,1718,2017-09-10 Burnley-Crystal Palace,4.0,Sun,2017-09-10,13:30,Burnley,0.4,1–0,1.6,Crystal Palace,18862.0,Turf Moor,Michael Oliver,/en/matches/96db0268/Burnley-Crystal-Palace-September-10-2017-Premier-League,,96db0268
ENG-Premier League,1718,2017-09-10 Swansea City-Newcastle Utd,4.0,Sun,2017-09-10,16:00,Swansea City,1.1,0–1,0.9,Newcastle Utd,20872.0,Liberty Stadium,Mike Jones,/en/matches/d9c661eb/Swansea-City-Newcastle-United-September-10-2017-Premier-League,,d9c661eb
ENG-Premier League,1718,2017-09-11 West Ham-Huddersfield,4.0,Mon,2017-09-11,20:00,West Ham,1.7,2–0,0.3,Huddersfield,56977.0,London Stadium,Kevin Friend,/en/matches/74758ffd/West-Ham-United-Huddersfield-Town-September-11-2017-Premier-League,,74758ffd
ENG-Premier League,1718,2017-09-11 nan-nan,,,2017-09-11,,,,,,,,,,,,
ENG-Premier League,1718,2017-09-15 Bournemouth-Brighton,5.0,Fri,2017-09-15,20:00,Bournemouth,1.5,2–1,0.7,Brighton,10369.0,Vitality Stadium,Craig Pawson,/en/matches/00836893/Bournemouth-Brighton-and-Hove-Albion-September-15-2017-Premier-League,,00836893
ENG-Premier League,1718,2017-09-16 Crystal Palace-Southampton,5.0,Sat,2017-09-16,12:30,Crystal Palace,2.1,0–1,0.9,Southampton,24199.0,Selhurst Park,Robert Madley,/en/matches/720202a0/Crystal-Palace-Southampton-September-16-2017-Premier-League,,720202a0
ENG-Premier League,1718,2017-09-16 Huddersfield-Leicester City,5.0,Sat,2017-09-16,15:00,Huddersfield,1.1,1–1,1.4,Leicester City,24129.0,The John Smith's Stadium,Jonathan Moss,/en/matches/8b0b0397/Huddersfield-Town-Leicester-City-September-16-2017-Premier-League,,8b0b0397
ENG-Premier League,1718,2017-09-16 Liverpool-Burnley,5.0,Sat,2017-09-16,15:00,Liverpool,2.1,1–1,0.6,Burnley,53231.0,Anfield,Roger East,/en/matches/ab422c29/Liverpool-Burnley-September-16-2017-Premier-League,,ab422c29
ENG-Premier League,1718,2017-09-16 Newcastle Utd-Stoke City,5.0,Sat,2017-09-16,15:00,Newcastle Utd,2.0,2–1,0.7,Stoke City,51795.0,St. James' Park,Stuart Attwell,/en/matches/349276f6/Newcastle-United-Stoke-City-September-16-2017-Premier-League,,349276f6
ENG-Premier League,1718,2017-09-16 Tottenham-Swansea City,5.0,Sat,2017-09-16,17:30,Tottenham,1.5,0–0,0.2,Swansea City,65366.0,Wembley Stadium,Mike Dean,/en/matches/bca1fa26/Tottenham-Hotspur-Swansea-City-September-16-2017-Premier-League,,bca1fa26
ENG-Premier League,1718,2017-09-16 Watford-Manchester City,5.0,Sat,2017-09-16,15:00,Watford,0.5,0–6,3.6,Manchester City,20305.0,Vicarage Road Stadium,Anthony Taylor,/en/matches/f9dc0d8f/Watford-Manchester-City-September-16-2017-Premier-League,,f9dc0d8f
ENG-Premier League,1718,2017-09-16 West Brom-West Ham,5.0,Sat,2017-09-16,15:00,West Brom,0.6,0–0,0.3,West Ham,24942.0,The Hawthorns,Paul Tierney,/en/matches/e0e9e784/West-Bromwich-Albion-West-Ham-United-September-16-2017-Premier-League,,e0e9e784
ENG-Premier League,1718,2017-09-17 Chelsea-Arsenal,5.0,Sun,2017-09-17,13:30,Chelsea,0.8,0–0,1.4,Arsenal,41478.0,Stamford Bridge,Michael Oliver,/en/matches/b015cd93/North-West-London-Derby-Chelsea-Arsenal-September-17-2017-Premier-League,,b015cd93
ENG-Premier League,1718,2017-09-17 Manchester Utd-Everton,5.0,Sun,2017-09-17,16:00,Manchester Utd,3.5,4–0,0.8,Everton,75042.0,Old Trafford,Andre Marriner,/en/matches/94bab527/Manchester-United-Everton-September-17-2017-Premier-League,,94bab527
ENG-Premier League,1718,2017-09-17 nan-nan,,,2017-09-17,,,,,,,,,,,,
ENG-Premier League,1718,2017-09-23 Burnley-Huddersfield,6.0,Sat,2017-09-23,15:00,Burnley,0.5,0–0,0.3,Huddersfield,20759.0,Turf Moor,Chris Kavanagh,/en/matches/6481f3d3/Burnley-Huddersfield-Town-September-23-2017-Premier-League,,6481f3d3
ENG-Premier League,1718,2017-09-23 Everton-Bournemouth,6.0,Sat,2017-09-23,15:00,Everton,2.2,2–1,0.8,Bournemouth,38133.0,Goodison Park,Martin Atkinson,/en/matches/d255555f/Everton-Bournemouth-September-23-2017-Premier-League,,d255555f
ENG-Premier League,1718,2017-09-23 Leicester City-Liverpool,6.0,Sat,2017-09-23,17:30,Leicester City,3.0,2–3,1.9,Liverpool,32004.0,King Power Stadium,Anthony Taylor,/en/matches/4bdab275/Leicester-City-Liverpool-September-23-2017-Premier-League,,4bdab275
ENG-Premier League,1718,2017-09-23 Manchester City-Crystal Palace,6.0,Sat,2017-09-23,15:00,Manchester City,4.4,5–0,0.4,Crystal Palace,53526.0,Etihad Stadium,Niel Swarbrick,/en/matches/63496f6c/Manchester-City-Crystal-Palace-September-23-2017-Premier-League,,63496f6c
ENG-Premier League,1718,2017-09-23 Southampton-Manchester Utd,6.0,Sat,2017-09-23,15:00,Southampton,1.3,0–1,1.3,Manchester Utd,31930.0,St. Mary's Stadium,Craig Pawson,/en/matches/3af86414/Southampton-Manchester-United-September-23-2017-Premier-League,,3af86414
ENG-Premier League,1718,2017-09-23 Stoke City-Chelsea,6.0,Sat,2017-09-23,15:00,Stoke City,0.6,0–4,1.4,Chelsea,29661.0,Bet365 Stadium,Mike Dean,/en/matches/3d438a3e/Stoke-City-Chelsea-September-23-2017-Premier-League,,3d438a3e
ENG-Premier League,1718,2017-09-23 Swansea City-Watford,6.0,Sat,2017-09-23,15:00,Swansea City,1.2,1–2,1.7,Watford,20372.0,Liberty Stadium,Lee Mason,/en/matches/bb4b59af/Swansea-City-Watford-September-23-2017-Premier-League,,bb4b59af
ENG-Premier League,1718,2017-09-23 West Ham-Tottenham,6.0,Sat,2017-09-23,12:30,West Ham,0.9,2–3,1.5,Tottenham,56988.0,London Stadium,Michael Oliver,/en/matches/8c97796b/West-Ham-United-Tottenham-Hotspur-September-23-2017-Premier-League,,8c97796b
ENG-Premier League,1718,2017-09-24 Brighton-Newcastle Utd,6.0,Sun,2017-09-24,16:00,Brighton,1.0,1–0,1.3,Newcastle Utd,30468.0,The American Express Community Stadium,Andre Marriner,/en/matches/a7efd775/Brighton-and-Hove-Albion-Newcastle-United-September-24-2017-Premier-League,,a7efd775
ENG-Premier League,1718,2017-09-25 Arsenal-West Brom,6.0,Mon,2017-09-25,20:00,Arsenal,2.4,2–0,0.7,West Brom,59134.0,Emirates Stadium,Robert Madley,/en/matches/b46b6153/Arsenal-West-Bromwich-Albion-September-25-2017-Premier-League,,b46b6153
ENG-Premier League,1718,2017-09-25 nan-nan,,,2017-09-25,,,,,,,,,,,,
ENG-Premier League,1718,2017-09-30 Bournemouth-Leicester City,7.0,Sat,2017-09-30,15:00,Bournemouth,1.7,0–0,0.4,Leicester City,10444.0,Vitality Stadium,Graham Scott,/en/matches/c4ef65e4/Bournemouth-Leicester-City-September-30-2017-Premier-League,,c4ef65e4
ENG-Premier League,1718,2017-09-30 Chelsea-Manchester City,7.0,Sat,2017-09-30,17:30,Chelsea,0.3,0–1,1.1,Manchester City,41530.0,Stamford Bridge,Martin Atkinson,/en/matches/9ebfd27b/Chelsea-Manchester-City-September-30-2017-Premier-League,,9ebfd27b
ENG-Premier League,1718,2017-09-30 Huddersfield-Tottenham,7.0,Sat,2017-09-30,12:30,Huddersfield,0.2,0–4,2.0,Tottenham,24169.0,The John Smith's Stadium,Niel Swarbrick,/en/matches/f25c2561/Huddersfield-Town-Tottenham-Hotspur-September-30-2017-Premier-League,,f25c2561
ENG-Premier League,1718,2017-09-30 Manchester Utd-Crystal Palace,7.0,Sat,2017-09-30,15:00,Manchester Utd,2.7,4–0,0.3,Crystal Palace,75118.0,Old Trafford,Mike Dean,/en/matches/a720cc9e/Manchester-United-Crystal-Palace-September-30-2017-Premier-League,,a720cc9e
ENG-Premier League,1718,2017-09-30 Stoke City-Southampton,7.0,Sat,2017-09-30,15:00,Stoke City,2.5,2–1,1.9,Southampton,29285.0,Bet365 Stadium,Mike Jones,/en/matches/44cd18c0/Stoke-City-Southampton-September-30-2017-Premier-League,,44cd18c0
ENG-Premier League,1718,2017-09-30 West Brom-Watford,7.0,Sat,2017-09-30,15:00,West Brom,1.6,2–2,1.6,Watford,24606.0,The Hawthorns,Michael Oliver,/en/matches/d96be99d/West-Bromwich-Albion-Watford-September-30-2017-Premier-League,,d96be99d
ENG-Premier League,1718,2017-09-30 West Ham-Swansea City,7.0,Sat,2017-09-30,15:00,West Ham,0.9,1–0,0.2,Swansea City,56922.0,London Stadium,Roger East,/en/matches/6d059e4e/West-Ham-United-Swansea-City-September-30-2017-Premier-League,,6d059e4e
ENG-Premier League,1718,2017-10-01 Arsenal-Brighton,7.0,Sun,2017-10-01,12:00,Arsenal,3.0,2–0,0.4,Brighton,59378.0,Emirates Stadium,Kevin Friend,/en/matches/304dc26b/Arsenal-Brighton-and-Hove-Albion-October-1-2017-Premier-League,,304dc26b
ENG-Premier League,1718,2017-10-01 Everton-Burnley,7.0,Sun,2017-10-01,14:15,Everton,1.3,0–1,0.7,Burnley,38448.0,Goodison Park,Jonathan Moss,/en/matches/275000a3/Everton-Burnley-October-1-2017-Premier-League,,275000a3
ENG-Premier League,1718,2017-10-01 Newcastle Utd-Liverpool,7.0,Sun,2017-10-01,16:30,Newcastle Utd,0.7,1–1,1.7,Liverpool,52303.0,St. James' Park,Craig Pawson,/en/matches/b1b3ecb9/Newcastle-United-Liverpool-October-1-2017-Premier-League,,b1b3ecb9
ENG-Premier League,1718,2017-10-01 nan-nan,,,2017-10-01,,,,,,,,,,,,
ENG-Premier League,1718,2017-10-14 Burnley-West Ham,8.0,Sat,2017-10-14,15:00,Burnley,1.3,1–1,1.1,West Ham,20945.0,Turf Moor,Stuart Attwell,/en/matches/1cf63700/Burnley-West-Ham-United-October-14-2017-Premier-League,,1cf63700
ENG-Premier League,1718,2017-10-14 Crystal Palace-Chelsea,8.0,Sat,2017-10-14,15:00,Crystal Palace,1.5,2–1,1.0,Chelsea,25480.0,Selhurst Park,Andre Marriner,/en/matches/70d64db2/Crystal-Palace-Chelsea-October-14-2017-Premier-League,,70d64db2
ENG-Premier League,1718,2017-10-14 Liverpool-Manchester Utd,8.0,Sat,2017-10-14,12:30,Liverpool,1.6,0–0,0.3,Manchester Utd,52912.0,Anfield,Martin Atkinson,/en/matches/d7dce737/North-West-Derby-Liverpool-Manchester-United-October-14-2017-Premier-League,,d7dce737
ENG-Premier League,1718,2017-10-14 Manchester City-Stoke City,8.0,Sat,2017-10-14,15:00,Manchester City,3.9,7–2,0.7,Stoke City,54128.0,Etihad Stadium,Craig Pawson,/en/matches/f81f42ed/Manchester-City-Stoke-City-October-14-2017-Premier-League,,f81f42ed
ENG-Premier League,1718,2017-10-14 Swansea City-Huddersfield,8.0,Sat,2017-10-14,15:00,Swansea City,1.5,2–0,0.4,Huddersfield,20657.0,Liberty Stadium,Paul Tierney,/en/matches/dfe3c484/Swansea-City-Huddersfield-Town-October-14-2017-Premier-League,,dfe3c484
ENG-Premier League,1718,2017-10-14 Tottenham-Bournemouth,8.0,Sat,2017-10-14,15:00,Tottenham,2.4,1–0,0.4,Bournemouth,73502.0,Wembley Stadium,Robert Madley,/en/matches/0e98ac46/Tottenham-Hotspur-Bournemouth-October-14-2017-Premier-League,,0e98ac46
ENG-Premier League,1718,2017-10-14 Watford-Arsenal,8.0,Sat,2017-10-14,17:30,Watford,1.8,2–1,1.1,Arsenal,20384.0,Vicarage Road Stadium,Niel Swarbrick,/en/matches/f18931d9/Watford-Arsenal-October-14-2017-Premier-League,,f18931d9
ENG-Premier League,1718,2017-10-15 Brighton-Everton,8.0,Sun,2017-10-15,13:30,Brighton,1.1,1–1,1.5,Everton,30565.0,The American Express Community Stadium,Michael Oliver,/en/matches/1585521f/Brighton-and-Hove-Albion-Everton-October-15-2017-Premier-League,,1585521f
ENG-Premier League,1718,2017-10-15 Southampton-Newcastle Utd,8.0,Sun,2017-10-15,16:00,Southampton,1.7,2–2,1.0,Newcastle Utd,31437.0,St. Mary's Stadium,Kevin Friend,/en/matches/a479dc92/Southampton-Newcastle-United-October-15-2017-Premier-League,,a479dc92
ENG-Premier League,1718,2017-10-16 Leicester City-West Brom,8.0,Mon,2017-10-16,20:00,Leicester City,0.9,1–1,0.2,West Brom,30203.0,King Power Stadium,Mike Dean,/en/matches/199aafa3/Leicester-City-West-Bromwich-Albion-October-16-2017-Premier-League,,199aafa3
ENG-Premier League,1718,2017-10-16 nan-nan,,,2017-10-16,,,,,,,,,,,,
ENG-Premier League,1718,2017-10-20 West Ham-Brighton,9.0,Fri,2017-10-20,20:00,West Ham,0.6,0–3,1.4,Brighton,56977.0,London Stadium,Martin Atkinson,/en/matches/2f83e2ec/West-Ham-United-Brighton-and-Hove-Albion-October-20-2017-Premier-League,,2f83e2ec
ENG-Premier League,1718,2017-10-21 Chelsea-Watford,9.0,Sat,2017-10-21,12:30,Chelsea,1.5,4–2,2.2,Watford,41467.0,Stamford Bridge,Jonathan Moss,/en/matches/048d192d/Chelsea-Watford-October-21-2017-Premier-League,,048d192d
ENG-Premier League,1718,2017-10-21 Huddersfield-Manchester Utd,9.0,Sat,2017-10-21,15:00,Huddersfield,1.2,2–1,1.0,Manchester Utd,24426.0,The John Smith's Stadium,Lee Mason,/en/matches/155ed776/Huddersfield-Town-Manchester-United-October-21-2017-Premier-League,,155ed776
ENG-Premier League,1718,2017-10-21 Manchester City-Burnley,9.0,Sat,2017-10-21,15:00,Manchester City,2.9,3–0,0.3,Burnley,54118.0,Etihad Stadium,Roger East,/en/matches/11c702a4/Manchester-City-Burnley-October-21-2017-Premier-League,,11c702a4
ENG-Premier League,1718,2017-10-21 Newcastle Utd-Crystal Palace,9.0,Sat,2017-10-21,15:00,Newcastle Utd,0.3,1–0,0.6,Crystal Palace,52251.0,St. James' Park,Stuart Attwell,/en/matches/ab9171ec/Newcastle-United-Crystal-Palace-October-21-2017-Premier-League,,ab9171ec
ENG-Premier League,1718,2017-10-21 Southampton-West Brom,9.0,Sat,2017-10-21,17:30,Southampton,1.9,1–0,0.4,West Brom,29947.0,St. Mary's Stadium,Graham Scott,/en/matches/424a0e74/Southampton-West-Bromwich-Albion-October-21-2017-Premier-League,,424a0e74
ENG-Premier League,1718,2017-10-21 Stoke City-Bournemouth,9.0,Sat,2017-10-21,15:00,Stoke City,1.3,1–2,1.0,Bournemouth,29500.0,Bet365 Stadium,Lee Probert,/en/matches/7da1fc42/Stoke-City-Bournemouth-October-21-2017-Premier-League,,7da1fc42
ENG-Premier League,1718,2017-10-21 Swansea City-Leicester City,9.0,Sat,2017-10-21,15:00,Swansea City,0.9,1–2,1.7,Leicester City,20521.0,Liberty Stadium,Michael Oliver,/en/matches/78a41b8a/Swansea-City-Leicester-City-October-21-2017-Premier-League,,78a41b8a
ENG-Premier League,1718,2017-10-22 Everton-Arsenal,9.0,Sun,2017-10-22,13:30,Everton,1.3,2–5,2.8,Arsenal,39189.0,Goodison Park,Craig Pawson,/en/matches/73da64ff/Everton-Arsenal-October-22-2017-Premier-League,,73da64ff
ENG-Premier League,1718,2017-10-22 Tottenham-Liverpool,9.0,Sun,2017-10-22,16:00,Tottenham,1.8,4–1,0.6,Liverpool,80827.0,Wembley Stadium,Andre Marriner,/en/matches/b43525f5/Tottenham-Hotspur-Liverpool-October-22-2017-Premier-League,,b43525f5
ENG-Premier League,1718,2017-10-22 nan-nan,,,2017-10-22,,,,,,,,,,,,
ENG-Premier League,1718,2017-10-28 Arsenal-Swansea City,10.0,Sat,2017-10-28,15:00,Arsenal,1.6,2–1,0.6,Swansea City,59493.0,Emirates Stadium,Lee Mason,/en/matches/3424d0e6/Arsenal-Swansea-City-October-28-2017-Premier-League,,3424d0e6
ENG-Premier League,1718,2017-10-28 Bournemouth-Chelsea,10.0,Sat,2017-10-28,17:30,Bournemouth,0.7,0–1,1.9,Chelsea,10998.0,Vitality Stadium,Craig Pawson,/en/matches/6eb8787a/Bournemouth-Chelsea-October-28-2017-Premier-League,,6eb8787a
ENG-Premier League,1718,2017-10-28 Crystal Palace-West Ham,10.0,Sat,2017-10-28,15:00,Crystal Palace,2.7,2–2,0.9,West Ham,25242.0,Selhurst Park,Robert Madley,/en/matches/4ee00470/Crystal-Palace-West-Ham-United-October-28-2017-Premier-League,,4ee00470
ENG-Premier League,1718,2017-10-28 Liverpool-Huddersfield,10.0,Sat,2017-10-28,15:00,Liverpool,2.4,3–0,0.0,Huddersfield,53268.0,Anfield,Kevin Friend,/en/matches/9e2f900f/Liverpool-Huddersfield-Town-October-28-2017-Premier-League,,9e2f900f
ENG-Premier League,1718,2017-10-28 Manchester Utd-Tottenham,10.0,Sat,2017-10-28,12:30,Manchester Utd,0.8,1–0,1.0,Tottenham,75034.0,Old Trafford,Jonathan Moss,/en/matches/11f75bcb/Manchester-United-Tottenham-Hotspur-October-28-2017-Premier-League,,11f75bcb
ENG-Premier League,1718,2017-10-28 Watford-Stoke City,10.0,Sat,2017-10-28,15:00,Watford,1.1,0–1,0.7,Stoke City,20087.0,Vicarage Road Stadium,Michael Oliver,/en/matches/7834b95f/Watford-Stoke-City-October-28-2017-Premier-League,,7834b95f
ENG-Premier League,1718,2017-10-28 West Brom-Manchester City,10.0,Sat,2017-10-28,15:00,West Brom,1.1,2–3,2.6,Manchester City,24003.0,The Hawthorns,Mike Jones,/en/matches/fdbbce69/West-Bromwich-Albion-Manchester-City-October-28-2017-Premier-League,,fdbbce69
ENG-Premier League,1718,2017-10-29 Brighton-Southampton,10.0,Sun,2017-10-29,13:30,Brighton,0.9,1–1,0.5,Southampton,30564.0,The American Express Community Stadium,Niel Swarbrick,/en/matches/864d3ffd/Brighton-and-Hove-Albion-Southampton-October-29-2017-Premier-League,,864d3ffd
ENG-Premier League,1718,2017-10-29 Leicester City-Everton,10.0,Sun,2017-10-29,16:00,Leicester City,1.6,2–0,0.4,Everton,31891.0,King Power Stadium,Andre Marriner,/en/matches/f6cf8af5/Leicester-City-Everton-October-29-2017-Premier-League,,f6cf8af5
ENG-Premier League,1718,2017-10-30 Burnley-Newcastle Utd,10.0,Mon,2017-10-30,20:00,Burnley,0.8,1–0,0.5,Newcastle Utd,21031.0,Turf Moor,Mike Dean,/en/matches/d41003f2/Burnley-Newcastle-United-October-30-2017-Premier-League,,d41003f2
ENG-Premier League,1718,2017-10-30 nan-nan,,,2017-10-30,,,,,,,,,,,,
ENG-Premier League,1718,2017-11-04 Huddersfield-West Brom,11.0,Sat,2017-11-04,15:00,Huddersfield,0.3,1–0,0.5,West Brom,24169.0,The John Smith's Stadium,Roger East,/en/matches/b2cc19bf/Huddersfield-Town-West-Bromwich-Albion-November-4-2017-Premier-League,,b2cc19bf
ENG-Premier League,1718,2017-11-04 Newcastle Utd-Bournemouth,11.0,Sat,2017-11-04,15:00,Newcastle Utd,1.2,0–1,1.8,Bournemouth,52237.0,St. James' Park,Paul Tierney,/en/matches/b2dc70f2/Newcastle-United-Bournemouth-November-4-2017-Premier-League,,b2dc70f2
ENG-Premier League,1718,2017-11-04 Southampton-Burnley,11.0,Sat,2017-11-04,15:00,Southampton,1.1,0–1,0.2,Burnley,30491.0,St. Mary's Stadium,Lee Probert,/en/matches/2849b3bf/Southampton-Burnley-November-4-2017-Premier-League,,2849b3bf
ENG-Premier League,1718,2017-11-04 Stoke City-Leicester City,11.0,Sat,2017-11-04,12:30,Stoke City,0.9,2–2,1.4,Leicester City,29602.0,Bet365 Stadium,Robert Madley,/en/matches/3cefdf58/Stoke-City-Leicester-City-November-4-2017-Premier-League,,3cefdf58
ENG-Premier League,1718,2017-11-04 Swansea City-Brighton,11.0,Sat,2017-11-04,15:00,Swansea City,1.5,0–1,0.7,Brighton,20822.0,Liberty Stadium,Mike Dean,/en/matches/4282f27d/Swansea-City-Brighton-and-Hove-Albion-November-4-2017-Premier-League,,4282f27d
ENG-Premier League,1718,2017-11-04 West Ham-Liverpool,11.0,Sat,2017-11-04,17:30,West Ham,1.2,1–4,2.0,Liverpool,56961.0,London Stadium,Niel Swarbrick,/en/matches/172202bc/West-Ham-United-Liverpool-November-4-2017-Premier-League,,172202bc
ENG-Premier League,1718,2017-11-05 Chelsea-Manchester Utd,11.0,Sun,2017-11-05,16:30,Chelsea,1.4,1–0,0.8,Manchester Utd,41615.0,Stamford Bridge,Anthony Taylor,/en/matches/70104ce7/Chelsea-Manchester-United-November-5-2017-Premier-League,,70104ce7
ENG-Premier League,1718,2017-11-05 Everton-Watford,11.0,Sun,2017-11-05,16:30,Everton,2.3,3–2,1.9,Watford,38609.0,Goodison Park,Graham Scott,/en/matches/113bc344/Everton-Watford-November-5-2017-Premier-League,,113bc344
ENG-Premier League,1718,2017-11-05 Manchester City-Arsenal,11.0,Sun,2017-11-05,14:15,Manchester City,2.0,3–1,0.4,Arsenal,54286.0,Etihad Stadium,Michael Oliver,/en/matches/03da14dd/Manchester-City-Arsenal-November-5-2017-Premier-League,,03da14dd
ENG-Premier League,1718,2017-11-05 Tottenham-Crystal Palace,11.0,Sun,2017-11-05,12:00,Tottenham,0.9,1–0,1.0,Crystal Palace,65270.0,Wembley Stadium,Kevin Friend,/en/matches/c91bcebc/Tottenham-Hotspur-Crystal-Palace-November-5-2017-Premier-League,,c91bcebc
ENG-Premier League,1718,2017-11-05 nan-nan,,,2017-11-05,,,,,,,,,,,,
ENG-Premier League,1718,2017-11-18 Arsenal-Tottenham,12.0,Sat,2017-11-18,12:30,Arsenal,1.4,2–0,1.4,Tottenham,59530.0,Emirates Stadium,Mike Dean,/en/matches/ae345878/North-London-Derby-Arsenal-Tottenham-Hotspur-November-18-2017-Premier-League,,ae345878
ENG-Premier League,1718,2017-11-18 Bournemouth-Huddersfield,12.0,Sat,2017-11-18,15:00,Bournemouth,1.3,4–0,1.3,Huddersfield,10879.0,Vitality Stadium,Lee Probert,/en/matches/5e8ab70a/Bournemouth-Huddersfield-Town-November-18-2017-Premier-League,,5e8ab70a
ENG-Premier League,1718,2017-11-18 Burnley-Swansea City,12.0,Sat,2017-11-18,15:00,Burnley,1.6,2–0,0.7,Swansea City,18895.0,Turf Moor,Martin Atkinson,/en/matches/807a3956/Burnley-Swansea-City-November-18-2017-Premier-League,,807a3956
ENG-Premier League,1718,2017-11-18 Crystal Palace-Everton,12.0,Sat,2017-11-18,15:00,Crystal Palace,1.9,2–2,2.1,Everton,25526.0,Selhurst Park,Anthony Taylor,/en/matches/a96b0eaa/Crystal-Palace-Everton-November-18-2017-Premier-League,,a96b0eaa
ENG-Premier League,1718,2017-11-18 Leicester City-Manchester City,12.0,Sat,2017-11-18,15:00,Leicester City,0.2,0–2,2.0,Manchester City,31908.0,King Power Stadium,Graham Scott,/en/matches/fd125d0b/Leicester-City-Manchester-City-November-18-2017-Premier-League,,fd125d0b
ENG-Premier League,1718,2017-11-18 Liverpool-Southampton,12.0,Sat,2017-11-18,15:00,Liverpool,2.0,3–0,0.5,Southampton,53256.0,Anfield,Mike Jones,/en/matches/78df644e/Liverpool-Southampton-November-18-2017-Premier-League,,78df644e
ENG-Premier League,1718,2017-11-18 Manchester Utd-Newcastle Utd,12.0,Sat,2017-11-18,17:30,Manchester Utd,3.2,4–1,0.9,Newcastle Utd,75035.0,Old Trafford,Craig Pawson,/en/matches/a624cbc4/Manchester-United-Newcastle-United-November-18-2017-Premier-League,,a624cbc4
ENG-Premier League,1718,2017-11-18 West Brom-Chelsea,12.0,Sat,2017-11-18,15:00,West Brom,0.7,0–4,2.4,Chelsea,23592.0,The Hawthorns,Jonathan Moss,/en/matches/499d50ec/West-Bromwich-Albion-Chelsea-November-18-2017-Premier-League,,499d50ec
ENG-Premier League,1718,2017-11-19 Watford-West Ham,12.0,Sun,2017-11-19,16:00,Watford,1.3,2–0,1.6,West Ham,20018.0,Vicarage Road Stadium,Andre Marriner,/en/matches/236c48b6/Watford-West-Ham-United-November-19-2017-Premier-League,,236c48b6
ENG-Premier League,1718,2017-11-20 Brighton-Stoke City,12.0,Mon,2017-11-20,20:00,Brighton,0.5,2–2,1.4,Stoke City,29676.0,The American Express Community Stadium,Lee Mason,/en/matches/77995c06/Brighton-and-Hove-Albion-Stoke-City-November-20-2017-Premier-League,,77995c06
ENG-Premier League,1718,2017-11-20 nan-nan,,,2017-11-20,,,,,,,,,,,,
ENG-Premier League,1718,2017-11-24 West Ham-Leicester City,13.0,Fri,2017-11-24,20:00,West Ham,0.6,1–1,0.5,Leicester City,56897.0,London Stadium,Martin Atkinson,/en/matches/3ac99526/West-Ham-United-Leicester-City-November-24-2017-Premier-League,,3ac99526
ENG-Premier League,1718,2017-11-25 Crystal Palace-Stoke City,13.0,Sat,2017-11-25,15:00,Crystal Palace,2.2,2–1,1.5,Stoke City,23723.0,Selhurst Park,Mike Dean,/en/matches/d6d1f3dc/Crystal-Palace-Stoke-City-November-25-2017-Premier-League,,d6d1f3dc
ENG-Premier League,1718,2017-11-25 Liverpool-Chelsea,13.0,Sat,2017-11-25,17:30,Liverpool,1.2,1–1,0.6,Chelsea,53225.0,Anfield,Michael Oliver,/en/matches/aa480195/Liverpool-Chelsea-November-25-2017-Premier-League,,aa480195
ENG-Premier League,1718,2017-11-25 Manchester Utd-Brighton,13.0,Sat,2017-11-25,15:00,Manchester Utd,1.1,1–0,0.5,Brighton,75018.0,Old Trafford,Niel Swarbrick,/en/matches/8d061522/Manchester-United-Brighton-and-Hove-Albion-November-25-2017-Premier-League,,8d061522
ENG-Premier League,1718,2017-11-25 Newcastle Utd-Watford,13.0,Sat,2017-11-25,15:00,Newcastle Utd,1.4,0–3,2.3,Watford,52188.0,St. James' Park,Chris Kavanagh,/en/matches/dfc83a02/Newcastle-United-Watford-November-25-2017-Premier-League,,dfc83a02
ENG-Premier League,1718,2017-11-25 Swansea City-Bournemouth,13.0,Sat,2017-11-25,15:00,Swansea City,0.7,0–0,0.5,Bournemouth,20228.0,Liberty Stadium,Stuart Attwell,/en/matches/bc90e5b8/Swansea-City-Bournemouth-November-25-2017-Premier-League,,bc90e5b8
ENG-Premier League,1718,2017-11-25 Tottenham-West Brom,13.0,Sat,2017-11-25,15:00,Tottenham,1.6,1–1,0.7,West Brom,65905.0,Wembley Stadium,Mike Jones,/en/matches/0ea2d13d/Tottenham-Hotspur-West-Bromwich-Albion-November-25-2017-Premier-League,,0ea2d13d
ENG-Premier League,1718,2017-11-26 Burnley-Arsenal,13.0,Sun,2017-11-26,14:00,Burnley,0.4,0–1,1.8,Arsenal,21722.0,Turf Moor,Lee Mason,/en/matches/0ad47126/Burnley-Arsenal-November-26-2017-Premier-League,,0ad47126
ENG-Premier League,1718,2017-11-26 Huddersfield-Manchester City,13.0,Sun,2017-11-26,16:00,Huddersfield,0.4,1–2,2.1,Manchester City,24121.0,The John Smith's Stadium,Craig Pawson,/en/matches/c150919a/Huddersfield-Town-Manchester-City-November-26-2017-Premier-League,,c150919a
ENG-Premier League,1718,2017-11-26 Southampton-Everton,13.0,Sun,2017-11-26,13:30,Southampton,1.9,4–1,0.2,Everton,30461.0,St. Mary's Stadium,Kevin Friend,/en/matches/24bc9343/Southampton-Everton-November-26-2017-Premier-League,,24bc9343
ENG-Premier League,1718,2017-11-26 nan-nan,,,2017-11-26,,,,,,,,,,,,
ENG-Premier League,1718,2017-11-28 Brighton-Crystal Palace,14.0,Tue,2017-11-28,19:45,Brighton,0.4,0–0,0.8,Crystal Palace,29889.0,The American Express Community Stadium,Andre Marriner,/en/matches/2b611e0f/Brighton-and-Hove-Albion-Crystal-Palace-November-28-2017-Premier-League,,2b611e0f
ENG-Premier League,1718,2017-11-28 Leicester City-Tottenham,14.0,Tue,2017-11-28,19:45,Leicester City,0.6,2–1,2.6,Tottenham,31950.0,King Power Stadium,Anthony Taylor,/en/matches/49a854c5/Leicester-City-Tottenham-Hotspur-November-28-2017-Premier-League,,49a854c5
ENG-Premier League,1718,2017-11-28 Watford-Manchester Utd,14.0,Tue,2017-11-28,20:00,Watford,1.4,2–4,1.6,Manchester Utd,20552.0,Vicarage Road Stadium,Jonathan Moss,/en/matches/1a4b3369/Watford-Manchester-United-November-28-2017-Premier-League,,1a4b3369
ENG-Premier League,1718,2017-11-28 West Brom-Newcastle Utd,14.0,Tue,2017-11-28,20:00,West Brom,1.5,2–2,0.8,Newcastle Utd,25534.0,The Hawthorns,Lee Probert,/en/matches/c9a6291f/West-Bromwich-Albion-Newcastle-United-November-28-2017-Premier-League,,c9a6291f
ENG-Premier League,1718,2017-11-29 Arsenal-Huddersfield,14.0,Wed,2017-11-29,19:45,Arsenal,4.5,5–0,0.8,Huddersfield,59285.0,Emirates Stadium,Graham Scott,/en/matches/5765760d/Arsenal-Huddersfield-Town-November-29-2017-Premier-League,,5765760d
ENG-Premier League,1718,2017-11-29 Bournemouth-Burnley,14.0,Wed,2017-11-29,19:45,Bournemouth,0.8,1–2,1.6,Burnley,10302.0,Vitality Stadium,Roger East,/en/matches/0f0e0f7f/Bournemouth-Burnley-November-29-2017-Premier-League,,0f0e0f7f
ENG-Premier League,1718,2017-11-29 Chelsea-Swansea City,14.0,Wed,2017-11-29,19:45,Chelsea,1.6,1–0,0.0,Swansea City,41365.0,Stamford Bridge,Niel Swarbrick,/en/matches/0d60e1e4/Chelsea-Swansea-City-November-29-2017-Premier-League,,0d60e1e4
ENG-Premier League,1718,2017-11-29 Everton-West Ham,14.0,Wed,2017-11-29,20:00,Everton,1.8,4–0,1.0,West Ham,38242.0,Goodison Park,Michael Oliver,/en/matches/a302fbdd/Everton-West-Ham-United-November-29-2017-Premier-League,,a302fbdd
ENG-Premier League,1718,2017-11-29 Manchester City-Southampton,14.0,Wed,2017-11-29,20:00,Manchester City,1.9,2–1,1.0,Southampton,53407.0,Etihad Stadium,Paul Tierney,/en/matches/cb554100/Manchester-City-Southampton-November-29-2017-Premier-League,,cb554100
ENG-Premier League,1718,2017-11-29 Stoke City-Liverpool,14.0,Wed,2017-11-29,20:00,Stoke City,0.6,0–3,1.9,Liverpool,29423.0,Bet365 Stadium,Martin Atkinson,/en/matches/21c13e13/Stoke-City-Liverpool-November-29-2017-Premier-League,,21c13e13
ENG-Premier League,1718,2017-11-29 nan-nan,,,2017-11-29,,,,,,,,,,,,
ENG-Premier League,1718,2017-12-02 Arsenal-Manchester Utd,15.0,Sat,2017-12-02,17:30,Arsenal,3.8,1–3,2.4,Manchester Utd,59547.0,Emirates Stadium,Andre Marriner,/en/matches/baa538cc/Arsenal-Manchester-United-December-2-2017-Premier-League,,baa538cc
ENG-Premier League,1718,2017-12-02 Brighton-Liverpool,15.0,Sat,2017-12-02,15:00,Brighton,1.7,1–5,1.6,Liverpool,30634.0,The American Express Community Stadium,Graham Scott,/en/matches/92a410a2/Brighton-and-Hove-Albion-Liverpool-December-2-2017-Premier-League,,92a410a2
ENG-Premier League,1718,2017-12-02 Chelsea-Newcastle Utd,15.0,Sat,2017-12-02,12:30,Chelsea,3.5,3–1,0.5,Newcastle Utd,41538.0,Stamford Bridge,Kevin Friend,/en/matches/66efb2b9/Chelsea-Newcastle-United-December-2-2017-Premier-League,,66efb2b9
ENG-Premier League,1718,2017-12-02 Everton-Huddersfield,15.0,Sat,2017-12-02,15:00,Everton,1.2,2–0,0.5,Huddersfield,39167.0,Goodison Park,Chris Kavanagh,/en/matches/cfc62400/Everton-Huddersfield-Town-December-2-2017-Premier-League,,cfc62400
ENG-Premier League,1718,2017-12-02 Leicester City-Burnley,15.0,Sat,2017-12-02,15:00,Leicester City,1.3,1–0,0.8,Burnley,30714.0,King Power Stadium,Paul Tierney,/en/matches/fbda6872/Leicester-City-Burnley-December-2-2017-Premier-League,,fbda6872
ENG-Premier League,1718,2017-12-02 Stoke City-Swansea City,15.0,Sat,2017-12-02,15:00,Stoke City,1.2,2–1,0.3,Swansea City,28261.0,Bet365 Stadium,Craig Pawson,/en/matches/83bc0290/Stoke-City-Swansea-City-December-2-2017-Premier-League,,83bc0290
ENG-Premier League,1718,2017-12-02 Watford-Tottenham,15.0,Sat,2017-12-02,15:00,Watford,0.3,1–1,1.1,Tottenham,20278.0,Vicarage Road Stadium,Martin Atkinson,/en/matches/0dbc6a97/Watford-Tottenham-Hotspur-December-2-2017-Premier-League,,0dbc6a97
ENG-Premier League,1718,2017-12-02 West Brom-Crystal Palace,15.0,Sat,2017-12-02,15:00,West Brom,1.7,0–0,0.6,Crystal Palace,23531.0,The Hawthorns,Michael Oliver,/en/matches/4a14eedc/West-Bromwich-Albion-Crystal-Palace-December-2-2017-Premier-League,,4a14eedc
ENG-Premier League,1718,2017-12-03 Bournemouth-Southampton,15.0,Sun,2017-12-03,13:30,Bournemouth,1.6,1–1,1.2,Southampton,10764.0,Vitality Stadium,Jonathan Moss,/en/matches/3a114119/Bournemouth-Southampton-December-3-2017-Premier-League,,3a114119
ENG-Premier League,1718,2017-12-03 Manchester City-West Ham,15.0,Sun,2017-12-03,16:00,Manchester City,2.5,2–1,0.7,West Ham,54203.0,Etihad Stadium,Mike Dean,/en/matches/7c65617e/Manchester-City-West-Ham-United-December-3-2017-Premier-League,,7c65617e
ENG-Premier League,1718,2017-12-03 nan-nan,,,2017-12-03,,,,,,,,,,,,
ENG-Premier League,1718,2017-12-09 Burnley-Watford,16.0,Sat,2017-12-09,15:00,Burnley,1.0,1–0,1.0,Watford,19479.0,Turf Moor,Lee Probert,/en/matches/db3b2aca/Burnley-Watford-December-9-2017-Premier-League,,db3b2aca
ENG-Premier League,1718,2017-12-09 Crystal Palace-Bournemouth,16.0,Sat,2017-12-09,15:00,Crystal Palace,5.2,2–2,1.1,Bournemouth,24823.0,Selhurst Park,Kevin Friend,/en/matches/4aa97fef/Crystal-Palace-Bournemouth-December-9-2017-Premier-League,,4aa97fef
ENG-Premier League,1718,2017-12-09 Huddersfield-Brighton,16.0,Sat,2017-12-09,15:00,Huddersfield,2.0,2–0,0.3,Brighton,24018.0,The John Smith's Stadium,Stuart Attwell,/en/matches/1e0cec3d/Huddersfield-Town-Brighton-and-Hove-Albion-December-9-2017-Premier-League,,1e0cec3d
ENG-Premier League,1718,2017-12-09 Newcastle Utd-Leicester City,16.0,Sat,2017-12-09,17:30,Newcastle Utd,1.1,2–3,0.8,Leicester City,52117.0,St. James' Park,Niel Swarbrick,/en/matches/14f71230/Newcastle-United-Leicester-City-December-9-2017-Premier-League,,14f71230
ENG-Premier League,1718,2017-12-09 Swansea City-West Brom,16.0,Sat,2017-12-09,15:00,Swansea City,1.5,1–0,0.3,West Brom,19580.0,Liberty Stadium,Mike Dean,/en/matches/dbcf5536/Swansea-City-West-Bromwich-Albion-December-9-2017-Premier-League,,dbcf5536
ENG-Premier League,1718,2017-12-09 Tottenham-Stoke City,16.0,Sat,2017-12-09,15:00,Tottenham,3.4,5–1,0.6,Stoke City,62202.0,Wembley Stadium,Roger East,/en/matches/a91a2bf3/Tottenham-Hotspur-Stoke-City-December-9-2017-Premier-League,,a91a2bf3
ENG-Premier League,1718,2017-12-09 West Ham-Chelsea,16.0,Sat,2017-12-09,12:30,West Ham,0.2,1–0,1.3,Chelsea,56953.0,London Stadium,Anthony Taylor,/en/matches/efda9b14/West-Ham-United-Chelsea-December-9-2017-Premier-League,,efda9b14
ENG-Premier League,1718,2017-12-10 Liverpool-Everton,16.0,Sun,2017-12-10,14:15,Liverpool,1.4,1–1,0.8,Everton,53082.0,Anfield,Craig Pawson,/en/matches/347ec791/Merseyside-Derby-Liverpool-Everton-December-10-2017-Premier-League,,347ec791
ENG-Premier League,1718,2017-12-10 Manchester Utd-Manchester City,16.0,Sun,2017-12-10,16:30,Manchester Utd,1.1,1–2,2.1,Manchester City,74847.0,Old Trafford,Michael Oliver,/en/matches/52419e39/Manchester-Derby-Manchester-United-Manchester-City-December-10-2017-Premier-League,,52419e39
ENG-Premier League,1718,2017-12-10 Southampton-Arsenal,16.0,Sun,2017-12-10,12:00,Southampton,1.5,1–1,0.8,Arsenal,31643.0,St. Mary's Stadium,Robert Madley,/en/matches/8a233cbd/Southampton-Arsenal-December-10-2017-Premier-League,,8a233cbd
ENG-Premier League,1718,2017-12-10 nan-nan,,,2017-12-10,,,,,,,,,,,,
ENG-Premier League,1718,2017-12-12 Burnley-Stoke City,17.0,Tue,2017-12-12,19:45,Burnley,0.3,1–0,0.8,Stoke City,19909.0,Turf Moor,Mike Jones,/en/matches/8ff402f4/Burnley-Stoke-City-December-12-2017-Premier-League,,8ff402f4
ENG-Premier League,1718,2017-12-12 Crystal Palace-Watford,17.0,Tue,2017-12-12,20:00,Crystal Palace,1.4,2–1,1.4,Watford,23566.0,Selhurst Park,Lee Mason,/en/matches/099b2800/Crystal-Palace-Watford-December-12-2017-Premier-League,,099b2800
ENG-Premier League,1718,2017-12-12 Huddersfield-Chelsea,17.0,Tue,2017-12-12,20:00,Huddersfield,0.4,1–3,1.8,Chelsea,24169.0,The John Smith's Stadium,Andre Marriner,/en/matches/6e0cc46e/Huddersfield-Town-Chelsea-December-12-2017-Premier-League,,6e0cc46e
ENG-Premier League,1718,2017-12-13 Liverpool-West Brom,17.0,Wed,2017-12-13,20:00,Liverpool,1.5,0–0,0.3,West Brom,53243.0,Anfield,Paul Tierney,/en/matches/1b7ef0bf/Liverpool-West-Bromwich-Albion-December-13-2017-Premier-League,,1b7ef0bf
ENG-Premier League,1718,2017-12-13 Manchester Utd-Bournemouth,17.0,Wed,2017-12-13,20:00,Manchester Utd,1.0,1–0,0.9,Bournemouth,74798.0,Old Trafford,Graham Scott,/en/matches/eaf5939d/Manchester-United-Bournemouth-December-13-2017-Premier-League,,eaf5939d
ENG-Premier League,1718,2017-12-13 Newcastle Utd-Everton,17.0,Wed,2017-12-13,19:45,Newcastle Utd,0.9,0–1,1.0,Everton,51042.0,St. James' Park,Martin Atkinson,/en/matches/73b5607f/Newcastle-United-Everton-December-13-2017-Premier-League,,73b5607f
ENG-Premier League,1718,2017-12-13 Southampton-Leicester City,17.0,Wed,2017-12-13,19:45,Southampton,1.4,1–4,1.8,Leicester City,27714.0,St. Mary's Stadium,Chris Kavanagh,/en/matches/d4cf1115/Southampton-Leicester-City-December-13-2017-Premier-League,,d4cf1115
ENG-Premier League,1718,2017-12-13 Swansea City-Manchester City,17.0,Wed,2017-12-13,19:45,Swansea City,0.4,0–4,2.8,Manchester City,20870.0,Liberty Stadium,Anthony Taylor,/en/matches/f7ddcac0/Swansea-City-Manchester-City-December-13-2017-Premier-League,,f7ddcac0
ENG-Premier League,1718,2017-12-13 Tottenham-Brighton,17.0,Wed,2017-12-13,20:00,Tottenham,1.8,2–0,0.6,Brighton,46438.0,Wembley Stadium,Robert Madley,/en/matches/8ca205ce/Tottenham-Hotspur-Brighton-and-Hove-Albion-December-13-2017-Premier-League,,8ca205ce
ENG-Premier League,1718,2017-12-13 West Ham-Arsenal,17.0,Wed,2017-12-13,20:00,West Ham,0.6,0–0,1.2,Arsenal,56921.0,London Stadium,Jonathan Moss,/en/matches/2f10aa8f/West-Ham-United-Arsenal-December-13-2017-Premier-League,,2f10aa8f
ENG-Premier League,1718,2017-12-13 nan-nan,,,2017-12-13,,,,,,,,,,,,
ENG-Premier League,1718,2017-12-16 Arsenal-Newcastle Utd,18.0,Sat,2017-12-16,15:00,Arsenal,1.8,1–0,0.4,Newcastle Utd,59379.0,Emirates Stadium,Stuart Attwell,/en/matches/2d7430b9/Arsenal-Newcastle-United-December-16-2017-Premier-League,,2d7430b9
ENG-Premier League,1718,2017-12-16 Brighton-Burnley,18.0,Sat,2017-12-16,15:00,Brighton,1.4,0–0,1.6,Burnley,29921.0,The American Express Community Stadium,Chris Kavanagh,/en/matches/4365b452/Brighton-and-Hove-Albion-Burnley-December-16-2017-Premier-League,,4365b452
ENG-Premier League,1718,2017-12-16 Chelsea-Southampton,18.0,Sat,2017-12-16,15:00,Chelsea,1.4,1–0,0.6,Southampton,41562.0,Stamford Bridge,Roger East,/en/matches/cd98063b/Chelsea-Southampton-December-16-2017-Premier-League,,cd98063b
ENG-Premier League,1718,2017-12-16 Leicester City-Crystal Palace,18.0,Sat,2017-12-16,12:30,Leicester City,0.6,0–3,1.7,Crystal Palace,31081.0,King Power Stadium,Martin Atkinson,/en/matches/029fd911/Leicester-City-Crystal-Palace-December-16-2017-Premier-League,,029fd911
ENG-Premier League,1718,2017-12-16 Manchester City-Tottenham,18.0,Sat,2017-12-16,17:30,Manchester City,4.4,4–1,0.3,Tottenham,54214.0,Etihad Stadium,Craig Pawson,/en/matches/6b423cc3/Manchester-City-Tottenham-Hotspur-December-16-2017-Premier-League,,6b423cc3
ENG-Premier League,1718,2017-12-16 Stoke City-West Ham,18.0,Sat,2017-12-16,16:00,Stoke City,1.2,0–3,3.1,West Ham,29265.0,Bet365 Stadium,Graham Scott,/en/matches/17329e19/Stoke-City-West-Ham-United-December-16-2017-Premier-League,,17329e19
ENG-Premier League,1718,2017-12-16 Watford-Huddersfield,18.0,Sat,2017-12-16,15:00,Watford,0.8,1–4,4.0,Huddersfield,20026.0,Vicarage Road Stadium,Michael Oliver,/en/matches/178a7528/Watford-Huddersfield-Town-December-16-2017-Premier-League,,178a7528
ENG-Premier League,1718,2017-12-17 Bournemouth-Liverpool,18.0,Sun,2017-12-17,16:30,Bournemouth,0.8,0–4,2.2,Liverpool,10780.0,Vitality Stadium,Andre Marriner,/en/matches/790f1ce3/Bournemouth-Liverpool-December-17-2017-Premier-League,,790f1ce3
ENG-Premier League,1718,2017-12-17 West Brom-Manchester Utd,18.0,Sun,2017-12-17,14:15,West Brom,1.3,1–2,0.7,Manchester Utd,24782.0,The Hawthorns,Anthony Taylor,/en/matches/097569a9/West-Bromwich-Albion-Manchester-United-December-17-2017-Premier-League,,097569a9
ENG-Premier League,1718,2017-12-18 Everton-Swansea City,18.0,Mon,2017-12-18,20:00,Everton,2.2,3–1,0.6,Swansea City,37580.0,Goodison Park,Jonathan Moss,/en/matches/34b9d0ea/Everton-Swansea-City-December-18-2017-Premier-League,,34b9d0ea
ENG-Premier League,1718,2017-12-18 nan-nan,,,2017-12-18,,,,,,,,,,,,
ENG-Premier League,1718,2017-12-22 Arsenal-Liverpool,19.0,Fri,2017-12-22,19:45,Arsenal,1.1,3–3,2.1,Liverpool,59409.0,Emirates Stadium,Martin Atkinson,/en/matches/12c55371/Arsenal-Liverpool-December-22-2017-Premier-League,,12c55371
ENG-Premier League,1718,2017-12-23 Brighton-Watford,19.0,Sat,2017-12-23,15:00,Brighton,1.5,1–0,1.0,Watford,30473.0,The American Express Community Stadium,Paul Tierney,/en/matches/409da328/Brighton-and-Hove-Albion-Watford-December-23-2017-Premier-League,,409da328
ENG-Premier League,1718,2017-12-23 Burnley-Tottenham,19.0,Sat,2017-12-23,17:30,Burnley,0.3,0–3,3.9,Tottenham,21650.0,Turf Moor,Michael Oliver,/en/matches/c82015ec/Burnley-Tottenham-Hotspur-December-23-2017-Premier-League,,c82015ec
ENG-Premier League,1718,2017-12-23 Everton-Chelsea,19.0,Sat,2017-12-23,12:30,Everton,0.3,0–0,1.8,Chelsea,39191.0,Goodison Park,Robert Madley,/en/matches/317b694e/Everton-Chelsea-December-23-2017-Premier-League,,317b694e
ENG-Premier League,1718,2017-12-23 Leicester City-Manchester Utd,19.0,Sat,2017-12-23,19:45,Leicester City,1.3,2–2,1.8,Manchester Utd,32202.0,King Power Stadium,Jonathan Moss,/en/matches/1913bdd6/Leicester-City-Manchester-United-December-23-2017-Premier-League,,1913bdd6
ENG-Premier League,1718,2017-12-23 Manchester City-Bournemouth,19.0,Sat,2017-12-23,15:00,Manchester City,1.8,4–0,0.5,Bournemouth,54270.0,Etihad Stadium,Mike Jones,/en/matches/8b61dc89/Manchester-City-Bournemouth-December-23-2017-Premier-League,,8b61dc89
ENG-Premier League,1718,2017-12-23 Southampton-Huddersfield,19.0,Sat,2017-12-23,15:00,Southampton,1.4,1–1,1.0,Huddersfield,29675.0,St. Mary's Stadium,Lee Probert,/en/matches/6ea3edf9/Southampton-Huddersfield-Town-December-23-2017-Premier-League,,6ea3edf9
ENG-Premier League,1718,2017-12-23 Stoke City-West Brom,19.0,Sat,2017-12-23,15:00,Stoke City,1.9,3–1,1.4,West Brom,29057.0,Bet365 Stadium,Niel Swarbrick,/en/matches/07776252/Stoke-City-West-Bromwich-Albion-December-23-2017-Premier-League,,07776252
ENG-Premier League,1718,2017-12-23 Swansea City-Crystal Palace,19.0,Sat,2017-12-23,15:00,Swansea City,0.4,1–1,1.3,Crystal Palace,20354.0,Liberty Stadium,Craig Pawson,/en/matches/49d4cefb/Swansea-City-Crystal-Palace-December-23-2017-Premier-League,,49d4cefb
ENG-Premier League,1718,2017-12-23 West Ham-Newcastle Utd,19.0,Sat,2017-12-23,15:00,West Ham,2.3,2–3,1.6,Newcastle Utd,56955.0,London Stadium,Lee Mason,/en/matches/f30add1b/West-Ham-United-Newcastle-United-December-23-2017-Premier-League,,f30add1b
ENG-Premier League,1718,2017-12-23 nan-nan,,,2017-12-23,,,,,,,,,,,,
ENG-Premier League,1718,2017-12-26 Bournemouth-West Ham,20.0,Tue,2017-12-26,15:00,Bournemouth,3.6,3–3,2.2,West Ham,10596.0,Vitality Stadium,Stuart Attwell,/en/matches/0abc466b/Bournemouth-West-Ham-United-December-26-2017-Premier-League,,0abc466b
ENG-Premier League,1718,2017-12-26 Chelsea-Brighton,20.0,Tue,2017-12-26,15:00,Chelsea,2.2,2–0,0.3,Brighton,41568.0,Stamford Bridge,Mike Dean,/en/matches/d187fd93/Chelsea-Brighton-and-Hove-Albion-December-26-2017-Premier-League,,d187fd93
ENG-Premier League,1718,2017-12-26 Huddersfield-Stoke City,20.0,Tue,2017-12-26,15:00,Huddersfield,1.9,1–1,1.8,Stoke City,24047.0,The John Smith's Stadium,Anthony Taylor,/en/matches/c892dd25/Huddersfield-Town-Stoke-City-December-26-2017-Premier-League,,c892dd25
ENG-Premier League,1718,2017-12-26 Liverpool-Swansea City,20.0,Tue,2017-12-26,17:30,Liverpool,3.3,5–0,0.3,Swansea City,52850.0,Anfield,Kevin Friend,/en/matches/0d761f4b/Liverpool-Swansea-City-December-26-2017-Premier-League,,0d761f4b
ENG-Premier League,1718,2017-12-26 Manchester Utd-Burnley,20.0,Tue,2017-12-26,15:00,Manchester Utd,1.9,2–2,0.5,Burnley,75046.0,Old Trafford,Martin Atkinson,/en/matches/b1b1fcc9/Manchester-United-Burnley-December-26-2017-Premier-League,,b1b1fcc9
ENG-Premier League,1718,2017-12-26 Tottenham-Southampton,20.0,Tue,2017-12-26,12:30,Tottenham,3.0,5–2,1.1,Southampton,55412.0,Wembley Stadium,Graham Scott,/en/matches/ef6aade1/Tottenham-Hotspur-Southampton-December-26-2017-Premier-League,,ef6aade1
ENG-Premier League,1718,2017-12-26 Watford-Leicester City,20.0,Tue,2017-12-26,15:00,Watford,1.4,2–1,1.3,Leicester City,20308.0,Vicarage Road Stadium,Chris Kavanagh,/en/matches/690be862/Watford-Leicester-City-December-26-2017-Premier-League,,690be862
ENG-Premier League,1718,2017-12-26 West Brom-Everton,20.0,Tue,2017-12-26,15:00,West Brom,1.1,0–0,0.4,Everton,25364.0,The Hawthorns,Roger East,/en/matches/92d5a975/West-Bromwich-Albion-Everton-December-26-2017-Premier-League,,92d5a975
ENG-Premier League,1718,2017-12-27 Newcastle Utd-Manchester City,20.0,Wed,2017-12-27,19:45,Newcastle Utd,0.3,0–1,1.8,Manchester City,52311.0,St. James' Park,Andre Marriner,/en/matches/31a533e7/Newcastle-United-Manchester-City-December-27-2017-Premier-League,,31a533e7
ENG-Premier League,1718,2017-12-28 Crystal Palace-Arsenal,20.0,Thu,2017-12-28,20:00,Crystal Palace,1.2,2–3,1.2,Arsenal,25762.0,Selhurst Park,Michael Oliver,/en/matches/f0510a2c/Crystal-Palace-Arsenal-December-28-2017-Premier-League,,f0510a2c
ENG-Premier League,1718,2017-12-28 nan-nan,,,2017-12-28,,,,,,,,,,,,
ENG-Premier League,1718,2017-12-30 Bournemouth-Everton,21.0,Sat,2017-12-30,15:00,Bournemouth,1.0,2–1,0.8,Everton,10497.0,Vitality Stadium,Lee Probert,/en/matches/8788e1c3/Bournemouth-Everton-December-30-2017-Premier-League,,8788e1c3
ENG-Premier League,1718,2017-12-30 Chelsea-Stoke City,21.0,Sat,2017-12-30,15:00,Chelsea,2.3,5–0,0.3,Stoke City,41433.0,Stamford Bridge,Kevin Friend,/en/matches/508f7222/Chelsea-Stoke-City-December-30-2017-Premier-League,,508f7222
ENG-Premier League,1718,2017-12-30 Huddersfield-Burnley,21.0,Sat,2017-12-30,15:00,Huddersfield,0.1,0–0,1.2,Burnley,24095.0,The John Smith's Stadium,Paul Tierney,/en/matches/2a80724c/Huddersfield-Town-Burnley-December-30-2017-Premier-League,,2a80724c
ENG-Premier League,1718,2017-12-30 Liverpool-Leicester City,21.0,Sat,2017-12-30,15:00,Liverpool,2.8,2–1,0.9,Leicester City,53226.0,Anfield,Niel Swarbrick,/en/matches/a26f1f91/Liverpool-Leicester-City-December-30-2017-Premier-League,,a26f1f91
ENG-Premier League,1718,2017-12-30 Manchester Utd-Southampton,21.0,Sat,2017-12-30,17:30,Manchester Utd,1.4,0–0,0.7,Southampton,75051.0,Old Trafford,Craig Pawson,/en/matches/a4051431/Manchester-United-Southampton-December-30-2017-Premier-League,,a4051431
ENG-Premier League,1718,2017-12-30 Newcastle Utd-Brighton,21.0,Sat,2017-12-30,15:00,Newcastle Utd,0.3,0–0,0.6,Brighton,52209.0,St. James' Park,Anthony Taylor,/en/matches/edf48b64/Newcastle-United-Brighton-and-Hove-Albion-December-30-2017-Premier-League,,edf48b64
ENG-Premier League,1718,2017-12-30 Watford-Swansea City,21.0,Sat,2017-12-30,15:00,Watford,1.1,1–2,1.3,Swansea City,20002.0,Vicarage Road Stadium,Martin Atkinson,/en/matches/ca2f3a1a/Watford-Swansea-City-December-30-2017-Premier-League,,ca2f3a1a
ENG-Premier League,1718,2017-12-31 Crystal Palace-Manchester City,21.0,Sun,2017-12-31,12:00,Crystal Palace,1.4,0–0,1.0,Manchester City,25804.0,Selhurst Park,Jonathan Moss,/en/matches/b4453679/Crystal-Palace-Manchester-City-December-31-2017-Premier-League,,b4453679
ENG-Premier League,1718,2017-12-31 West Brom-Arsenal,21.0,Sun,2017-12-31,16:30,West Brom,1.6,1–1,1.4,Arsenal,26223.0,The Hawthorns,Mike Dean,/en/matches/1d0f3208/West-Bromwich-Albion-Arsenal-December-31-2017-Premier-League,,1d0f3208
ENG-Premier League,1718,2017-12-31 nan-nan,,,2017-12-31,,,,,,,,,,,,
ENG-Premier League,1718,2018-01-01 Brighton-Bournemouth,22.0,Mon,2018-01-01,12:30,Brighton,2.2,2–2,1.6,Bournemouth,30152.0,The American Express Community Stadium,Michael Oliver,/en/matches/42fceb48/Brighton-and-Hove-Albion-Bournemouth-January-1-2018-Premier-League,,42fceb48
ENG-Premier League,1718,2018-01-01 Burnley-Liverpool,22.0,Mon,2018-01-01,15:00,Burnley,1.3,1–2,1.6,Liverpool,21756.0,Turf Moor,Roger East,/en/matches/5bc68150/Burnley-Liverpool-January-1-2018-Premier-League,,5bc68150
ENG-Premier League,1718,2018-01-01 Everton-Manchester Utd,22.0,Mon,2018-01-01,17:30,Everton,1.5,0–2,1.3,Manchester Utd,39188.0,Goodison Park,Andre Marriner,/en/matches/19e56788/Everton-Manchester-United-January-1-2018-Premier-League,,19e56788
ENG-Premier League,1718,2018-01-01 Leicester City-Huddersfield,22.0,Mon,2018-01-01,15:00,Leicester City,1.5,3–0,0.4,Huddersfield,31748.0,King Power Stadium,Graham Scott,/en/matches/55099119/Leicester-City-Huddersfield-Town-January-1-2018-Premier-League,,55099119
ENG-Premier League,1718,2018-01-01 Stoke City-Newcastle Utd,22.0,Mon,2018-01-01,15:00,Stoke City,1.0,0–1,2.1,Newcastle Utd,28471.0,Bet365 Stadium,Chris Kavanagh,/en/matches/dcd9c8a8/Stoke-City-Newcastle-United-January-1-2018-Premier-League,,dcd9c8a8
ENG-Premier League,1718,2018-01-02 Manchester City-Watford,22.0,Tue,2018-01-02,20:00,Manchester City,3.0,3–1,1.4,Watford,53556.0,Etihad Stadium,Lee Mason,/en/matches/1def0427/Manchester-City-Watford-January-2-2018-Premier-League,,1def0427
ENG-Premier League,1718,2018-01-02 Southampton-Crystal Palace,22.0,Tue,2018-01-02,19:45,Southampton,0.8,1–2,1.2,Crystal Palace,28411.0,St. Mary's Stadium,Stuart Attwell,/en/matches/5ab84ac7/Southampton-Crystal-Palace-January-2-2018-Premier-League,,5ab84ac7
ENG-Premier League,1718,2018-01-02 Swansea City-Tottenham,22.0,Tue,2018-01-02,19:45,Swansea City,0.4,0–2,1.4,Tottenham,20615.0,Liberty Stadium,Robert Madley,/en/matches/3a995480/Swansea-City-Tottenham-Hotspur-January-2-2018-Premier-League,,3a995480
ENG-Premier League,1718,2018-01-02 West Ham-West Brom,22.0,Tue,2018-01-02,19:45,West Ham,1.0,2–1,0.7,West Brom,56888.0,London Stadium,Mike Jones,/en/matches/2d1547f5/West-Ham-United-West-Bromwich-Albion-January-2-2018-Premier-League,,2d1547f5
ENG-Premier League,1718,2018-01-03 Arsenal-Chelsea,22.0,Wed,2018-01-03,19:45,Arsenal,1.6,2–2,3.2,Chelsea,59379.0,Emirates Stadium,Anthony Taylor,/en/matches/cea73804/North-West-London-Derby-Arsenal-Chelsea-January-3-2018-Premier-League,,cea73804
ENG-Premier League,1718,2018-01-03 nan-nan,,,2018-01-03,,,,,,,,,,,,
ENG-Premier League,1718,2018-01-04 Tottenham-West Ham,21.0,Thu,2018-01-04,20:00,Tottenham,2.1,1–1,0.3,West Ham,50034.0,Wembley Stadium,Mike Dean,/en/matches/017448ed/Tottenham-Hotspur-West-Ham-United-January-4-2018-Premier-League,,017448ed
ENG-Premier League,1718,2018-01-04 nan-nan,,,2018-01-04,,,,,,,,,,,,
ENG-Premier League,1718,2018-01-13 Chelsea-Leicester City,23.0,Sat,2018-01-13,15:00,Chelsea,0.6,0–0,1.1,Leicester City,41552.0,Stamford Bridge,Mike Jones,/en/matches/57dd6ca8/Chelsea-Leicester-City-January-13-2018-Premier-League,,57dd6ca8
ENG-Premier League,1718,2018-01-13 Crystal Palace-Burnley,23.0,Sat,2018-01-13,15:00,Crystal Palace,1.1,1–0,0.6,Burnley,24696.0,Selhurst Park,Michael Oliver,/en/matches/45e647f7/Crystal-Palace-Burnley-January-13-2018-Premier-League,,45e647f7
ENG-Premier League,1718,2018-01-13 Huddersfield-West Ham,23.0,Sat,2018-01-13,15:00,Huddersfield,0.4,1–4,1.7,West Ham,24105.0,The John Smith's Stadium,Jonathan Moss,/en/matches/7e7a4e35/Huddersfield-Town-West-Ham-United-January-13-2018-Premier-League,,7e7a4e35
ENG-Premier League,1718,2018-01-13 Newcastle Utd-Swansea City,23.0,Sat,2018-01-13,15:00,Newcastle Utd,1.1,1–1,1.4,Swansea City,51444.0,St. James' Park,Graham Scott,/en/matches/2f39646c/Newcastle-United-Swansea-City-January-13-2018-Premier-League,,2f39646c
ENG-Premier League,1718,2018-01-13 Tottenham-Everton,23.0,Sat,2018-01-13,17:30,Tottenham,3.5,4–0,0.3,Everton,76251.0,Wembley Stadium,Craig Pawson,/en/matches/22374439/Tottenham-Hotspur-Everton-January-13-2018-Premier-League,,22374439
ENG-Premier League,1718,2018-01-13 Watford-Southampton,23.0,Sat,2018-01-13,15:00,Watford,2.3,2–2,1.1,Southampton,20018.0,Vicarage Road Stadium,Roger East,/en/matches/eb2cc880/Watford-Southampton-January-13-2018-Premier-League,,eb2cc880
ENG-Premier League,1718,2018-01-13 West Brom-Brighton,23.0,Sat,2018-01-13,15:00,West Brom,1.1,2–0,0.6,Brighton,25240.0,The Hawthorns,Martin Atkinson,/en/matches/e1119830/West-Bromwich-Albion-Brighton-and-Hove-Albion-January-13-2018-Premier-League,,e1119830
ENG-Premier League,1718,2018-01-14 Bournemouth-Arsenal,23.0,Sun,2018-01-14,13:30,Bournemouth,1.1,2–1,1.3,Arsenal,10836.0,Vitality Stadium,Kevin Friend,/en/matches/085a3a26/Bournemouth-Arsenal-January-14-2018-Premier-League,,085a3a26
ENG-Premier League,1718,2018-01-14 Liverpool-Manchester City,23.0,Sun,2018-01-14,16:00,Liverpool,1.0,4–3,1.0,Manchester City,53285.0,Anfield,Andre Marriner,/en/matches/481fc676/Liverpool-Manchester-City-January-14-2018-Premier-League,,481fc676
ENG-Premier League,1718,2018-01-15 Manchester Utd-Stoke City,23.0,Mon,2018-01-15,20:00,Manchester Utd,2.3,3–0,1.3,Stoke City,74726.0,Old Trafford,Anthony Taylor,/en/matches/baf79461/Manchester-United-Stoke-City-January-15-2018-Premier-League,,baf79461
ENG-Premier League,1718,2018-01-15 nan-nan,,,2018-01-15,,,,,,,,,,,,
ENG-Premier League,1718,2018-01-20 Arsenal-Crystal Palace,24.0,Sat,2018-01-20,15:00,Arsenal,2.5,4–1,0.7,Crystal Palace,59386.0,Emirates Stadium,Chris Kavanagh,/en/matches/65607b87/Arsenal-Crystal-Palace-January-20-2018-Premier-League,,65607b87
ENG-Premier League,1718,2018-01-20 Brighton-Chelsea,24.0,Sat,2018-01-20,12:30,Brighton,1.5,0–4,1.5,Chelsea,30600.0,The American Express Community Stadium,Jonathan Moss,/en/matches/9c2b1d89/Brighton-and-Hove-Albion-Chelsea-January-20-2018-Premier-League,,9c2b1d89
ENG-Premier League,1718,2018-01-20 Burnley-Manchester Utd,24.0,Sat,2018-01-20,15:00,Burnley,1.1,0–1,0.9,Manchester Utd,21841.0,Turf Moor,Mike Dean,/en/matches/ff3f2b39/Burnley-Manchester-United-January-20-2018-Premier-League,,ff3f2b39
ENG-Premier League,1718,2018-01-20 Everton-West Brom,24.0,Sat,2018-01-20,15:00,Everton,0.7,1–1,1.4,West Brom,39061.0,Goodison Park,Stuart Attwell,/en/matches/01d63d4d/Everton-West-Bromwich-Albion-January-20-2018-Premier-League,,01d63d4d
ENG-Premier League,1718,2018-01-20 Leicester City-Watford,24.0,Sat,2018-01-20,15:00,Leicester City,2.2,2–0,0.8,Watford,31891.0,King Power Stadium,Lee Probert,/en/matches/40e6f091/Leicester-City-Watford-January-20-2018-Premier-League,,40e6f091
ENG-Premier League,1718,2018-01-20 Manchester City-Newcastle Utd,24.0,Sat,2018-01-20,17:30,Manchester City,2.2,3–1,0.6,Newcastle Utd,54452.0,Etihad Stadium,Paul Tierney,/en/matches/d2e55b6f/Manchester-City-Newcastle-United-January-20-2018-Premier-League,,d2e55b6f
ENG-Premier League,1718,2018-01-20 Stoke City-Huddersfield,24.0,Sat,2018-01-20,15:00,Stoke City,1.4,2–0,0.1,Huddersfield,29785.0,Bet365 Stadium,Michael Oliver,/en/matches/4acdcd55/Stoke-City-Huddersfield-Town-January-20-2018-Premier-League,,4acdcd55
ENG-Premier League,1718,2018-01-20 West Ham-Bournemouth,24.0,Sat,2018-01-20,15:00,West Ham,1.0,1–1,0.6,Bournemouth,56948.0,London Stadium,Martin Atkinson,/en/matches/bbd82d91/West-Ham-United-Bournemouth-January-20-2018-Premier-League,,bbd82d91
ENG-Premier League,1718,2018-01-21 Southampton-Tottenham,24.0,Sun,2018-01-21,16:00,Southampton,0.8,1–1,2.1,Tottenham,31361.0,St. Mary's Stadium,Kevin Friend,/en/matches/5b5c13a0/Southampton-Tottenham-Hotspur-January-21-2018-Premier-League,,5b5c13a0
ENG-Premier League,1718,2018-01-22 Swansea City-Liverpool,24.0,Mon,2018-01-22,20:00,Swansea City,0.3,1–0,2.1,Liverpool,20886.0,Liberty Stadium,Niel Swarbrick,/en/matches/2c81652d/Swansea-City-Liverpool-January-22-2018-Premier-League,,2c81652d
ENG-Premier League,1718,2018-01-22 nan-nan,,,2018-01-22,,,,,,,,,,,,
ENG-Premier League,1718,2018-01-30 Huddersfield-Liverpool,25.0,Tue,2018-01-30,20:00,Huddersfield,0.4,0–3,1.8,Liverpool,24121.0,The John Smith's Stadium,Kevin Friend,/en/matches/813d0751/Huddersfield-Town-Liverpool-January-30-2018-Premier-League,,813d0751
ENG-Premier League,1718,2018-01-30 Swansea City-Arsenal,25.0,Tue,2018-01-30,19:45,Swansea City,1.7,3–1,1.0,Arsenal,20819.0,Liberty Stadium,Lee Mason,/en/matches/d42b1f12/Swansea-City-Arsenal-January-30-2018-Premier-League,,d42b1f12
ENG-Premier League,1718,2018-01-30 West Ham-Crystal Palace,25.0,Tue,2018-01-30,19:45,West Ham,1.4,1–1,0.4,Crystal Palace,56911.0,London Stadium,Niel Swarbrick,/en/matches/9ae03901/West-Ham-United-Crystal-Palace-January-30-2018-Premier-League,,9ae03901
ENG-Premier League,1718,2018-01-31 Chelsea-Bournemouth,25.0,Wed,2018-01-31,19:45,Chelsea,1.3,0–3,1.4,Bournemouth,41464.0,Stamford Bridge,Lee Probert,/en/matches/8bffc3ba/Chelsea-Bournemouth-January-31-2018-Premier-League,,8bffc3ba
ENG-Premier League,1718,2018-01-31 Everton-Leicester City,25.0,Wed,2018-01-31,19:45,Everton,1.7,2–1,1.8,Leicester City,38390.0,Goodison Park,Chris Kavanagh,/en/matches/d4dec53e/Everton-Leicester-City-January-31-2018-Premier-League,,d4dec53e
ENG-Premier League,1718,2018-01-31 Manchester City-West Brom,25.0,Wed,2018-01-31,20:00,Manchester City,2.9,3–0,0.5,West Brom,53241.0,Etihad Stadium,Robert Madley,/en/matches/c5500fbf/Manchester-City-West-Bromwich-Albion-January-31-2018-Premier-League,,c5500fbf
ENG-Premier League,1718,2018-01-31 Newcastle Utd-Burnley,25.0,Wed,2018-01-31,19:45,Newcastle Utd,2.3,1–1,0.8,Burnley,50174.0,St. James' Park,Simon Hooper,/en/matches/e2a83944/Newcastle-United-Burnley-January-31-2018-Premier-League,,e2a83944
ENG-Premier League,1718,2018-01-31 Southampton-Brighton,25.0,Wed,2018-01-31,19:45,Southampton,1.1,1–1,1.1,Brighton,30034.0,St. Mary's Stadium,Mike Dean,/en/matches/02109db0/Southampton-Brighton-and-Hove-Albion-January-31-2018-Premier-League,,02109db0
ENG-Premier League,1718,2018-01-31 Stoke City-Watford,25.0,Wed,2018-01-31,20:00,Stoke City,1.3,0–0,1.2,Watford,27458.0,Bet365 Stadium,Jonathan Moss,/en/matches/4f701c0f/Stoke-City-Watford-January-31-2018-Premier-League,,4f701c0f
ENG-Premier League,1718,2018-01-31 Tottenham-Manchester Utd,25.0,Wed,2018-01-31,20:00,Tottenham,2.0,2–0,1.0,Manchester Utd,81978.0,Wembley Stadium,Andre Marriner,/en/matches/e766e559/Tottenham-Hotspur-Manchester-United-January-31-2018-Premier-League,,e766e559
ENG-Premier League,1718,2018-01-31 nan-nan,,,2018-01-31,,,,,,,,,,,,
ENG-Premier League,1718,2018-02-03 Arsenal-Everton,26.0,Sat,2018-02-03,17:30,Arsenal,2.7,5–1,1.2,Everton,59306.0,Emirates Stadium,Niel Swarbrick,/en/matches/ac69ef1b/Arsenal-Everton-February-3-2018-Premier-League,,ac69ef1b
ENG-Premier League,1718,2018-02-03 Bournemouth-Stoke City,26.0,Sat,2018-02-03,15:00,Bournemouth,2.1,2–1,0.6,Stoke City,10614.0,Vitality Stadium,Paul Tierney,/en/matches/3ad5f648/Bournemouth-Stoke-City-February-3-2018-Premier-League,,3ad5f648
ENG-Premier League,1718,2018-02-03 Brighton-West Ham,26.0,Sat,2018-02-03,15:00,Brighton,2.5,3–1,0.7,West Ham,30589.0,The American Express Community Stadium,Roger East,/en/matches/a424d390/Brighton-and-Hove-Albion-West-Ham-United-February-3-2018-Premier-League,,a424d390
ENG-Premier League,1718,2018-02-03 Burnley-Manchester City,26.0,Sat,2018-02-03,12:30,Burnley,0.8,1–1,2.9,Manchester City,21658.0,Turf Moor,Martin Atkinson,/en/matches/a54e56e3/Burnley-Manchester-City-February-3-2018-Premier-League,,a54e56e3
ENG-Premier League,1718,2018-02-03 Leicester City-Swansea City,26.0,Sat,2018-02-03,15:00,Leicester City,1.5,1–1,0.3,Swansea City,31179.0,King Power Stadium,Anthony Taylor,/en/matches/e85b8a76/Leicester-City-Swansea-City-February-3-2018-Premier-League,,e85b8a76
ENG-Premier League,1718,2018-02-03 Manchester Utd-Huddersfield,26.0,Sat,2018-02-03,15:00,Manchester Utd,1.7,2–0,0.1,Huddersfield,74742.0,Old Trafford,Stuart Attwell,/en/matches/a41f9ea1/Manchester-United-Huddersfield-Town-February-3-2018-Premier-League,,a41f9ea1
ENG-Premier League,1718,2018-02-03 West Brom-Southampton,26.0,Sat,2018-02-03,15:00,West Brom,0.6,2–3,1.0,Southampton,25911.0,The Hawthorns,Michael Oliver,/en/matches/398ae957/West-Bromwich-Albion-Southampton-February-3-2018-Premier-League,,398ae957
ENG-Premier League,1718,2018-02-04 Crystal Palace-Newcastle Utd,26.0,Sun,2018-02-04,14:15,Crystal Palace,3.0,1–1,1.1,Newcastle Utd,25746.0,Selhurst Park,Andre Marriner,/en/matches/8849f87b/Crystal-Palace-Newcastle-United-February-4-2018-Premier-League,,8849f87b
ENG-Premier League,1718,2018-02-04 Liverpool-Tottenham,26.0,Sun,2018-02-04,16:30,Liverpool,1.1,2–2,2.2,Tottenham,53213.0,Anfield,Jonathan Moss,/en/matches/4825ca2d/Liverpool-Tottenham-Hotspur-February-4-2018-Premier-League,,4825ca2d
ENG-Premier League,1718,2018-02-05 Watford-Chelsea,26.0,Mon,2018-02-05,20:00,Watford,2.0,4–1,0.7,Chelsea,20157.0,Vicarage Road Stadium,Mike Dean,/en/matches/92aff98f/Watford-Chelsea-February-5-2018-Premier-League,,92aff98f
ENG-Premier League,1718,2018-02-05 nan-nan,,,2018-02-05,,,,,,,,,,,,
ENG-Premier League,1718,2018-02-10 Everton-Crystal Palace,27.0,Sat,2018-02-10,15:00,Everton,1.3,3–1,1.8,Crystal Palace,39139.0,Goodison Park,Jonathan Moss,/en/matches/15ad0bb7/Everton-Crystal-Palace-February-10-2018-Premier-League,,15ad0bb7
ENG-Premier League,1718,2018-02-10 Manchester City-Leicester City,27.0,Sat,2018-02-10,17:30,Manchester City,2.5,5–1,0.2,Leicester City,54416.0,Etihad Stadium,Mike Jones,/en/matches/f9585810/Manchester-City-Leicester-City-February-10-2018-Premier-League,,f9585810
ENG-Premier League,1718,2018-02-10 Stoke City-Brighton,27.0,Sat,2018-02-10,15:00,Stoke City,1.6,1–1,1.0,Brighton,29876.0,Bet365 Stadium,Robert Madley,/en/matches/f37354cd/Stoke-City-Brighton-and-Hove-Albion-February-10-2018-Premier-League,,f37354cd
ENG-Premier League,1718,2018-02-10 Swansea City-Burnley,27.0,Sat,2018-02-10,15:00,Swansea City,0.7,1–0,0.5,Burnley,20179.0,Liberty Stadium,Andre Marriner,/en/matches/2fffd724/Swansea-City-Burnley-February-10-2018-Premier-League,,2fffd724
ENG-Premier League,1718,2018-02-10 Tottenham-Arsenal,27.0,Sat,2018-02-10,12:30,Tottenham,2.1,1–0,0.6,Arsenal,83222.0,Wembley Stadium,Anthony Taylor,/en/matches/9be2b4a6/North-London-Derby-Tottenham-Hotspur-Arsenal-February-10-2018-Premier-League,,9be2b4a6
ENG-Premier League,1718,2018-02-10 West Ham-Watford,27.0,Sat,2018-02-10,15:00,West Ham,1.6,2–0,0.5,Watford,56197.0,London Stadium,Graham Scott,/en/matches/fd50c838/West-Ham-United-Watford-February-10-2018-Premier-League,,fd50c838
ENG-Premier League,1718,2018-02-11 Huddersfield-Bournemouth,27.0,Sun,2018-02-11,12:00,Huddersfield,1.9,4–1,0.7,Bournemouth,23823.0,The John Smith's Stadium,Michael Oliver,/en/matches/5406ef33/Huddersfield-Town-Bournemouth-February-11-2018-Premier-League,,5406ef33
ENG-Premier League,1718,2018-02-11 Newcastle Utd-Manchester Utd,27.0,Sun,2018-02-11,14:15,Newcastle Utd,0.9,1–0,2.3,Manchester Utd,52309.0,St. James' Park,Craig Pawson,/en/matches/a58f05b9/Newcastle-United-Manchester-United-February-11-2018-Premier-League,,a58f05b9
ENG-Premier League,1718,2018-02-11 Southampton-Liverpool,27.0,Sun,2018-02-11,16:30,Southampton,0.5,0–2,2.6,Liverpool,31915.0,St. Mary's Stadium,Martin Atkinson,/en/matches/016d56ed/Southampton-Liverpool-February-11-2018-Premier-League,,016d56ed
ENG-Premier League,1718,2018-02-12 Chelsea-West Brom,27.0,Mon,2018-02-12,20:00,Chelsea,2.3,3–0,0.7,West Brom,41071.0,Stamford Bridge,Lee Mason,/en/matches/47b76f62/Chelsea-West-Bromwich-Albion-February-12-2018-Premier-League,,47b76f62
ENG-Premier League,1718,2018-02-12 nan-nan,,,2018-02-12,,,,,,,,,,,,
ENG-Premier League,1718,2018-02-24 Bournemouth-Newcastle Utd,28.0,Sat,2018-02-24,15:00,Bournemouth,1.6,2–2,2.9,Newcastle Utd,10808.0,Vitality Stadium,Roger East,/en/matches/c3df70b9/Bournemouth-Newcastle-United-February-24-2018-Premier-League,,c3df70b9
ENG-Premier League,1718,2018-02-24 Brighton-Swansea City,28.0,Sat,2018-02-24,15:00,Brighton,3.2,4–1,0.5,Swansea City,30523.0,The American Express Community Stadium,Mike Dean,/en/matches/ecb61418/Brighton-and-Hove-Albion-Swansea-City-February-24-2018-Premier-League,,ecb61418
ENG-Premier League,1718,2018-02-24 Burnley-Southampton,28.0,Sat,2018-02-24,15:00,Burnley,1.3,1–1,0.7,Southampton,20982.0,Turf Moor,Robert Madley,/en/matches/e694462e/Burnley-Southampton-February-24-2018-Premier-League,,e694462e
ENG-Premier League,1718,2018-02-24 Leicester City-Stoke City,28.0,Sat,2018-02-24,12:30,Leicester City,1.0,1–1,0.2,Stoke City,31769.0,King Power Stadium,Michael Oliver,/en/matches/27ff97c5/Leicester-City-Stoke-City-February-24-2018-Premier-League,,27ff97c5
ENG-Premier League,1718,2018-02-24 Liverpool-West Ham,28.0,Sat,2018-02-24,15:00,Liverpool,4.0,4–1,0.3,West Ham,53256.0,Anfield,Stuart Attwell,/en/matches/c7b11325/Liverpool-West-Ham-United-February-24-2018-Premier-League,,c7b11325
ENG-Premier League,1718,2018-02-24 Watford-Everton,28.0,Sat,2018-02-24,17:30,Watford,0.6,1–0,0.9,Everton,20430.0,Vicarage Road Stadium,Anthony Taylor,/en/matches/9b5c3c10/Watford-Everton-February-24-2018-Premier-League,,9b5c3c10
ENG-Premier League,1718,2018-02-24 West Brom-Huddersfield,28.0,Sat,2018-02-24,15:00,West Brom,1.2,1–2,1.1,Huddersfield,25920.0,The Hawthorns,Jonathan Moss,/en/matches/6d26af49/West-Bromwich-Albion-Huddersfield-Town-February-24-2018-Premier-League,,6d26af49
ENG-Premier League,1718,2018-02-25 Crystal Palace-Tottenham,28.0,Sun,2018-02-25,12:00,Crystal Palace,0.3,0–1,1.4,Tottenham,25287.0,Selhurst Park,Kevin Friend,/en/matches/61447e13/Crystal-Palace-Tottenham-Hotspur-February-25-2018-Premier-League,,61447e13
ENG-Premier League,1718,2018-02-25 Manchester Utd-Chelsea,28.0,Sun,2018-02-25,14:05,Manchester Utd,1.4,2–1,1.3,Chelsea,75060.0,Old Trafford,Martin Atkinson,/en/matches/98517bf6/Manchester-United-Chelsea-February-25-2018-Premier-League,,98517bf6
ENG-Premier League,1718,2018-03-01 Arsenal-Manchester City,28.0,Thu,2018-03-01,19:45,Arsenal,1.3,0–3,1.5,Manchester City,58420.0,Emirates Stadium,Andre Marriner,/en/matches/7a4e4ce6/Arsenal-Manchester-City-March-1-2018-Premier-League,,7a4e4ce6
ENG-Premier League,1718,2018-03-01 nan-nan,,,2018-03-01,,,,,,,,,,,,
ENG-Premier League,1718,2018-03-03 Burnley-Everton,29.0,Sat,2018-03-03,12:30,Burnley,2.0,2–1,1.2,Everton,20802.0,Turf Moor,Chris Kavanagh,/en/matches/347dfee2/Burnley-Everton-March-3-2018-Premier-League,,347dfee2
ENG-Premier League,1718,2018-03-03 Leicester City-Bournemouth,29.0,Sat,2018-03-03,15:00,Leicester City,2.4,1–1,1.5,Bournemouth,31384.0,King Power Stadium,Lee Probert,/en/matches/586cc946/Leicester-City-Bournemouth-March-3-2018-Premier-League,,586cc946
ENG-Premier League,1718,2018-03-03 Liverpool-Newcastle Utd,29.0,Sat,2018-03-03,17:30,Liverpool,1.3,2–0,0.3,Newcastle Utd,53287.0,Anfield,Graham Scott,/en/matches/0280920f/Liverpool-Newcastle-United-March-3-2018-Premier-League,,0280920f
ENG-Premier League,1718,2018-03-03 Southampton-Stoke City,29.0,Sat,2018-03-03,15:00,Southampton,1.0,0–0,0.7,Stoke City,30335.0,St. Mary's Stadium,Anthony Taylor,/en/matches/a9bd2423/Southampton-Stoke-City-March-3-2018-Premier-League,,a9bd2423
ENG-Premier League,1718,2018-03-03 Swansea City-West Ham,29.0,Sat,2018-03-03,15:00,Swansea City,2.0,4–1,0.7,West Ham,20829.0,Liberty Stadium,Martin Atkinson,/en/matches/4d3b05af/Swansea-City-West-Ham-United-March-3-2018-Premier-League,,4d3b05af
ENG-Premier League,1718,2018-03-03 Tottenham-Huddersfield,29.0,Sat,2018-03-03,15:00,Tottenham,1.8,2–0,0.1,Huddersfield,68311.0,Wembley Stadium,Kevin Friend,/en/matches/df00152d/Tottenham-Hotspur-Huddersfield-Town-March-3-2018-Premier-League,,df00152d
ENG-Premier League,1718,2018-03-03 Watford-West Brom,29.0,Sat,2018-03-03,15:00,Watford,1.4,1–0,0.7,West Brom,20022.0,Vicarage Road Stadium,Paul Tierney,/en/matches/02b0f00c/Watford-West-Bromwich-Albion-March-3-2018-Premier-League,,02b0f00c
ENG-Premier League,1718,2018-03-04 Brighton-Arsenal,29.0,Sun,2018-03-04,13:30,Brighton,0.9,2–1,1.3,Arsenal,30620.0,The American Express Community Stadium,Stuart Attwell,/en/matches/42457283/Brighton-and-Hove-Albion-Arsenal-March-4-2018-Premier-League,,42457283
ENG-Premier League,1718,2018-03-04 Manchester City-Chelsea,29.0,Sun,2018-03-04,16:00,Manchester City,0.7,1–0,0.2,Chelsea,54328.0,Etihad Stadium,Michael Oliver,/en/matches/dc8c6aaf/Manchester-City-Chelsea-March-4-2018-Premier-League,,dc8c6aaf
ENG-Premier League,1718,2018-03-05 Crystal Palace-Manchester Utd,29.0,Mon,2018-03-05,20:00,Crystal Palace,0.8,2–3,1.8,Manchester Utd,25840.0,Selhurst Park,Niel Swarbrick,/en/matches/9abb5749/Crystal-Palace-Manchester-United-March-5-2018-Premier-League,,9abb5749
ENG-Premier League,1718,2018-03-05 nan-nan,,,2018-03-05,,,,,,,,,,,,
ENG-Premier League,1718,2018-03-10 Chelsea-Crystal Palace,30.0,Sat,2018-03-10,17:30,Chelsea,3.4,2–1,1.1,Crystal Palace,40800.0,Stamford Bridge,Anthony Taylor,/en/matches/15c3f004/Chelsea-Crystal-Palace-March-10-2018-Premier-League,,15c3f004
ENG-Premier League,1718,2018-03-10 Everton-Brighton,30.0,Sat,2018-03-10,15:00,Everton,1.6,2–0,0.4,Brighton,39199.0,Goodison Park,Roger East,/en/matches/9f941a1f/Everton-Brighton-and-Hove-Albion-March-10-2018-Premier-League,,9f941a1f
ENG-Premier League,1718,2018-03-10 Huddersfield-Swansea City,30.0,Sat,2018-03-10,15:00,Huddersfield,1.6,0–0,0.0,Swansea City,23567.0,The John Smith's Stadium,Michael Oliver,/en/matches/f35f4268/Huddersfield-Town-Swansea-City-March-10-2018-Premier-League,,f35f4268
ENG-Premier League,1718,2018-03-10 Manchester Utd-Liverpool,30.0,Sat,2018-03-10,12:30,Manchester Utd,0.7,2–1,0.8,Liverpool,74855.0,Old Trafford,Craig Pawson,/en/matches/00e55ca8/North-West-Derby-Manchester-United-Liverpool-March-10-2018-Premier-League,,00e55ca8
ENG-Premier League,1718,2018-03-10 Newcastle Utd-Southampton,30.0,Sat,2018-03-10,15:00,Newcastle Utd,1.5,3–0,0.4,Southampton,52246.0,St. James' Park,Andre Marriner,/en/matches/4fd6c2ee/Newcastle-United-Southampton-March-10-2018-Premier-League,,4fd6c2ee
ENG-Premier League,1718,2018-03-10 West Brom-Leicester City,30.0,Sat,2018-03-10,15:00,West Brom,0.6,1–4,1.7,Leicester City,23558.0,The Hawthorns,Robert Madley,/en/matches/629b83d0/West-Bromwich-Albion-Leicester-City-March-10-2018-Premier-League,,629b83d0
ENG-Premier League,1718,2018-03-10 West Ham-Burnley,30.0,Sat,2018-03-10,15:00,West Ham,0.8,0–3,1.7,Burnley,56904.0,London Stadium,Lee Mason,/en/matches/1cd9b494/West-Ham-United-Burnley-March-10-2018-Premier-League,,1cd9b494
ENG-Premier League,1718,2018-03-11 Arsenal-Watford,30.0,Sun,2018-03-11,13:30,Arsenal,2.8,3–0,1.5,Watford,59131.0,Emirates Stadium,Martin Atkinson,/en/matches/9eba55b6/Arsenal-Watford-March-11-2018-Premier-League,,9eba55b6
ENG-Premier League,1718,2018-03-11 Bournemouth-Tottenham,30.0,Sun,2018-03-11,16:00,Bournemouth,0.8,1–4,2.1,Tottenham,10623.0,Vitality Stadium,Mike Dean,/en/matches/80a47654/Bournemouth-Tottenham-Hotspur-March-11-2018-Premier-League,,80a47654
ENG-Premier League,1718,2018-03-12 Stoke City-Manchester City,30.0,Mon,2018-03-12,20:00,Stoke City,0.3,0–2,1.7,Manchester City,29138.0,Bet365 Stadium,Jonathan Moss,/en/matches/09d80d49/Stoke-City-Manchester-City-March-12-2018-Premier-League,,09d80d49
ENG-Premier League,1718,2018-03-12 nan-nan,,,2018-03-12,,,,,,,,,,,,
ENG-Premier League,1718,2018-03-17 Bournemouth-West Brom,31.0,Sat,2018-03-17,15:00,Bournemouth,0.5,2–1,1.2,West Brom,10242.0,Vitality Stadium,Graham Scott,/en/matches/134dc51c/Bournemouth-West-Bromwich-Albion-March-17-2018-Premier-League,,134dc51c
ENG-Premier League,1718,2018-03-17 Huddersfield-Crystal Palace,31.0,Sat,2018-03-17,15:00,Huddersfield,0.3,0–2,3.0,Crystal Palace,23918.0,The John Smith's Stadium,Mike Dean,/en/matches/3b6ded14/Huddersfield-Town-Crystal-Palace-March-17-2018-Premier-League,,3b6ded14
ENG-Premier League,1718,2018-03-17 Liverpool-Watford,31.0,Sat,2018-03-17,17:30,Liverpool,2.5,5–0,0.2,Watford,53287.0,Anfield,Anthony Taylor,/en/matches/99d79931/Liverpool-Watford-March-17-2018-Premier-League,,99d79931
ENG-Premier League,1718,2018-03-17 Stoke City-Everton,31.0,Sat,2018-03-17,15:00,Stoke City,0.8,1–2,2.4,Everton,30022.0,Bet365 Stadium,Martin Atkinson,/en/matches/01f6b961/Stoke-City-Everton-March-17-2018-Premier-League,,01f6b961
ENG-Premier League,1718,2018-03-17 nan-nan,,,2018-03-17,,,,,,,,,,,,
ENG-Premier League,1718,2018-03-31 Brighton-Leicester City,32.0,Sat,2018-03-31,15:00,Brighton,1.7,0–2,1.1,Leicester City,30629.0,The American Express Community Stadium,Chris Kavanagh,/en/matches/683b188f/Brighton-and-Hove-Albion-Leicester-City-March-31-2018-Premier-League,,683b188f
ENG-Premier League,1718,2018-03-31 Crystal Palace-Liverpool,32.0,Sat,2018-03-31,12:30,Crystal Palace,1.7,1–2,1.5,Liverpool,25807.0,Selhurst Park,Niel Swarbrick,/en/matches/98213b8d/Crystal-Palace-Liverpool-March-31-2018-Premier-League,,98213b8d
ENG-Premier League,1718,2018-03-31 Everton-Manchester City,32.0,Sat,2018-03-31,17:30,Everton,0.4,1–3,1.7,Manchester City,39221.0,Goodison Park,Paul Tierney,/en/matches/ca51e3ba/Everton-Manchester-City-March-31-2018-Premier-League,,ca51e3ba
ENG-Premier League,1718,2018-03-31 Manchester Utd-Swansea City,32.0,Sat,2018-03-31,15:00,Manchester Utd,2.3,2–0,0.2,Swansea City,75038.0,Old Trafford,Robert Madley,/en/matches/41e0dc54/Manchester-United-Swansea-City-March-31-2018-Premier-League,,41e0dc54
ENG-Premier League,1718,2018-03-31 Newcastle Utd-Huddersfield,32.0,Sat,2018-03-31,15:00,Newcastle Utd,2.5,1–0,0.2,Huddersfield,52261.0,St. James' Park,Martin Atkinson,/en/matches/f7c1128f/Newcastle-United-Huddersfield-Town-March-31-2018-Premier-League,,f7c1128f
ENG-Premier League,1718,2018-03-31 Watford-Bournemouth,32.0,Sat,2018-03-31,15:00,Watford,1.1,2–2,2.2,Bournemouth,20393.0,Vicarage Road Stadium,Andy Madley,/en/matches/fe2d2f2c/Watford-Bournemouth-March-31-2018-Premier-League,,fe2d2f2c
ENG-Premier League,1718,2018-03-31 West Brom-Burnley,32.0,Sat,2018-03-31,15:00,West Brom,0.7,1–2,1.3,Burnley,23455.0,The Hawthorns,Lee Probert,/en/matches/68df68a4/West-Bromwich-Albion-Burnley-March-31-2018-Premier-League,,68df68a4
ENG-Premier League,1718,2018-03-31 West Ham-Southampton,32.0,Sat,2018-03-31,15:00,West Ham,1.7,3–0,0.7,Southampton,56882.0,London Stadium,Jonathan Moss,/en/matches/781945f9/West-Ham-United-Southampton-March-31-2018-Premier-League,,781945f9
ENG-Premier League,1718,2018-04-01 Arsenal-Stoke City,32.0,Sun,2018-04-01,13:30,Arsenal,4.0,3–0,0.4,Stoke City,59371.0,Emirates Stadium,Craig Pawson,/en/matches/9c1a218b/Arsenal-Stoke-City-April-1-2018-Premier-League,,9c1a218b
ENG-Premier League,1718,2018-04-01 Chelsea-Tottenham,32.0,Sun,2018-04-01,16:00,Chelsea,1.2,1–3,1.1,Tottenham,41364.0,Stamford Bridge,Andre Marriner,/en/matches/fbe31f74/Chelsea-Tottenham-Hotspur-April-1-2018-Premier-League,,fbe31f74
ENG-Premier League,1718,2018-04-01 nan-nan,,,2018-04-01,,,,,,,,,,,,
ENG-Premier League,1718,2018-04-07 Bournemouth-Crystal Palace,33.0,Sat,2018-04-07,15:00,Bournemouth,2.2,2–2,1.4,Crystal Palace,10730.0,Vitality Stadium,Jonathan Moss,/en/matches/b2a3c401/Bournemouth-Crystal-Palace-April-7-2018-Premier-League,,b2a3c401
ENG-Premier League,1718,2018-04-07 Brighton-Huddersfield,33.0,Sat,2018-04-07,15:00,Brighton,1.4,1–1,1.8,Huddersfield,30501.0,The American Express Community Stadium,Anthony Taylor,/en/matches/a5f340e0/Brighton-and-Hove-Albion-Huddersfield-Town-April-7-2018-Premier-League,,a5f340e0
ENG-Premier League,1718,2018-04-07 Everton-Liverpool,33.0,Sat,2018-04-07,12:30,Everton,0.5,0–0,0.9,Liverpool,39220.0,Goodison Park,Michael Oliver,/en/matches/675b2cb4/Merseyside-Derby-Everton-Liverpool-April-7-2018-Premier-League,,675b2cb4
ENG-Premier League,1718,2018-04-07 Leicester City-Newcastle Utd,33.0,Sat,2018-04-07,15:00,Leicester City,1.2,1–2,0.6,Newcastle Utd,32066.0,King Power Stadium,Stuart Attwell,/en/matches/4acfb58c/Leicester-City-Newcastle-United-April-7-2018-Premier-League,,4acfb58c
ENG-Premier League,1718,2018-04-07 Manchester City-Manchester Utd,33.0,Sat,2018-04-07,17:30,Manchester City,3.1,2–3,1.1,Manchester Utd,54259.0,Etihad Stadium,Martin Atkinson,/en/matches/50a03a01/Manchester-Derby-Manchester-City-Manchester-United-April-7-2018-Premier-League,,50a03a01
ENG-Premier League,1718,2018-04-07 Stoke City-Tottenham,33.0,Sat,2018-04-07,15:00,Stoke City,1.4,1–2,1.5,Tottenham,29515.0,Bet365 Stadium,Graham Scott,/en/matches/1da6c7b5/Stoke-City-Tottenham-Hotspur-April-7-2018-Premier-League,,1da6c7b5
ENG-Premier League,1718,2018-04-07 Watford-Burnley,33.0,Sat,2018-04-07,15:00,Watford,1.1,1–2,1.4,Burnley,20044.0,Vicarage Road Stadium,Paul Tierney,/en/matches/8410e555/Watford-Burnley-April-7-2018-Premier-League,,8410e555
ENG-Premier League,1718,2018-04-07 West Brom-Swansea City,33.0,Sat,2018-04-07,15:00,West Brom,1.1,1–1,0.6,Swansea City,23297.0,The Hawthorns,Roger East,/en/matches/bfe5ba12/West-Bromwich-Albion-Swansea-City-April-7-2018-Premier-League,,bfe5ba12
ENG-Premier League,1718,2018-04-08 Arsenal-Southampton,33.0,Sun,2018-04-08,14:15,Arsenal,1.8,3–2,2.2,Southampton,59374.0,Emirates Stadium,Andre Marriner,/en/matches/dd1ec108/Arsenal-Southampton-April-8-2018-Premier-League,,dd1ec108
ENG-Premier League,1718,2018-04-08 Chelsea-West Ham,33.0,Sun,2018-04-08,16:30,Chelsea,2.2,1–1,0.4,West Ham,41324.0,Stamford Bridge,Kevin Friend,/en/matches/b325a378/Chelsea-West-Ham-United-April-8-2018-Premier-League,,b325a378
ENG-Premier League,1718,2018-04-08 nan-nan,,,2018-04-08,,,,,,,,,,,,
ENG-Premier League,1718,2018-04-14 Burnley-Leicester City,34.0,Sat,2018-04-14,15:00,Burnley,0.9,2–1,1.7,Leicester City,21727.0,Turf Moor,Martin Atkinson,/en/matches/eae8514a/Burnley-Leicester-City-April-14-2018-Premier-League,,eae8514a
ENG-Premier League,1718,2018-04-14 Crystal Palace-Brighton,34.0,Sat,2018-04-14,15:00,Crystal Palace,1.9,3–2,1.6,Brighton,24656.0,Selhurst Park,Andre Marriner,/en/matches/30714500/Crystal-Palace-Brighton-and-Hove-Albion-April-14-2018-Premier-League,,30714500
ENG-Premier League,1718,2018-04-14 Huddersfield-Watford,34.0,Sat,2018-04-14,15:00,Huddersfield,0.8,1–0,0.3,Watford,23961.0,The John Smith's Stadium,Craig Pawson,/en/matches/d9d7c9b3/Huddersfield-Town-Watford-April-14-2018-Premier-League,,d9d7c9b3
ENG-Premier League,1718,2018-04-14 Liverpool-Bournemouth,34.0,Sat,2018-04-14,17:30,Liverpool,2.4,3–0,0.7,Bournemouth,52959.0,Anfield,Chris Kavanagh,/en/matches/3c508794/Liverpool-Bournemouth-April-14-2018-Premier-League,,3c508794
ENG-Premier League,1718,2018-04-14 Southampton-Chelsea,34.0,Sat,2018-04-14,12:30,Southampton,1.3,2–3,1.0,Chelsea,31764.0,St. Mary's Stadium,Mike Dean,/en/matches/c0ef52a9/Southampton-Chelsea-April-14-2018-Premier-League,,c0ef52a9
ENG-Premier League,1718,2018-04-14 Swansea City-Everton,34.0,Sat,2018-04-14,15:00,Swansea City,1.3,1–1,1.5,Everton,20933.0,Liberty Stadium,Lee Mason,/en/matches/f863ee2a/Swansea-City-Everton-April-14-2018-Premier-League,,f863ee2a
ENG-Premier League,1718,2018-04-14 Tottenham-Manchester City,34.0,Sat,2018-04-14,19:45,Tottenham,0.5,1–3,2.9,Manchester City,80811.0,Wembley Stadium,Jonathan Moss,/en/matches/8fe8c64c/Tottenham-Hotspur-Manchester-City-April-14-2018-Premier-League,,8fe8c64c
ENG-Premier League,1718,2018-04-15 Manchester Utd-West Brom,34.0,Sun,2018-04-15,16:00,Manchester Utd,1.0,0–1,0.8,West Brom,75095.0,Old Trafford,Paul Tierney,/en/matches/b5ed1d8d/Manchester-United-West-Bromwich-Albion-April-15-2018-Premier-League,,b5ed1d8d
ENG-Premier League,1718,2018-04-15 Newcastle Utd-Arsenal,34.0,Sun,2018-04-15,13:30,Newcastle Utd,1.1,2–1,1.1,Arsenal,52210.0,St. James' Park,Anthony Taylor,/en/matches/a4ac40df/Newcastle-United-Arsenal-April-15-2018-Premier-League,,a4ac40df
ENG-Premier League,1718,2018-04-16 West Ham-Stoke City,34.0,Mon,2018-04-16,20:00,West Ham,0.8,1–1,1.3,Stoke City,56795.0,London Stadium,Michael Oliver,/en/matches/1b6e8568/West-Ham-United-Stoke-City-April-16-2018-Premier-League,,1b6e8568
ENG-Premier League,1718,2018-04-16 nan-nan,,,2018-04-16,,,,,,,,,,,,
ENG-Premier League,1718,2018-04-17 Brighton-Tottenham,35.0,Tue,2018-04-17,19:45,Brighton,1.0,1–1,1.2,Tottenham,30440.0,The American Express Community Stadium,Kevin Friend,/en/matches/c42bcaf3/Brighton-and-Hove-Albion-Tottenham-Hotspur-April-17-2018-Premier-League,,c42bcaf3
ENG-Premier League,1718,2018-04-18 Bournemouth-Manchester Utd,35.0,Wed,2018-04-18,19:45,Bournemouth,1.1,0–2,1.7,Manchester Utd,10952.0,Vitality Stadium,Graham Scott,/en/matches/533420c5/Bournemouth-Manchester-United-April-18-2018-Premier-League,,533420c5
ENG-Premier League,1718,2018-04-18 nan-nan,,,2018-04-18,,,,,,,,,,,,
ENG-Premier League,1718,2018-04-19 Burnley-Chelsea,31.0,Thu,2018-04-19,19:45,Burnley,0.4,1–2,1.7,Chelsea,21264.0,Turf Moor,Robert Madley,/en/matches/082489f8/Burnley-Chelsea-April-19-2018-Premier-League,,082489f8
ENG-Premier League,1718,2018-04-19 Leicester City-Southampton,35.0,Thu,2018-04-19,19:45,Leicester City,0.7,0–0,0.6,Southampton,31160.0,King Power Stadium,Roger East,/en/matches/693cf232/Leicester-City-Southampton-April-19-2018-Premier-League,,693cf232
ENG-Premier League,1718,2018-04-19 nan-nan,,,2018-04-19,,,,,,,,,,,,
ENG-Premier League,1718,2018-04-21 Watford-Crystal Palace,35.0,Sat,2018-04-21,15:00,Watford,0.9,0–0,0.2,Crystal Palace,20401.0,Vicarage Road Stadium,Chris Kavanagh,/en/matches/abaea3fc/Watford-Crystal-Palace-April-21-2018-Premier-League,,abaea3fc
ENG-Premier League,1718,2018-04-21 West Brom-Liverpool,35.0,Sat,2018-04-21,12:30,West Brom,1.4,2–2,1.4,Liverpool,24520.0,The Hawthorns,Stuart Attwell,/en/matches/a1c7d96c/West-Bromwich-Albion-Liverpool-April-21-2018-Premier-League,,a1c7d96c
ENG-Premier League,1718,2018-04-22 Arsenal-West Ham,35.0,Sun,2018-04-22,13:30,Arsenal,1.5,4–1,1.1,West Ham,59422.0,Emirates Stadium,Lee Mason,/en/matches/183dc99a/Arsenal-West-Ham-United-April-22-2018-Premier-League,,183dc99a
ENG-Premier League,1718,2018-04-22 Manchester City-Swansea City,35.0,Sun,2018-04-22,16:30,Manchester City,3.3,5–0,0.3,Swansea City,54387.0,Etihad Stadium,Craig Pawson,/en/matches/8beedd1d/Manchester-City-Swansea-City-April-22-2018-Premier-League,,8beedd1d
ENG-Premier League,1718,2018-04-22 Stoke City-Burnley,35.0,Sun,2018-04-22,13:30,Stoke City,0.4,1–1,1.4,Burnley,29532.0,Bet365 Stadium,Mike Dean,/en/matches/4b1d1fa6/Stoke-City-Burnley-April-22-2018-Premier-League,,4b1d1fa6
ENG-Premier League,1718,2018-04-23 Everton-Newcastle Utd,35.0,Mon,2018-04-23,20:00,Everton,0.7,1–0,0.9,Newcastle Utd,39061.0,Goodison Park,Robert Madley,/en/matches/1e1e3394/Everton-Newcastle-United-April-23-2018-Premier-League,,1e1e3394
ENG-Premier League,1718,2018-04-23 nan-nan,,,2018-04-23,,,,,,,,,,,,
ENG-Premier League,1718,2018-04-28 Burnley-Brighton,36.0,Sat,2018-04-28,15:00,Burnley,1.4,0–0,0.4,Brighton,19459.0,Turf Moor,Roger East,/en/matches/c1a0d4ce/Burnley-Brighton-and-Hove-Albion-April-28-2018-Premier-League,,c1a0d4ce
ENG-Premier League,1718,2018-04-28 Crystal Palace-Leicester City,36.0,Sat,2018-04-28,15:00,Crystal Palace,3.0,5–0,0.7,Leicester City,25750.0,Selhurst Park,Mike Dean,/en/matches/9afd62dd/Crystal-Palace-Leicester-City-April-28-2018-Premier-League,,9afd62dd
ENG-Premier League,1718,2018-04-28 Huddersfield-Everton,36.0,Sat,2018-04-28,15:00,Huddersfield,0.4,0–2,0.5,Everton,24121.0,The John Smith's Stadium,Lee Probert,/en/matches/611476e6/Huddersfield-Town-Everton-April-28-2018-Premier-League,,611476e6
ENG-Premier League,1718,2018-04-28 Liverpool-Stoke City,36.0,Sat,2018-04-28,12:30,Liverpool,2.0,0–0,0.8,Stoke City,53255.0,Anfield,Andre Marriner,/en/matches/b6b246c1/Liverpool-Stoke-City-April-28-2018-Premier-League,,b6b246c1
ENG-Premier League,1718,2018-04-28 Newcastle Utd-West Brom,36.0,Sat,2018-04-28,15:00,Newcastle Utd,1.5,0–1,0.8,West Brom,52283.0,St. James' Park,David Coote,/en/matches/229ca929/Newcastle-United-West-Bromwich-Albion-April-28-2018-Premier-League,,229ca929
ENG-Premier League,1718,2018-04-28 Southampton-Bournemouth,36.0,Sat,2018-04-28,15:00,Southampton,1.2,2–1,1.0,Bournemouth,31778.0,St. Mary's Stadium,Anthony Taylor,/en/matches/4d38129c/Southampton-Bournemouth-April-28-2018-Premier-League,,4d38129c
ENG-Premier League,1718,2018-04-28 Swansea City-Chelsea,36.0,Sat,2018-04-28,17:30,Swansea City,0.8,0–1,1.8,Chelsea,20900.0,Liberty Stadium,Jonathan Moss,/en/matches/d5f17e08/Swansea-City-Chelsea-April-28-2018-Premier-League,,d5f17e08
ENG-Premier League,1718,2018-04-29 Manchester Utd-Arsenal,36.0,Sun,2018-04-29,16:30,Manchester Utd,1.7,2–1,0.4,Arsenal,75035.0,Old Trafford,Kevin Friend,/en/matches/5b587217/Manchester-United-Arsenal-April-29-2018-Premier-League,,5b587217
ENG-Premier League,1718,2018-04-29 West Ham-Manchester City,36.0,Sun,2018-04-29,14:15,West Ham,0.3,1–4,2.6,Manchester City,56904.0,London Stadium,Niel Swarbrick,/en/matches/fdabc4e9/West-Ham-United-Manchester-City-April-29-2018-Premier-League,,fdabc4e9
ENG-Premier League,1718,2018-04-30 Tottenham-Watford,36.0,Mon,2018-04-30,20:00,Tottenham,1.4,2–0,0.9,Watford,52675.0,Wembley Stadium,Michael Oliver,/en/matches/5f040190/Tottenham-Hotspur-Watford-April-30-2018-Premier-League,,5f040190
ENG-Premier League,1718,2018-04-30 nan-nan,,,2018-04-30,,,,,,,,,,,,
ENG-Premier League,1718,2018-05-04 Brighton-Manchester Utd,37.0,Fri,2018-05-04,20:00,Brighton,0.7,1–0,0.8,Manchester Utd,30611.0,The American Express Community Stadium,Craig Pawson,/en/matches/0cbb18e2/Brighton-and-Hove-Albion-Manchester-United-May-4-2018-Premier-League,,0cbb18e2
ENG-Premier League,1718,2018-05-05 Bournemouth-Swansea City,37.0,Sat,2018-05-05,15:00,Bournemouth,1.7,1–0,1.3,Swansea City,10820.0,Vitality Stadium,Kevin Friend,/en/matches/e7933b97/Bournemouth-Swansea-City-May-5-2018-Premier-League,,e7933b97
ENG-Premier League,1718,2018-05-05 Everton-Southampton,37.0,Sat,2018-05-05,17:30,Everton,0.3,1–1,0.7,Southampton,38225.0,Goodison Park,Jonathan Moss,/en/matches/79dc6ab9/Everton-Southampton-May-5-2018-Premier-League,,79dc6ab9
ENG-Premier League,1718,2018-05-05 Leicester City-West Ham,37.0,Sat,2018-05-05,15:00,Leicester City,0.5,0–2,1.2,West Ham,32013.0,King Power Stadium,Chris Kavanagh,/en/matches/0914df36/Leicester-City-West-Ham-United-May-5-2018-Premier-League,,0914df36
ENG-Premier League,1718,2018-05-05 Stoke City-Crystal Palace,37.0,Sat,2018-05-05,12:30,Stoke City,0.5,1–2,1.4,Crystal Palace,29687.0,Bet365 Stadium,Martin Atkinson,/en/matches/ab069f6c/Stoke-City-Crystal-Palace-May-5-2018-Premier-League,,ab069f6c
ENG-Premier League,1718,2018-05-05 Watford-Newcastle Utd,37.0,Sat,2018-05-05,15:00,Watford,2.5,2–1,0.7,Newcastle Utd,20375.0,Vicarage Road Stadium,Roger East,/en/matches/f337e187/Watford-Newcastle-United-May-5-2018-Premier-League,,f337e187
ENG-Premier League,1718,2018-05-05 West Brom-Tottenham,37.0,Sat,2018-05-05,15:00,West Brom,1.4,1–0,1.0,Tottenham,23685.0,The Hawthorns,Mike Jones,/en/matches/3a876b14/West-Bromwich-Albion-Tottenham-Hotspur-May-5-2018-Premier-League,,3a876b14
ENG-Premier League,1718,2018-05-06 Arsenal-Burnley,37.0,Sun,2018-05-06,16:30,Arsenal,2.5,5–0,0.3,Burnley,59540.0,Emirates Stadium,Andre Marriner,/en/matches/c8c42b05/Arsenal-Burnley-May-6-2018-Premier-League,,c8c42b05
ENG-Premier League,1718,2018-05-06 Chelsea-Liverpool,37.0,Sun,2018-05-06,16:30,Chelsea,0.5,1–0,0.9,Liverpool,41314.0,Stamford Bridge,Anthony Taylor,/en/matches/b9a7da48/Chelsea-Liverpool-May-6-2018-Premier-League,,b9a7da48
ENG-Premier League,1718,2018-05-06 Manchester City-Huddersfield,37.0,Sun,2018-05-06,13:30,Manchester City,1.0,0–0,0.5,Huddersfield,54350.0,Etihad Stadium,Mike Dean,/en/matches/a71b21ec/Manchester-City-Huddersfield-Town-May-6-2018-Premier-League,,a71b21ec
ENG-Premier League,1718,2018-05-06 nan-nan,,,2018-05-06,,,,,,,,,,,,
ENG-Premier League,1718,2018-05-08 Swansea City-Southampton,31.0,Tue,2018-05-08,19:45,Swansea City,0.4,0–1,1.3,Southampton,20858.0,Liberty Stadium,Michael Oliver,/en/matches/625bb62f/Swansea-City-Southampton-May-8-2018-Premier-League,,625bb62f
ENG-Premier League,1718,2018-05-09 Chelsea-Huddersfield,35.0,Wed,2018-05-09,19:45,Chelsea,2.0,1–1,0.5,Huddersfield,38910.0,Stamford Bridge,Lee Mason,/en/matches/f0f325a6/Chelsea-Huddersfield-Town-May-9-2018-Premier-League,,f0f325a6
ENG-Premier League,1718,2018-05-09 Leicester City-Arsenal,31.0,Wed,2018-05-09,19:45,Leicester City,2.2,3–1,1.4,Arsenal,32095.0,King Power Stadium,Graham Scott,/en/matches/825733ff/Leicester-City-Arsenal-May-9-2018-Premier-League,,825733ff
ENG-Premier League,1718,2018-05-09 Manchester City-Brighton,31.0,Wed,2018-05-09,20:00,Manchester City,1.8,3–1,1.0,Brighton,54013.0,Etihad Stadium,Paul Tierney,/en/matches/f2114fff/Manchester-City-Brighton-and-Hove-Albion-May-9-2018-Premier-League,,f2114fff
ENG-Premier League,1718,2018-05-09 Tottenham-Newcastle Utd,31.0,Wed,2018-05-09,20:00,Tottenham,0.9,1–0,1.4,Newcastle Utd,54923.0,Wembley Stadium,Niel Swarbrick,/en/matches/90f41993/Tottenham-Hotspur-Newcastle-United-May-9-2018-Premier-League,,90f41993
ENG-Premier League,1718,2018-05-09 nan-nan,,,2018-05-09,,,,,,,,,,,,
ENG-Premier League,1718,2018-05-09 nan-nan,,,2018-05-09,,,,,,,,,,,,
ENG-Premier League,1718,2018-05-10 West Ham-Manchester Utd,31.0,Thu,2018-05-10,19:45,West Ham,1.1,0–0,0.8,Manchester Utd,56902.0,London Stadium,Jonathan Moss,/en/matches/153401b5/West-Ham-United-Manchester-United-May-10-2018-Premier-League,,153401b5
ENG-Premier League,1718,2018-05-10 nan-nan,,,2018-05-10,,,,,,,,,,,,
ENG-Premier League,1718,2018-05-13 Burnley-Bournemouth,38.0,Sun,2018-05-13,15:00,Burnley,0.6,1–2,1.6,Bournemouth,20720.0,Turf Moor,Paul Tierney,/en/matches/47540632/Burnley-Bournemouth-May-13-2018-Premier-League,,47540632
ENG-Premier League,1718,2018-05-13 Crystal Palace-West Brom,38.0,Sun,2018-05-13,15:00,Crystal Palace,2.4,2–0,0.3,West Brom,25357.0,Selhurst Park,Jonathan Moss,/en/matches/4abed407/Crystal-Palace-West-Bromwich-Albion-May-13-2018-Premier-League,,4abed407
ENG-Premier League,1718,2018-05-13 Huddersfield-Arsenal,38.0,Sun,2018-05-13,15:00,Huddersfield,1.5,0–1,2.1,Arsenal,24122.0,The John Smith's Stadium,Michael Oliver,/en/matches/7c431214/Huddersfield-Town-Arsenal-May-13-2018-Premier-League,,7c431214
ENG-Premier League,1718,2018-05-13 Liverpool-Brighton,38.0,Sun,2018-05-13,15:00,Liverpool,3.4,4–0,0.1,Brighton,50752.0,Anfield,Kevin Friend,/en/matches/0c92e854/Liverpool-Brighton-and-Hove-Albion-May-13-2018-Premier-League,,0c92e854
ENG-Premier League,1718,2018-05-13 Manchester Utd-Watford,38.0,Sun,2018-05-13,15:00,Manchester Utd,0.9,1–0,0.8,Watford,75049.0,Old Trafford,Lee Mason,/en/matches/c137bab4/Manchester-United-Watford-May-13-2018-Premier-League,,c137bab4
ENG-Premier League,1718,2018-05-13 Newcastle Utd-Chelsea,38.0,Sun,2018-05-13,15:00,Newcastle Utd,2.3,3–0,0.9,Chelsea,52294.0,St. James' Park,Martin Atkinson,/en/matches/8bb22e44/Newcastle-United-Chelsea-May-13-2018-Premier-League,,8bb22e44
ENG-Premier League,1718,2018-05-13 Southampton-Manchester City,38.0,Sun,2018-05-13,15:00,Southampton,0.5,0–1,1.1,Manchester City,31882.0,St. Mary's Stadium,Andre Marriner,/en/matches/db4a1124/Southampton-Manchester-City-May-13-2018-Premier-League,,db4a1124
ENG-Premier League,1718,2018-05-13 Swansea City-Stoke City,38.0,Sun,2018-05-13,15:00,Swansea City,2.8,1–2,1.6,Stoke City,20673.0,Liberty Stadium,Anthony Taylor,/en/matches/03a63fbc/Swansea-City-Stoke-City-May-13-2018-Premier-League,,03a63fbc
ENG-Premier League,1718,2018-05-13 Tottenham-Leicester City,38.0,Sun,2018-05-13,15:00,Tottenham,2.2,5–4,1.7,Leicester City,77841.0,Wembley Stadium,Craig Pawson,/en/matches/f8c06939/Tottenham-Hotspur-Leicester-City-May-13-2018-Premier-League,,f8c06939
ENG-Premier League,1718,2018-05-13 West Ham-Everton,38.0,Sun,2018-05-13,15:00,West Ham,0.9,3–1,1.7,Everton,56926.0,London Stadium,Graham Scott,/en/matches/5214d676/West-Ham-United-Everton-May-13-2018-Premier-League,,5214d676
