,,,,Nation,Pos,Age,Playing Time,Playing Time,Playing Time,Playing Time,Performance,Performance,Performance,Performance,Performance,Performance,Performance,Per 90 Minutes,Per 90 Minutes,Per 90 Minutes,Per 90 Minutes,Per 90 Minutes
,,,,,,,MP,Starts,Min,90s,Gls,Ast,G-PK,PK,PKatt,CrdY,CrdR,Gls,Ast,G+A,G-PK,G+A-PK
league,season,team,player,,,,,,,,,,,,,,,,,,,
ENG-Premier League,1112,Arsenal,Aaron Ramsey,WAL,MF,20.0,34,27.0,2463.0,27.4,2.0,4.0,2.0,0.0,0.0,3.0,0.0,0.07,0.15,0.22,0.07,0.22
ENG-Premier League,1112,Arsenal,Abou Diaby,FRA,MF,25.0,4,0.0,94.0,1.0,0.0,0.0,0.0,0.0,0.0,1.0,0.0,0.0,0.0,0.0,0.0,0.0
ENG-Premier League,1112,Arsenal,Alex Oxlade-Chamberlain,ENG,MF,17.0,15,6.0,551.0,6.1,2.0,1.0,2.0,0.0,0.0,0.0,0.0,0.33,0.16,0.49,0.33,0.49
ENG-Premier League,1112,Arsenal,Alex Song,CMR,"DF,MF",23.0,34,34.0,2995.0,33.3,1.0,11.0,1.0,0.0,0.0,10.0,0.0,0.03,0.33,0.36,0.03,0.36
ENG-Premier League,1112,Arsenal,Andrey Arshavin,RUS,"FW,MF",30.0,19,8.0,724.0,8.0,1.0,3.0,1.0,0.0,0.0,1.0,0.0,0.12,0.37,0.5,0.12,0.5
ENG-Premier League,1112,Arsenal,André Santos,BRA,"DF,MF",28.0,15,10.0,1017.0,11.3,2.0,0.0,2.0,0.0,0.0,2.0,0.0,0.18,0.0,0.18,0.18,0.18
ENG-Premier League,1112,Arsenal,Armand Traoré,SEN,"DF,MF",21.0,1,1.0,90.0,1.0,0.0,0.0,0.0,0.0,0.0,0.0,0.0,0.0,0.0,0.0,0.0,0.0
ENG-Premier League,1112,Arsenal,Bacary Sagna,FRA,DF,28.0,21,20.0,1697.0,18.9,1.0,2.0,1.0,0.0,0.0,2.0,0.0,0.05,0.11,0.16,0.05,0.16
ENG-Premier League,1112,Arsenal,Carl Jenkinson,ENG,DF,19.0,9,5.0,499.0,5.5,0.0,1.0,0.0,0.0,0.0,1.0,1.0,0.0,0.18,0.18,0.0,0.18
ENG-Premier League,1112,Arsenal,Emmanuel Frimpong,GHA,MF,19.0,6,3.0,217.0,2.4,0.0,0.0,0.0,0.0,0.0,1.0,1.0,0.0,0.0,0.0,0.0,0.0
ENG-Premier League,1112,Arsenal,Francis Coquelin,FRA,"DF,MF",20.0,10,6.0,634.0,7.0,0.0,1.0,0.0,0.0,0.0,2.0,0.0,0.0,0.14,0.14,0.0,0.14
ENG-Premier League,1112,Arsenal,Gervinho,CIV,"FW,MF",24.0,28,19.0,1679.0,18.7,4.0,6.0,4.0,0.0,0.0,0.0,1.0,0.21,0.32,0.54,0.21,0.54
ENG-Premier League,1112,Arsenal,Henri Lansbury,ENG,MF,20.0,2,0.0,28.0,0.3,0.0,0.0,0.0,0.0,0.0,1.0,0.0,0.0,0.0,0.0,0.0,0.0
ENG-Premier League,1112,Arsenal,Ignasi Miquel,ESP,DF,18.0,4,1.0,219.0,2.4,0.0,0.0,0.0,0.0,0.0,0.0,0.0,0.0,0.0,0.0,0.0,0.0
ENG-Premier League,1112,Arsenal,Johan Djourou,SUI,DF,24.0,18,14.0,1164.0,12.9,0.0,1.0,0.0,0.0,0.0,4.0,1.0,0.0,0.08,0.08,0.0,0.08
ENG-Premier League,1112,Arsenal,Kieran Gibbs,ENG,"DF,MF",21.0,16,15.0,1249.0,13.9,1.0,0.0,1.0,0.0,0.0,1.0,0.0,0.07,0.0,0.07,0.07,0.07
ENG-Premier League,1112,Arsenal,Laurent Koscielny,FRA,DF,25.0,33,33.0,2871.0,31.9,2.0,1.0,2.0,0.0,0.0,9.0,0.0,0.06,0.03,0.09,0.06,0.09
ENG-Premier League,1112,Arsenal,Marouane Chamakh,MAR,FW,27.0,11,1.0,180.0,2.0,1.0,0.0,1.0,0.0,0.0,0.0,0.0,0.5,0.0,0.5,0.5,0.5
ENG-Premier League,1112,Arsenal,Mikel Arteta,ESP,MF,29.0,29,29.0,2470.0,27.4,6.0,2.0,6.0,0.0,0.0,4.0,0.0,0.22,0.07,0.29,0.22,0.29
ENG-Premier League,1112,Arsenal,Nicklas Bendtner,DEN,FW,23.0,1,0.0,11.0,0.1,0.0,0.0,0.0,0.0,0.0,0.0,0.0,0.0,0.0,0.0,0.0,0.0
ENG-Premier League,1112,Arsenal,Nico Yennaris,CHN,"DF,MF",18.0,1,0.0,45.0,0.5,0.0,0.0,0.0,0.0,0.0,0.0,0.0,0.0,0.0,0.0,0.0,0.0
ENG-Premier League,1112,Arsenal,Opponent Total,,,26.7,38,,,,,,,,,,,,,,,
ENG-Premier League,1112,Arsenal,Park Chu-young,KOR,"FW,MF",26.0,1,0.0,8.0,0.1,0.0,0.0,0.0,0.0,0.0,0.0,0.0,0.0,0.0,0.0,0.0,0.0
ENG-Premier League,1112,Arsenal,Per Mertesacker,GER,DF,26.0,21,21.0,1826.0,20.3,0.0,0.0,0.0,0.0,0.0,2.0,0.0,0.0,0.0,0.0,0.0,0.0
ENG-Premier League,1112,Arsenal,Robin van Persie,NED,FW,27.0,38,37.0,3331.0,37.0,30.0,9.0,28.0,2.0,3.0,8.0,0.0,0.81,0.24,1.05,0.76,1.0
ENG-Premier League,1112,Arsenal,Samir Nasri,FRA,"FW,MF",24.0,1,1.0,90.0,1.0,0.0,0.0,0.0,0.0,0.0,0.0,0.0,0.0,0.0,0.0,0.0,0.0
ENG-Premier League,1112,Arsenal,Squad Total,,,25.2,38,418.0,,,73.0,57.0,71.0,2.0,3.0,64.0,4.0,1.92,1.5,3.42,1.87,3.37
ENG-Premier League,1112,Arsenal,Sébastien Squillaci,FRA,DF,30.0,1,0.0,10.0,0.1,0.0,0.0,0.0,0.0,0.0,0.0,0.0,0.0,0.0,0.0,0.0,0.0
ENG-Premier League,1112,Arsenal,Theo Walcott,ENG,"FW,MF",22.0,35,32.0,2727.0,30.3,8.0,8.0,8.0,0.0,0.0,1.0,0.0,0.26,0.26,0.53,0.26,0.53
ENG-Premier League,1112,Arsenal,Thierry Henry,FRA,FW,33.0,4,0.0,98.0,1.1,1.0,0.0,1.0,0.0,0.0,0.0,0.0,0.92,0.0,0.92,0.92,0.92
ENG-Premier League,1112,Arsenal,Thomas Vermaelen,BEL,DF,25.0,29,28.0,2477.0,27.5,6.0,1.0,6.0,0.0,0.0,7.0,0.0,0.22,0.04,0.25,0.22,0.25
ENG-Premier League,1112,Arsenal,Tomáš Rosický,CZE,MF,30.0,28,19.0,1762.0,19.6,1.0,4.0,1.0,0.0,0.0,4.0,0.0,0.05,0.2,0.26,0.05,0.26
ENG-Premier League,1112,Arsenal,Wojciech Szczęsny,POL,GK,21.0,38,38.0,3420.0,38.0,0.0,0.0,0.0,0.0,0.0,2.0,0.0,0.0,0.0,0.0,0.0,0.0
ENG-Premier League,1112,Arsenal,Yossi Benayoun,ISR,MF,31.0,19,10.0,904.0,10.0,4.0,1.0,4.0,0.0,0.0,1.0,0.0,0.4,0.1,0.5,0.4,0.5
ENG-Premier League,1112,Aston Villa,Alan Hutton,SCO,DF,26.0,31,29.0,2593.0,28.8,0.0,2.0,0.0,0.0,0.0,6.0,1.0,0.0,0.07,0.07,0.0,0.07
ENG-Premier League,1112,Aston Villa,Andreas Weimann,AUT,"FW,MF",19.0,14,5.0,562.0,6.2,2.0,0.0,2.0,0.0,0.0,0.0,0.0,0.32,0.0,0.32,0.32,0.32
ENG-Premier League,1112,Aston Villa,Barry Bannan,SCO,MF,21.0,28,10.0,1262.0,14.0,1.0,2.0,0.0,1.0,1.0,2.0,0.0,0.07,0.14,0.21,0.0,0.14
ENG-Premier League,1112,Aston Villa,Brad Guzan,USA,GK,26.0,7,6.0,593.0,6.6,0.0,0.0,0.0,0.0,0.0,0.0,0.0,0.0,0.0,0.0,0.0,0.0
ENG-Premier League,1112,Aston Villa,Carlos Cuéllar,ESP,DF,29.0,18,17.0,1491.0,16.6,0.0,1.0,0.0,0.0,0.0,2.0,0.0,0.0,0.06,0.06,0.0,0.06
ENG-Premier League,1112,Aston Villa,Charles N'Zogbia,FRA,"DF,FW",25.0,30,24.0,2072.0,23.0,2.0,4.0,2.0,0.0,0.0,4.0,0.0,0.09,0.17,0.26,0.09,0.26
ENG-Premier League,1112,Aston Villa,Chris Herd,AUS,"DF,MF",22.0,19,19.0,1466.0,16.3,1.0,0.0,1.0,0.0,0.0,2.0,1.0,0.06,0.0,0.06,0.06,0.06
ENG-Premier League,1112,Aston Villa,Ciaran Clark,IRL,"DF,MF",21.0,15,13.0,1145.0,12.7,1.0,2.0,1.0,0.0,0.0,3.0,0.0,0.08,0.16,0.24,0.08,0.24
ENG-Premier League,1112,Aston Villa,Darren Bent,ENG,FW,27.0,22,21.0,1858.0,20.6,9.0,1.0,7.0,2.0,2.0,1.0,0.0,0.44,0.05,0.48,0.34,0.39
ENG-Premier League,1112,Aston Villa,Emile Heskey,ENG,FW,33.0,28,18.0,1456.0,16.2,1.0,0.0,1.0,0.0,0.0,3.0,0.0,0.06,0.0,0.06,0.06,0.06
ENG-Premier League,1112,Aston Villa,Eric Lichaj,USA,DF,22.0,10,9.0,823.0,9.1,1.0,1.0,1.0,0.0,0.0,3.0,0.0,0.11,0.11,0.22,0.11,0.22
ENG-Premier League,1112,Aston Villa,Fabian Delph,ENG,"DF,MF",21.0,11,10.0,848.0,9.4,0.0,0.0,0.0,0.0,0.0,3.0,0.0,0.0,0.0,0.0,0.0,0.0
ENG-Premier League,1112,Aston Villa,Gabby Agbonlahor,ENG,"FW,MF",24.0,33,32.0,2762.0,30.7,5.0,5.0,5.0,0.0,0.0,6.0,0.0,0.16,0.16,0.33,0.16,0.33
ENG-Premier League,1112,Aston Villa,Gary Gardner,ENG,MF,19.0,14,5.0,612.0,6.8,0.0,0.0,0.0,0.0,0.0,1.0,0.0,0.0,0.0,0.0,0.0,0.0
ENG-Premier League,1112,Aston Villa,James Collins,WAL,DF,27.0,32,31.0,2780.0,30.9,1.0,0.0,1.0,0.0,0.0,7.0,0.0,0.03,0.0,0.03,0.03,0.03
ENG-Premier League,1112,Aston Villa,Jermaine Jenas,ENG,MF,28.0,3,1.0,108.0,1.2,0.0,0.0,0.0,0.0,0.0,0.0,0.0,0.0,0.0,0.0,0.0,0.0
ENG-Premier League,1112,Aston Villa,Luke Young,ENG,DF,32.0,2,2.0,145.0,1.6,0.0,0.0,0.0,0.0,0.0,0.0,0.0,0.0,0.0,0.0,0.0,0.0
ENG-Premier League,1112,Aston Villa,Marc Albrighton,ENG,"DF,FW",21.0,26,15.0,1498.0,16.6,2.0,2.0,2.0,0.0,0.0,3.0,0.0,0.12,0.12,0.24,0.12,0.24
ENG-Premier League,1112,Aston Villa,Nathan Baker,ENG,DF,20.0,8,6.0,551.0,6.1,0.0,0.0,0.0,0.0,0.0,0.0,0.0,0.0,0.0,0.0,0.0,0.0
ENG-Premier League,1112,Aston Villa,Nathan Delfouneso,ENG,"FW,MF",20.0,6,1.0,163.0,1.8,0.0,0.0,0.0,0.0,0.0,0.0,0.0,0.0,0.0,0.0,0.0,0.0
ENG-Premier League,1112,Aston Villa,Opponent Total,,,26.8,38,,,,,,,,,,,,,,,
ENG-Premier League,1112,Aston Villa,Richard Dunne,IRL,DF,31.0,28,28.0,2519.0,28.0,1.0,0.0,1.0,0.0,0.0,7.0,0.0,0.04,0.0,0.04,0.04,0.04
ENG-Premier League,1112,Aston Villa,Robbie Keane,IRL,FW,31.0,6,5.0,459.0,5.1,3.0,0.0,3.0,0.0,0.0,0.0,0.0,0.59,0.0,0.59,0.59,0.59
ENG-Premier League,1112,Aston Villa,Samir Carruthers,IRL,MF,18.0,3,0.0,22.0,0.2,0.0,0.0,0.0,0.0,0.0,1.0,0.0,0.0,0.0,0.0,0.0,0.0
ENG-Premier League,1112,Aston Villa,Shay Given,IRL,GK,35.0,32,32.0,2827.0,31.4,0.0,0.0,0.0,0.0,0.0,1.0,0.0,0.0,0.0,0.0,0.0,0.0
ENG-Premier League,1112,Aston Villa,Squad Total,,,27.3,38,418.0,,,37.0,26.0,34.0,3.0,3.0,69.0,2.0,0.97,0.68,1.66,0.89,1.58
ENG-Premier League,1112,Aston Villa,Stephen Ireland,IRL,MF,24.0,24,19.0,1590.0,17.7,1.0,3.0,1.0,0.0,0.0,2.0,0.0,0.06,0.17,0.23,0.06,0.23
ENG-Premier League,1112,Aston Villa,Stephen Warnock,ENG,DF,29.0,35,34.0,3053.0,33.9,2.0,2.0,2.0,0.0,0.0,6.0,0.0,0.06,0.06,0.12,0.06,0.12
ENG-Premier League,1112,Aston Villa,Stiliyan Petrov,BUL,MF,32.0,27,26.0,2324.0,25.8,4.0,2.0,4.0,0.0,0.0,7.0,0.0,0.15,0.08,0.23,0.15,0.23
ENG-Premier League,1112,Blackburn,Adam Henley,WAL,DF,17.0,7,4.0,471.0,5.2,0.0,0.0,0.0,0.0,0.0,0.0,0.0,0.0,0.0,0.0,0.0,0.0
ENG-Premier League,1112,Blackburn,Anthony Modeste,FRA,FW,23.0,9,3.0,392.0,4.4,0.0,0.0,0.0,0.0,0.0,1.0,1.0,0.0,0.0,0.0,0.0,0.0
ENG-Premier League,1112,Blackburn,Bradley Orr,ENG,DF,28.0,12,10.0,956.0,10.6,0.0,1.0,0.0,0.0,0.0,2.0,0.0,0.0,0.09,0.09,0.0,0.09
ENG-Premier League,1112,Blackburn,Brett Emerton,AUS,"DF,MF",32.0,2,2.0,135.0,1.5,0.0,0.0,0.0,0.0,0.0,1.0,0.0,0.0,0.0,0.0,0.0,0.0
ENG-Premier League,1112,Blackburn,Christopher Samba,CGO,DF,27.0,16,16.0,1349.0,15.0,2.0,2.0,2.0,0.0,0.0,2.0,0.0,0.13,0.13,0.27,0.13,0.27
ENG-Premier League,1112,Blackburn,David Dunn,ENG,MF,31.0,26,21.0,1599.0,17.8,2.0,1.0,2.0,0.0,0.0,4.0,1.0,0.11,0.06,0.17,0.11,0.17
ENG-Premier League,1112,Blackburn,David Goodwillie,SCO,FW,22.0,20,4.0,611.0,6.8,2.0,0.0,2.0,0.0,0.0,0.0,0.0,0.29,0.0,0.29,0.29,0.29
ENG-Premier League,1112,Blackburn,Gaël Givet,FRA,DF,29.0,22,21.0,1748.0,19.4,0.0,1.0,0.0,0.0,0.0,2.0,1.0,0.0,0.05,0.05,0.0,0.05
ENG-Premier League,1112,Blackburn,Grant Hanley,SCO,DF,19.0,23,19.0,1826.0,20.3,1.0,0.0,1.0,0.0,0.0,6.0,0.0,0.05,0.0,0.05,0.05,0.05
ENG-Premier League,1112,Blackburn,Jake Kean,ENG,GK,20.0,1,1.0,90.0,1.0,0.0,0.0,0.0,0.0,0.0,0.0,0.0,0.0,0.0,0.0,0.0,0.0
ENG-Premier League,1112,Blackburn,Jason Lowe,ENG,"DF,MF",19.0,32,30.0,2669.0,29.7,0.0,1.0,0.0,0.0,0.0,10.0,0.0,0.0,0.03,0.03,0.0,0.03
ENG-Premier League,1112,Blackburn,Jason Roberts,GRN,FW,33.0,10,5.0,467.0,5.2,0.0,1.0,0.0,0.0,0.0,2.0,0.0,0.0,0.19,0.19,0.0,0.19
ENG-Premier League,1112,Blackburn,Jordan Slew,ENG,FW,18.0,1,0.0,2.0,0.0,0.0,0.0,0.0,0.0,0.0,0.0,0.0,0.0,0.0,0.0,0.0,0.0
ENG-Premier League,1112,Blackburn,Josh Morris,ENG,"DF,FW",19.0,2,0.0,81.0,0.9,0.0,0.0,0.0,0.0,0.0,0.0,0.0,0.0,0.0,0.0,0.0,0.0
ENG-Premier League,1112,Blackburn,Junior Hoilett,CAN,"FW,MF",21.0,34,34.0,2948.0,32.8,7.0,5.0,7.0,0.0,1.0,5.0,0.0,0.21,0.15,0.37,0.21,0.37
ENG-Premier League,1112,Blackburn,Marcus Olsson,SWE,"DF,FW",23.0,12,10.0,992.0,11.0,0.0,1.0,0.0,0.0,0.0,1.0,0.0,0.0,0.09,0.09,0.0,0.09
ENG-Premier League,1112,Blackburn,Mark Bunn,ENG,GK,26.0,3,3.0,270.0,3.0,0.0,0.0,0.0,0.0,0.0,0.0,0.0,0.0,0.0,0.0,0.0,0.0
ENG-Premier League,1112,Blackburn,Martin Olsson,SWE,"DF,MF",23.0,27,23.0,2182.0,24.2,0.0,2.0,0.0,0.0,0.0,3.0,1.0,0.0,0.08,0.08,0.0,0.08
ENG-Premier League,1112,Blackburn,Mauro Formica,ARG,MF,23.0,34,25.0,2167.0,24.1,4.0,1.0,4.0,0.0,1.0,3.0,0.0,0.17,0.04,0.21,0.17,0.21
ENG-Premier League,1112,Blackburn,Morten Gamst Pedersen,NOR,"FW,MF",29.0,33,33.0,2828.0,31.4,3.0,4.0,3.0,0.0,0.0,6.0,0.0,0.1,0.13,0.22,0.1,0.22
ENG-Premier League,1112,Blackburn,Míchel Salgado,ESP,DF,35.0,9,9.0,652.0,7.2,0.0,0.0,0.0,0.0,0.0,4.0,0.0,0.0,0.0,0.0,0.0,0.0
ENG-Premier League,1112,Blackburn,Nick Blackman,BRB,"FW,MF",21.0,1,0.0,7.0,0.1,0.0,0.0,0.0,0.0,0.0,0.0,0.0,0.0,0.0,0.0,0.0,0.0
ENG-Premier League,1112,Blackburn,Opponent Total,,,26.8,38,,,,,,,,,,,,,,,
ENG-Premier League,1112,Blackburn,Paul Robinson,ENG,GK,31.0,34,34.0,3060.0,34.0,0.0,1.0,0.0,0.0,0.0,0.0,0.0,0.0,0.03,0.03,0.0,0.03
ENG-Premier League,1112,Blackburn,Radosav Petrović,SRB,MF,22.0,19,10.0,986.0,11.0,0.0,0.0,0.0,0.0,0.0,4.0,0.0,0.0,0.0,0.0,0.0,0.0
ENG-Premier League,1112,Blackburn,Rubén Rochina,ESP,"FW,MF",20.0,18,9.0,818.0,9.1,2.0,1.0,2.0,0.0,0.0,2.0,0.0,0.22,0.11,0.33,0.22,0.33
ENG-Premier League,1112,Blackburn,Ryan Nelsen,NZL,DF,33.0,1,1.0,90.0,1.0,0.0,0.0,0.0,0.0,0.0,0.0,0.0,0.0,0.0,0.0,0.0,0.0
ENG-Premier League,1112,Blackburn,Scott Dann,ENG,DF,24.0,27,27.0,2402.0,26.7,1.0,1.0,1.0,0.0,1.0,2.0,0.0,0.04,0.04,0.07,0.04,0.07
ENG-Premier League,1112,Blackburn,Simon Vukčević,MNE,MF,25.0,7,4.0,377.0,4.2,1.0,1.0,1.0,0.0,0.0,0.0,0.0,0.24,0.24,0.48,0.24,0.48
ENG-Premier League,1112,Blackburn,Squad Total,,,25.5,38,418.0,,,44.0,32.0,40.0,4.0,8.0,66.0,5.0,1.16,0.84,2.0,1.05,1.89
ENG-Premier League,1112,Blackburn,Steven Nzonzi,FRA,MF,22.0,32,31.0,2812.0,31.2,2.0,5.0,2.0,0.0,0.0,7.0,0.0,0.06,0.16,0.22,0.06,0.22
ENG-Premier League,1112,Blackburn,Vince Grella,AUS,MF,31.0,1,0.0,12.0,0.1,0.0,0.0,0.0,0.0,0.0,0.0,0.0,0.0,0.0,0.0,0.0,0.0
ENG-Premier League,1112,Blackburn,Yakubu Aiyegbeni,NGA,FW,28.0,30,29.0,2442.0,27.1,17.0,2.0,13.0,4.0,5.0,1.0,1.0,0.63,0.07,0.7,0.48,0.55
ENG-Premier League,1112,Bolton,Chris Eagles,ENG,MF,25.0,34,26.0,2289.0,25.4,4.0,6.0,4.0,0.0,0.0,1.0,0.0,0.16,0.24,0.39,0.16,0.39
ENG-Premier League,1112,Bolton,Darren Pratley,ENG,"DF,MF",26.0,25,14.0,1279.0,14.2,1.0,0.0,1.0,0.0,0.0,4.0,0.0,0.07,0.0,0.07,0.07,0.07
ENG-Premier League,1112,Bolton,David N'Gog,FRA,FW,22.0,33,24.0,2031.0,22.6,3.0,4.0,3.0,0.0,0.0,2.0,0.0,0.13,0.18,0.31,0.13,0.31
ENG-Premier League,1112,Bolton,David Wheater,ENG,DF,24.0,24,24.0,2010.0,22.3,2.0,2.0,2.0,0.0,0.0,1.0,2.0,0.09,0.09,0.18,0.09,0.18
ENG-Premier League,1112,Bolton,Dedryck Boyata,BEL,DF,20.0,14,13.0,1122.0,12.5,1.0,0.0,1.0,0.0,0.0,3.0,0.0,0.08,0.0,0.08,0.08,0.08
ENG-Premier League,1112,Bolton,Fabrice Muamba,ENG,MF,23.0,20,18.0,1320.0,14.7,1.0,1.0,1.0,0.0,0.0,2.0,0.0,0.07,0.07,0.14,0.07,0.14
ENG-Premier League,1112,Bolton,Gary Cahill,ENG,DF,25.0,19,19.0,1638.0,18.2,2.0,0.0,2.0,0.0,0.0,2.0,1.0,0.11,0.0,0.11,0.11,0.11
ENG-Premier League,1112,Bolton,Gaël Kakuta,COD,"FW,MF",20.0,4,0.0,72.0,0.8,0.0,0.0,0.0,0.0,0.0,0.0,0.0,0.0,0.0,0.0,0.0,0.0
ENG-Premier League,1112,Bolton,Grétar Steinsson,ISL,DF,29.0,23,20.0,1884.0,20.9,1.0,0.0,1.0,0.0,0.0,6.0,0.0,0.05,0.0,0.05,0.05,0.05
ENG-Premier League,1112,Bolton,Ivan Klasnić,CRO,FW,31.0,29,16.0,1503.0,16.7,8.0,4.0,7.0,1.0,1.0,3.0,1.0,0.48,0.24,0.72,0.42,0.66
ENG-Premier League,1112,Bolton,Joe Riley,ENG,DF,19.0,3,2.0,201.0,2.2,0.0,0.0,0.0,0.0,0.0,0.0,0.0,0.0,0.0,0.0,0.0,0.0
ENG-Premier League,1112,Bolton,Josh Vela,ENG,"DF,MF",17.0,3,0.0,40.0,0.4,0.0,0.0,0.0,0.0,0.0,1.0,0.0,0.0,0.0,0.0,0.0,0.0
ENG-Premier League,1112,Bolton,Jussi Jääskeläinen,FIN,GK,36.0,18,18.0,1620.0,18.0,0.0,0.0,0.0,0.0,0.0,1.0,0.0,0.0,0.0,0.0,0.0,0.0
ENG-Premier League,1112,Bolton,Kevin Davies,ENG,FW,34.0,31,21.0,1865.0,20.7,6.0,2.0,6.0,0.0,1.0,3.0,0.0,0.29,0.1,0.39,0.29,0.39
ENG-Premier League,1112,Bolton,Lee Chung-yong,KOR,"FW,MF",23.0,2,0.0,20.0,0.2,0.0,0.0,0.0,0.0,0.0,0.0,0.0,0.0,0.0,0.0,0.0,0.0
ENG-Premier League,1112,Bolton,Marcos Alonso,ESP,"DF,MF",20.0,5,4.0,331.0,3.7,1.0,0.0,1.0,0.0,0.0,0.0,0.0,0.27,0.0,0.27,0.27,0.27
ENG-Premier League,1112,Bolton,Mark Davies,ENG,MF,23.0,35,29.0,2754.0,30.6,4.0,0.0,4.0,0.0,0.0,4.0,0.0,0.13,0.0,0.13,0.13,0.13
ENG-Premier League,1112,Bolton,Martin Petrov,BUL,"FW,MF",32.0,31,30.0,2566.0,28.5,4.0,6.0,0.0,4.0,4.0,1.0,0.0,0.14,0.21,0.35,0.0,0.21
ENG-Premier League,1112,Bolton,Marvin Sordell,ENG,FW,20.0,3,0.0,43.0,0.5,0.0,0.0,0.0,0.0,0.0,0.0,0.0,0.0,0.0,0.0,0.0,0.0
ENG-Premier League,1112,Bolton,Nigel Reo-Coker,ENG,MF,27.0,37,37.0,3258.0,36.2,4.0,0.0,4.0,0.0,0.0,7.0,0.0,0.11,0.0,0.11,0.11,0.11
ENG-Premier League,1112,Bolton,Opponent Total,,,26.8,38,,,,,,,,,,,,,,,
ENG-Premier League,1112,Bolton,Paul Robinson,ENG,DF,32.0,17,15.0,1423.0,15.8,0.0,1.0,0.0,0.0,0.0,4.0,0.0,0.0,0.06,0.06,0.0,0.06
ENG-Premier League,1112,Bolton,Ricardo Gardner,JAM,"DF,MF",32.0,4,2.0,162.0,1.8,0.0,0.0,0.0,0.0,0.0,1.0,1.0,0.0,0.0,0.0,0.0,0.0
ENG-Premier League,1112,Bolton,Robbie Blake,ENG,"FW,MF",35.0,1,0.0,5.0,0.1,0.0,0.0,0.0,0.0,0.0,0.0,0.0,0.0,0.0,0.0,0.0,0.0
ENG-Premier League,1112,Bolton,Ryo Miyaichi,JPN,"FW,MF",18.0,12,8.0,683.0,7.6,0.0,2.0,0.0,0.0,0.0,0.0,0.0,0.0,0.26,0.26,0.0,0.26
ENG-Premier League,1112,Bolton,Sam Ricketts,WAL,DF,29.0,20,20.0,1800.0,20.0,1.0,1.0,1.0,0.0,0.0,3.0,0.0,0.05,0.05,0.1,0.05,0.1
ENG-Premier League,1112,Bolton,Squad Total,,,27.4,38,418.0,,,43.0,29.0,38.0,5.0,6.0,50.0,5.0,1.13,0.76,1.89,1.0,1.76
ENG-Premier League,1112,Bolton,Tim Ream,USA,DF,23.0,13,13.0,1170.0,13.0,0.0,1.0,0.0,0.0,0.0,1.0,0.0,0.0,0.08,0.08,0.0,0.08
ENG-Premier League,1112,Bolton,Tuncay Şanlı,TUR,"FW,MF",29.0,16,3.0,395.0,4.4,0.0,0.0,0.0,0.0,0.0,0.0,0.0,0.0,0.0,0.0,0.0,0.0
ENG-Premier League,1112,Bolton,Tyrone Mears,JAM,DF,28.0,1,1.0,90.0,1.0,0.0,0.0,0.0,0.0,0.0,0.0,0.0,0.0,0.0,0.0,0.0,0.0
ENG-Premier League,1112,Bolton,Zat Knight,ENG,DF,31.0,25,21.0,1982.0,22.0,0.0,0.0,0.0,0.0,0.0,1.0,0.0,0.0,0.0,0.0,0.0,0.0
ENG-Premier League,1112,Bolton,Ádám Bogdán,HUN,GK,23.0,20,20.0,1800.0,20.0,0.0,0.0,0.0,0.0,0.0,0.0,0.0,0.0,0.0,0.0,0.0,0.0
ENG-Premier League,1112,Chelsea,Alex,BRA,DF,29.0,3,3.0,245.0,2.7,0.0,0.0,0.0,0.0,0.0,0.0,0.0,0.0,0.0,0.0,0.0,0.0
ENG-Premier League,1112,Chelsea,Ashley Cole,ENG,DF,30.0,32,31.0,2786.0,31.0,0.0,6.0,0.0,0.0,0.0,8.0,1.0,0.0,0.19,0.19,0.0,0.19
ENG-Premier League,1112,Chelsea,Branislav Ivanović,SRB,DF,27.0,29,26.0,2265.0,25.2,3.0,1.0,3.0,0.0,0.0,6.0,0.0,0.12,0.04,0.16,0.12,0.16
ENG-Premier League,1112,Chelsea,Daniel Sturridge,ENG,"FW,MF",21.0,30,28.0,2251.0,25.0,11.0,3.0,11.0,0.0,0.0,3.0,0.0,0.44,0.12,0.56,0.44,0.56
ENG-Premier League,1112,Chelsea,David Luiz,BRA,"DF,MF",24.0,19,18.0,1619.0,18.0,2.0,1.0,2.0,0.0,0.0,5.0,0.0,0.11,0.06,0.17,0.11,0.17
ENG-Premier League,1112,Chelsea,Didier Drogba,CIV,FW,33.0,24,16.0,1480.0,16.4,5.0,1.0,4.0,1.0,1.0,1.0,1.0,0.3,0.06,0.36,0.24,0.3
ENG-Premier League,1112,Chelsea,Fernando Torres,ESP,FW,27.0,32,20.0,1913.0,21.3,6.0,4.0,6.0,0.0,0.0,4.0,1.0,0.28,0.19,0.47,0.28,0.47
ENG-Premier League,1112,Chelsea,Florent Malouda,FRA,"FW,MF",31.0,26,11.0,1163.0,12.9,2.0,3.0,2.0,0.0,0.0,3.0,0.0,0.15,0.23,0.39,0.15,0.39
ENG-Premier League,1112,Chelsea,Frank Lampard,ENG,MF,33.0,30,26.0,2248.0,25.0,11.0,5.0,8.0,3.0,4.0,5.0,0.0,0.44,0.2,0.64,0.32,0.52
ENG-Premier League,1112,Chelsea,Gary Cahill,ENG,DF,25.0,10,9.0,856.0,9.5,1.0,0.0,1.0,0.0,0.0,2.0,0.0,0.11,0.0,0.11,0.11,0.11
ENG-Premier League,1112,Chelsea,Henrique Hilário,POR,GK,35.0,2,2.0,180.0,2.0,0.0,0.0,0.0,0.0,0.0,0.0,0.0,0.0,0.0,0.0,0.0,0.0
ENG-Premier League,1112,Chelsea,John Obi Mikel,NGA,MF,24.0,22,15.0,1325.0,14.7,0.0,0.0,0.0,0.0,0.0,4.0,0.0,0.0,0.0,0.0,0.0,0.0
ENG-Premier League,1112,Chelsea,John Terry,ENG,DF,30.0,31,31.0,2790.0,31.0,6.0,1.0,6.0,0.0,0.0,8.0,0.0,0.19,0.03,0.23,0.19,0.23
ENG-Premier League,1112,Chelsea,Josh McEachran,ENG,MF,18.0,2,0.0,16.0,0.2,0.0,0.0,0.0,0.0,0.0,0.0,0.0,0.0,0.0,0.0,0.0,0.0
ENG-Premier League,1112,Chelsea,José Bosingwa,POR,DF,28.0,27,24.0,2114.0,23.5,1.0,2.0,1.0,0.0,0.0,5.0,1.0,0.04,0.09,0.13,0.04,0.13
ENG-Premier League,1112,Chelsea,Juan Mata,ESP,"FW,MF",23.0,34,29.0,2515.0,27.9,6.0,13.0,6.0,0.0,0.0,2.0,0.0,0.21,0.47,0.68,0.21,0.68
ENG-Premier League,1112,Chelsea,Michael Essien,GHA,"DF,MF",28.0,14,10.0,919.0,10.2,0.0,1.0,0.0,0.0,0.0,3.0,0.0,0.0,0.1,0.1,0.0,0.1
ENG-Premier League,1112,Chelsea,Nicolas Anelka,FRA,FW,32.0,9,3.0,421.0,4.7,1.0,1.0,1.0,0.0,0.0,0.0,0.0,0.21,0.21,0.43,0.21,0.43
ENG-Premier League,1112,Chelsea,Opponent Total,,,26.5,38,,,,,,,,,,,,,,,
ENG-Premier League,1112,Chelsea,Oriol Romeu,ESP,MF,19.0,16,11.0,955.0,10.6,0.0,0.0,0.0,0.0,0.0,2.0,0.0,0.0,0.0,0.0,0.0,0.0
ENG-Premier League,1112,Chelsea,Paulo Ferreira,POR,DF,32.0,6,3.0,369.0,4.1,0.0,0.0,0.0,0.0,0.0,1.0,0.0,0.0,0.0,0.0,0.0,0.0
ENG-Premier League,1112,Chelsea,Petr Čech,CZE,GK,29.0,34,34.0,3060.0,34.0,0.0,0.0,0.0,0.0,0.0,0.0,0.0,0.0,0.0,0.0,0.0,0.0
ENG-Premier League,1112,Chelsea,Ramires,BRA,MF,24.0,30,28.0,2471.0,27.5,5.0,1.0,5.0,0.0,0.0,4.0,0.0,0.18,0.04,0.22,0.18,0.22
ENG-Premier League,1112,Chelsea,Raul Meireles,POR,MF,28.0,28,23.0,1928.0,21.4,2.0,3.0,2.0,0.0,0.0,8.0,0.0,0.09,0.14,0.23,0.09,0.23
ENG-Premier League,1112,Chelsea,Romelu Lukaku,BEL,FW,18.0,8,1.0,165.0,1.8,0.0,1.0,0.0,0.0,0.0,0.0,0.0,0.0,0.55,0.55,0.0,0.55
ENG-Premier League,1112,Chelsea,Ross Turnbull,ENG,GK,26.0,2,2.0,180.0,2.0,0.0,0.0,0.0,0.0,0.0,0.0,0.0,0.0,0.0,0.0,0.0,0.0
ENG-Premier League,1112,Chelsea,Ryan Bertrand,ENG,"DF,MF",21.0,7,6.0,540.0,6.0,0.0,0.0,0.0,0.0,0.0,1.0,0.0,0.0,0.0,0.0,0.0,0.0
ENG-Premier League,1112,Chelsea,Salomon Kalou,CIV,"FW,MF",25.0,12,7.0,574.0,6.4,1.0,1.0,1.0,0.0,0.0,0.0,0.0,0.16,0.16,0.31,0.16,0.31
ENG-Premier League,1112,Chelsea,Sam Hutchinson,ENG,"DF,MF",21.0,2,1.0,78.0,0.9,0.0,0.0,0.0,0.0,0.0,0.0,0.0,0.0,0.0,0.0,0.0,0.0
ENG-Premier League,1112,Chelsea,Squad Total,,,27.6,38,418.0,,,63.0,45.0,59.0,4.0,5.0,74.0,4.0,1.66,1.18,2.84,1.55,2.74
ENG-Premier League,1112,Chelsea,Yossi Benayoun,ISR,MF,31.0,1,0.0,2.0,0.0,0.0,0.0,0.0,0.0,0.0,0.0,0.0,0.0,0.0,0.0,0.0,0.0
ENG-Premier League,1112,Everton,Apostolos Vellios,GRE,FW,19.0,13,2.0,260.0,2.9,3.0,1.0,3.0,0.0,0.0,1.0,0.0,1.04,0.35,1.38,1.04,1.38
ENG-Premier League,1112,Everton,Conor McAleny,ENG,"FW,MF",18.0,2,0.0,18.0,0.2,0.0,0.0,0.0,0.0,0.0,0.0,0.0,0.0,0.0,0.0,0.0,0.0
ENG-Premier League,1112,Everton,Denis Stracqualursi,ARG,FW,23.0,20,7.0,733.0,8.1,1.0,1.0,1.0,0.0,0.0,1.0,0.0,0.12,0.12,0.25,0.12,0.25
ENG-Premier League,1112,Everton,Diniyar Bilyaletdinov,RUS,MF,26.0,10,7.0,522.0,5.8,0.0,1.0,0.0,0.0,0.0,0.0,0.0,0.0,0.17,0.17,0.0,0.17
ENG-Premier League,1112,Everton,Jack Rodwell,ENG,"DF,MF",20.0,14,11.0,925.0,10.3,2.0,1.0,2.0,0.0,0.0,2.0,1.0,0.19,0.1,0.29,0.19,0.29
ENG-Premier League,1112,Everton,James McFadden,SCO,"FW,MF",28.0,7,2.0,169.0,1.9,0.0,0.0,0.0,0.0,0.0,0.0,0.0,0.0,0.0,0.0,0.0,0.0
ENG-Premier League,1112,Everton,Jermaine Beckford,JAM,FW,27.0,2,1.0,68.0,0.8,0.0,0.0,0.0,0.0,0.0,0.0,0.0,0.0,0.0,0.0,0.0,0.0
ENG-Premier League,1112,Everton,John Heitinga,NED,"DF,MF",27.0,30,29.0,2538.0,28.2,1.0,0.0,1.0,0.0,0.0,4.0,0.0,0.04,0.0,0.04,0.04,0.04
ENG-Premier League,1112,Everton,Jose Baxter,ENG,"FW,MF",19.0,1,0.0,13.0,0.1,0.0,0.0,0.0,0.0,0.0,0.0,0.0,0.0,0.0,0.0,0.0,0.0
ENG-Premier League,1112,Everton,Landon Donovan,USA,"FW,MF",29.0,7,7.0,630.0,7.0,0.0,3.0,0.0,0.0,0.0,1.0,0.0,0.0,0.43,0.43,0.0,0.43
ENG-Premier League,1112,Everton,Leighton Baines,ENG,DF,26.0,33,33.0,2970.0,33.0,4.0,2.0,1.0,3.0,3.0,7.0,0.0,0.12,0.06,0.18,0.03,0.09
ENG-Premier League,1112,Everton,Leon Osman,ENG,MF,30.0,30,28.0,2369.0,26.3,4.0,1.0,4.0,0.0,0.0,3.0,0.0,0.15,0.04,0.19,0.15,0.19
ENG-Premier League,1112,Everton,Louis Saha,FRA,FW,32.0,18,15.0,1278.0,14.2,1.0,0.0,1.0,0.0,0.0,0.0,0.0,0.07,0.0,0.07,0.07,0.07
ENG-Premier League,1112,Everton,Magaye Gueye,FRA,"FW,MF",21.0,17,3.0,550.0,6.1,1.0,2.0,1.0,0.0,0.0,1.0,0.0,0.16,0.33,0.49,0.16,0.49
ENG-Premier League,1112,Everton,Marouane Fellaini,BEL,MF,23.0,34,31.0,2857.0,31.7,3.0,4.0,3.0,0.0,0.0,6.0,0.0,0.09,0.13,0.22,0.09,0.22
ENG-Premier League,1112,Everton,Mikel Arteta,ESP,MF,29.0,2,1.0,127.0,1.4,1.0,0.0,0.0,1.0,1.0,1.0,0.0,0.71,0.0,0.71,0.0,0.0
ENG-Premier League,1112,Everton,Nikica Jelavić,CRO,FW,25.0,13,10.0,954.0,10.6,9.0,1.0,8.0,1.0,1.0,1.0,0.0,0.85,0.09,0.94,0.75,0.85
ENG-Premier League,1112,Everton,Opponent Total,,,26.8,38,,,,,,,,,,,,,,,
ENG-Premier League,1112,Everton,Phil Jagielka,ENG,"DF,MF",28.0,30,29.0,2570.0,28.6,2.0,1.0,2.0,0.0,0.0,2.0,0.0,0.07,0.04,0.11,0.07,0.11
ENG-Premier League,1112,Everton,Phil Neville,ENG,"DF,MF",34.0,27,24.0,2060.0,22.9,0.0,0.0,0.0,0.0,0.0,3.0,0.0,0.0,0.0,0.0,0.0,0.0
ENG-Premier League,1112,Everton,Ross Barkley,ENG,MF,17.0,6,2.0,216.0,2.4,0.0,0.0,0.0,0.0,0.0,0.0,0.0,0.0,0.0,0.0,0.0,0.0
ENG-Premier League,1112,Everton,Royston Drenthe,NED,"DF,MF",24.0,21,10.0,1042.0,11.6,3.0,5.0,3.0,0.0,0.0,5.0,0.0,0.26,0.43,0.69,0.26,0.69
ENG-Premier League,1112,Everton,Shane Duffy,IRL,"DF,MF",19.0,4,2.0,213.0,2.4,0.0,0.0,0.0,0.0,0.0,0.0,0.0,0.0,0.0,0.0,0.0,0.0
ENG-Premier League,1112,Everton,Squad Total,,,28.6,38,407.0,,,47.0,32.0,42.0,5.0,5.0,61.0,2.0,1.24,0.84,2.08,1.11,1.95
ENG-Premier League,1112,Everton,Steven Pienaar,RSA,MF,29.0,14,14.0,1236.0,13.7,4.0,6.0,4.0,0.0,0.0,6.0,0.0,0.29,0.44,0.73,0.29,0.73
ENG-Premier League,1112,Everton,Sylvain Distin,FRA,DF,33.0,27,24.0,2218.0,24.6,0.0,1.0,0.0,0.0,0.0,4.0,0.0,0.0,0.04,0.04,0.0,0.04
ENG-Premier League,1112,Everton,Séamus Coleman,IRL,"DF,MF",22.0,18,14.0,1127.0,12.5,0.0,0.0,0.0,0.0,0.0,2.0,0.0,0.0,0.0,0.0,0.0,0.0
ENG-Premier League,1112,Everton,Tim Cahill,AUS,"FW,MF",31.0,35,27.0,2346.0,26.1,2.0,2.0,2.0,0.0,0.0,5.0,0.0,0.08,0.08,0.15,0.08,0.15
ENG-Premier League,1112,Everton,Tim Howard,USA,GK,32.0,38,38.0,3420.0,38.0,1.0,0.0,1.0,0.0,0.0,1.0,0.0,0.03,0.0,0.03,0.03,0.03
ENG-Premier League,1112,Everton,Tony Hibbert,ENG,DF,30.0,32,31.0,2751.0,30.6,0.0,3.0,0.0,0.0,0.0,1.0,0.0,0.0,0.1,0.1,0.0,0.1
ENG-Premier League,1112,Everton,Victor Anichebe,NGA,FW,23.0,12,5.0,448.0,5.0,5.0,0.0,5.0,0.0,0.0,1.0,0.0,1.0,0.0,1.0,1.0,1.0
ENG-Premier League,1112,Fulham,Aaron Hughes,NIR,DF,31.0,19,18.0,1550.0,17.2,0.0,0.0,0.0,0.0,0.0,0.0,0.0,0.0,0.0,0.0,0.0,0.0
ENG-Premier League,1112,Fulham,Alexander Kačaniklić,SWE,"FW,MF",19.0,4,2.0,203.0,2.3,0.0,0.0,0.0,0.0,0.0,0.0,0.0,0.0,0.0,0.0,0.0,0.0
ENG-Premier League,1112,Fulham,Andrew Johnson,ENG,FW,30.0,20,13.0,1247.0,13.9,3.0,1.0,3.0,0.0,0.0,1.0,0.0,0.22,0.07,0.29,0.22,0.29
ENG-Premier League,1112,Fulham,Bobby Zamora,ENG,FW,30.0,15,14.0,1181.0,13.1,5.0,6.0,4.0,1.0,1.0,2.0,0.0,0.38,0.46,0.84,0.3,0.76
ENG-Premier League,1112,Fulham,Brede Hangeland,NOR,DF,30.0,38,38.0,3420.0,38.0,0.0,0.0,0.0,0.0,0.0,7.0,0.0,0.0,0.0,0.0,0.0,0.0
ENG-Premier League,1112,Fulham,Bryan Ruiz,CRC,"FW,MF",25.0,27,17.0,1514.0,16.8,2.0,3.0,2.0,0.0,0.0,0.0,0.0,0.12,0.18,0.3,0.12,0.3
ENG-Premier League,1112,Fulham,Chris Baird,NIR,"DF,MF",29.0,19,13.0,1274.0,14.2,0.0,0.0,0.0,0.0,0.0,6.0,0.0,0.0,0.0,0.0,0.0,0.0
ENG-Premier League,1112,Fulham,Clint Dempsey,USA,"FW,MF",28.0,37,37.0,3322.0,36.9,17.0,6.0,17.0,0.0,1.0,2.0,0.0,0.46,0.16,0.62,0.46,0.62
ENG-Premier League,1112,Fulham,Damien Duff,IRL,"FW,MF",32.0,28,23.0,2114.0,23.5,2.0,3.0,2.0,0.0,0.0,2.0,0.0,0.09,0.13,0.21,0.09,0.21
ENG-Premier League,1112,Fulham,Danny Murphy,ENG,MF,34.0,36,33.0,2727.0,30.3,3.0,5.0,1.0,2.0,2.0,7.0,0.0,0.1,0.17,0.26,0.03,0.2
ENG-Premier League,1112,Fulham,David Stockdale,ENG,GK,25.0,8,8.0,720.0,8.0,0.0,0.0,0.0,0.0,0.0,0.0,0.0,0.0,0.0,0.0,0.0,0.0
ENG-Premier League,1112,Fulham,Dickson Etuhu,NGA,MF,29.0,22,9.0,910.0,10.1,0.0,0.0,0.0,0.0,0.0,4.0,0.0,0.0,0.0,0.0,0.0,0.0
ENG-Premier League,1112,Fulham,John Arne Riise,NOR,"DF,MF",30.0,36,35.0,3139.0,34.9,0.0,4.0,0.0,0.0,0.0,2.0,0.0,0.0,0.11,0.11,0.0,0.11
ENG-Premier League,1112,Fulham,Kerim Frei,TUR,MF,17.0,16,6.0,680.0,7.6,0.0,0.0,0.0,0.0,0.0,1.0,0.0,0.0,0.0,0.0,0.0,0.0
ENG-Premier League,1112,Fulham,Mahamadou Diarra,MLI,MF,30.0,11,8.0,749.0,8.3,1.0,1.0,1.0,0.0,0.0,1.0,0.0,0.12,0.12,0.24,0.12,0.24
ENG-Premier League,1112,Fulham,Marcel Gecov,CZE,MF,23.0,2,0.0,7.0,0.1,0.0,0.0,0.0,0.0,0.0,0.0,0.0,0.0,0.0,0.0,0.0,0.0
ENG-Premier League,1112,Fulham,Marcello Trotta,ITA,FW,18.0,1,0.0,3.0,0.0,0.0,0.0,0.0,0.0,0.0,0.0,0.0,0.0,0.0,0.0,0.0,0.0
ENG-Premier League,1112,Fulham,Mark Schwarzer,AUS,GK,38.0,30,30.0,2700.0,30.0,0.0,0.0,0.0,0.0,0.0,1.0,0.0,0.0,0.0,0.0,0.0,0.0
ENG-Premier League,1112,Fulham,Matthew Briggs,GUY,DF,20.0,2,1.0,91.0,1.0,0.0,0.0,0.0,0.0,0.0,0.0,0.0,0.0,0.0,0.0,0.0,0.0
ENG-Premier League,1112,Fulham,Mousa Dembélé,BEL,MF,24.0,36,33.0,2936.0,32.6,2.0,2.0,2.0,0.0,0.0,6.0,0.0,0.06,0.06,0.12,0.06,0.12
ENG-Premier League,1112,Fulham,Opponent Total,,,26.7,38,,,,,,,,,,,,,,,
ENG-Premier League,1112,Fulham,Orlando Sá,POR,FW,23.0,7,3.0,282.0,3.1,1.0,0.0,1.0,0.0,0.0,0.0,0.0,0.32,0.0,0.32,0.32,0.32
ENG-Premier League,1112,Fulham,Pajtim Kasami,SUI,"FW,MF",19.0,7,3.0,268.0,3.0,0.0,0.0,0.0,0.0,0.0,0.0,0.0,0.0,0.0,0.0,0.0,0.0
ENG-Premier League,1112,Fulham,Pavel Pogrebnyak,RUS,FW,27.0,12,12.0,943.0,10.5,6.0,0.0,6.0,0.0,0.0,1.0,0.0,0.57,0.0,0.57,0.57,0.57
ENG-Premier League,1112,Fulham,Philippe Senderos,SUI,DF,26.0,21,21.0,1827.0,20.3,1.0,1.0,1.0,0.0,0.0,5.0,0.0,0.05,0.05,0.1,0.05,0.1
ENG-Premier League,1112,Fulham,Simon Davies,WAL,MF,31.0,6,3.0,302.0,3.4,0.0,0.0,0.0,0.0,0.0,0.0,0.0,0.0,0.0,0.0,0.0,0.0
ENG-Premier League,1112,Fulham,Squad Total,,,29.6,38,418.0,,,44.0,31.0,41.0,3.0,4.0,54.0,0.0,1.16,0.82,1.97,1.08,1.89
ENG-Premier League,1112,Fulham,Stephen Kelly,IRL,DF,27.0,24,21.0,2023.0,22.5,0.0,0.0,0.0,0.0,0.0,0.0,0.0,0.0,0.0,0.0,0.0,0.0
ENG-Premier League,1112,Fulham,Steve Sidwell,ENG,MF,28.0,14,12.0,1084.0,12.0,1.0,1.0,1.0,0.0,0.0,4.0,0.0,0.08,0.08,0.17,0.08,0.17
ENG-Premier League,1112,Fulham,Zdeněk Grygera,CZE,DF,31.0,5,5.0,404.0,4.5,0.0,0.0,0.0,0.0,0.0,2.0,0.0,0.0,0.0,0.0,0.0,0.0
ENG-Premier League,1112,Liverpool,Andy Carroll,ENG,FW,22.0,35,21.0,2074.0,23.0,4.0,2.0,4.0,0.0,0.0,5.0,0.0,0.17,0.09,0.26,0.17,0.26
ENG-Premier League,1112,Liverpool,Brad Jones,AUS,GK,29.0,1,0.0,65.0,0.7,0.0,0.0,0.0,0.0,0.0,1.0,0.0,0.0,0.0,0.0,0.0,0.0
ENG-Premier League,1112,Liverpool,Charlie Adam,SCO,MF,25.0,28,27.0,2168.0,24.1,2.0,6.0,1.0,1.0,2.0,5.0,1.0,0.08,0.25,0.33,0.04,0.29
ENG-Premier League,1112,Liverpool,Craig Bellamy,WAL,FW,32.0,27,12.0,1249.0,13.9,6.0,3.0,6.0,0.0,0.0,6.0,0.0,0.43,0.22,0.65,0.43,0.65
ENG-Premier League,1112,Liverpool,Daniel Agger,DEN,DF,26.0,27,24.0,2140.0,23.8,1.0,1.0,1.0,0.0,0.0,6.0,0.0,0.04,0.04,0.08,0.04,0.08
ENG-Premier League,1112,Liverpool,Dirk Kuyt,NED,"DF,FW",31.0,34,22.0,2008.0,22.3,2.0,1.0,2.0,0.0,0.0,3.0,0.0,0.09,0.04,0.13,0.09,0.13
ENG-Premier League,1112,Liverpool,Doni,BRA,GK,31.0,4,4.0,295.0,3.3,0.0,0.0,0.0,0.0,0.0,0.0,1.0,0.0,0.0,0.0,0.0,0.0
ENG-Premier League,1112,Liverpool,Fábio Aurélio,BRA,"DF,MF",31.0,2,1.0,65.0,0.7,0.0,0.0,0.0,0.0,0.0,0.0,0.0,0.0,0.0,0.0,0.0,0.0
ENG-Premier League,1112,Liverpool,Glen Johnson,ENG,DF,26.0,23,22.0,1952.0,21.7,1.0,1.0,1.0,0.0,0.0,2.0,0.0,0.05,0.05,0.09,0.05,0.09
ENG-Premier League,1112,Liverpool,Jamie Carragher,ENG,"DF,MF",33.0,21,19.0,1728.0,19.2,0.0,0.0,0.0,0.0,0.0,1.0,0.0,0.0,0.0,0.0,0.0,0.0
ENG-Premier League,1112,Liverpool,Jay Spearing,ENG,MF,22.0,16,15.0,1299.0,14.4,0.0,1.0,0.0,0.0,0.0,0.0,1.0,0.0,0.07,0.07,0.0,0.07
ENG-Premier League,1112,Liverpool,Jon Flanagan,ENG,DF,18.0,5,5.0,385.0,4.3,0.0,0.0,0.0,0.0,0.0,2.0,0.0,0.0,0.0,0.0,0.0,0.0
ENG-Premier League,1112,Liverpool,Jonjo Shelvey,ENG,MF,19.0,13,8.0,730.0,8.1,1.0,0.0,1.0,0.0,0.0,2.0,0.0,0.12,0.0,0.12,0.12,0.12
ENG-Premier League,1112,Liverpool,Jordan Henderson,ENG,MF,21.0,37,31.0,2658.0,29.5,2.0,1.0,2.0,0.0,0.0,3.0,0.0,0.07,0.03,0.1,0.07,0.1
ENG-Premier League,1112,Liverpool,José Enrique,ESP,DF,25.0,35,33.0,2995.0,33.3,0.0,2.0,0.0,0.0,0.0,2.0,0.0,0.0,0.06,0.06,0.0,0.06
ENG-Premier League,1112,Liverpool,Lucas Leiva,BRA,MF,24.0,12,12.0,1043.0,11.6,0.0,0.0,0.0,0.0,0.0,5.0,0.0,0.0,0.0,0.0,0.0,0.0
ENG-Premier League,1112,Liverpool,Luis Suárez,URU,FW,24.0,31,29.0,2544.0,28.3,11.0,3.0,11.0,0.0,1.0,5.0,0.0,0.39,0.11,0.5,0.39,0.5
ENG-Premier League,1112,Liverpool,Martin Kelly,ENG,"DF,MF",21.0,12,12.0,962.0,10.7,0.0,0.0,0.0,0.0,0.0,1.0,0.0,0.0,0.0,0.0,0.0,0.0
ENG-Premier League,1112,Liverpool,Martin Škrtel,SVK,DF,26.0,34,33.0,2994.0,33.3,2.0,1.0,2.0,0.0,0.0,3.0,1.0,0.06,0.03,0.09,0.06,0.09
ENG-Premier League,1112,Liverpool,Maxi Rodríguez,ARG,"FW,MF",30.0,12,10.0,790.0,8.8,4.0,1.0,4.0,0.0,0.0,1.0,0.0,0.46,0.11,0.57,0.46,0.57
ENG-Premier League,1112,Liverpool,Opponent Total,,,26.8,38,,,,,,,,,,,,,,,
ENG-Premier League,1112,Liverpool,Pepe Reina,ESP,GK,28.0,34,34.0,3052.0,33.9,0.0,0.0,0.0,0.0,0.0,0.0,1.0,0.0,0.0,0.0,0.0,0.0
ENG-Premier League,1112,Liverpool,Raheem Sterling,ENG,"FW,MF",16.0,3,0.0,30.0,0.3,0.0,0.0,0.0,0.0,0.0,0.0,0.0,0.0,0.0,0.0,0.0,0.0
ENG-Premier League,1112,Liverpool,Raul Meireles,POR,MF,28.0,2,0.0,36.0,0.4,0.0,1.0,0.0,0.0,0.0,0.0,0.0,0.0,2.5,2.5,0.0,2.5
ENG-Premier League,1112,Liverpool,Sebastián Coates,URU,DF,20.0,7,4.0,487.0,5.4,1.0,0.0,1.0,0.0,0.0,1.0,0.0,0.18,0.0,0.18,0.18,0.18
ENG-Premier League,1112,Liverpool,Squad Total,,,26.3,38,418.0,,,42.0,23.0,41.0,1.0,4.0,52.0,5.0,1.11,0.61,1.71,1.08,1.68
ENG-Premier League,1112,Liverpool,Steven Gerrard,ENG,MF,31.0,18,12.0,1218.0,13.5,5.0,2.0,5.0,0.0,0.0,0.0,0.0,0.37,0.15,0.52,0.37,0.52
ENG-Premier League,1112,Liverpool,Stewart Downing,ENG,"FW,MF",27.0,36,28.0,2473.0,27.5,0.0,0.0,0.0,0.0,1.0,1.0,0.0,0.0,0.0,0.0,0.0,0.0
ENG-Premier League,1112,Manchester City,Abdul Razak,CIV,MF,18.0,1,0.0,11.0,0.1,0.0,0.0,0.0,0.0,0.0,0.0,0.0,0.0,0.0,0.0,0.0,0.0
ENG-Premier League,1112,Manchester City,Adam Johnson,ENG,MF,24.0,26,10.0,1147.0,12.7,6.0,2.0,6.0,0.0,0.0,1.0,0.0,0.47,0.16,0.63,0.47,0.63
ENG-Premier League,1112,Manchester City,Aleksandar Kolarov,SRB,DF,25.0,12,9.0,823.0,9.1,2.0,4.0,2.0,0.0,0.0,1.0,0.0,0.22,0.44,0.66,0.22,0.66
ENG-Premier League,1112,Manchester City,Carlos Tevez,ARG,"FW,MF",27.0,13,7.0,601.0,6.7,4.0,3.0,4.0,0.0,1.0,1.0,0.0,0.6,0.45,1.05,0.6,1.05
ENG-Premier League,1112,Manchester City,David Pizarro,CHI,MF,31.0,5,1.0,165.0,1.8,0.0,1.0,0.0,0.0,0.0,0.0,0.0,0.0,0.55,0.55,0.0,0.55
ENG-Premier League,1112,Manchester City,David Silva,ESP,"FW,MF",25.0,36,33.0,2800.0,31.1,6.0,15.0,6.0,0.0,0.0,0.0,0.0,0.19,0.48,0.68,0.19,0.68
ENG-Premier League,1112,Manchester City,Edin Džeko,BIH,FW,25.0,30,16.0,1509.0,16.8,14.0,3.0,14.0,0.0,0.0,1.0,0.0,0.83,0.18,1.01,0.83,1.01
ENG-Premier League,1112,Manchester City,Gareth Barry,ENG,MF,30.0,34,31.0,2735.0,30.4,1.0,3.0,1.0,0.0,0.0,9.0,1.0,0.03,0.1,0.13,0.03,0.13
ENG-Premier League,1112,Manchester City,Gaël Clichy,FRA,DF,26.0,28,28.0,2488.0,27.6,0.0,4.0,0.0,0.0,0.0,2.0,1.0,0.0,0.14,0.14,0.0,0.14
ENG-Premier League,1112,Manchester City,James Milner,ENG,"DF,MF",25.0,26,17.0,1586.0,17.6,3.0,5.0,2.0,1.0,1.0,3.0,0.0,0.17,0.28,0.45,0.11,0.4
ENG-Premier League,1112,Manchester City,Joe Hart,ENG,GK,24.0,38,38.0,3420.0,38.0,0.0,0.0,0.0,0.0,0.0,0.0,0.0,0.0,0.0,0.0,0.0,0.0
ENG-Premier League,1112,Manchester City,Joleon Lescott,ENG,DF,28.0,31,30.0,2686.0,29.8,2.0,1.0,2.0,0.0,0.0,1.0,0.0,0.07,0.03,0.1,0.07,0.1
ENG-Premier League,1112,Manchester City,Kolo Touré,CIV,DF,30.0,14,8.0,853.0,9.5,0.0,0.0,0.0,0.0,0.0,0.0,0.0,0.0,0.0,0.0,0.0,0.0
ENG-Premier League,1112,Manchester City,Mario Balotelli,ITA,FW,20.0,23,14.0,1328.0,14.8,13.0,1.0,10.0,3.0,3.0,6.0,2.0,0.88,0.07,0.95,0.68,0.75
ENG-Premier League,1112,Manchester City,Micah Richards,ENG,DF,23.0,29,23.0,2044.0,22.7,1.0,5.0,1.0,0.0,0.0,2.0,0.0,0.04,0.22,0.26,0.04,0.26
ENG-Premier League,1112,Manchester City,Nedum Onuoha,ENG,DF,24.0,1,0.0,10.0,0.1,0.0,0.0,0.0,0.0,0.0,0.0,0.0,0.0,0.0,0.0,0.0,0.0
ENG-Premier League,1112,Manchester City,Nigel de Jong,NED,MF,26.0,21,11.0,1077.0,12.0,0.0,0.0,0.0,0.0,0.0,5.0,0.0,0.0,0.0,0.0,0.0,0.0
ENG-Premier League,1112,Manchester City,Opponent Total,,,26.9,38,,,,,,,,,,,,,,,
ENG-Premier League,1112,Manchester City,Owen Hargreaves,ENG,MF,30.0,1,0.0,14.0,0.2,0.0,0.0,0.0,0.0,0.0,0.0,0.0,0.0,0.0,0.0,0.0,0.0
ENG-Premier League,1112,Manchester City,Pablo Zabaleta,ARG,"DF,MF",26.0,21,18.0,1549.0,17.2,1.0,0.0,1.0,0.0,0.0,5.0,0.0,0.06,0.0,0.06,0.06,0.06
ENG-Premier League,1112,Manchester City,Samir Nasri,FRA,"FW,MF",24.0,30,26.0,2159.0,24.0,5.0,9.0,5.0,0.0,0.0,2.0,0.0,0.21,0.38,0.58,0.21,0.58
ENG-Premier League,1112,Manchester City,Sergio Agüero,ARG,FW,23.0,34,31.0,2575.0,28.6,23.0,8.0,20.0,3.0,3.0,2.0,0.0,0.8,0.28,1.08,0.7,0.98
ENG-Premier League,1112,Manchester City,Squad Total,,,25.8,38,418.0,,,91.0,73.0,84.0,7.0,8.0,51.0,5.0,2.39,1.92,4.32,2.21,4.13
ENG-Premier League,1112,Manchester City,Stefan Savić,MNE,"DF,MF",20.0,11,5.0,550.0,6.1,1.0,0.0,1.0,0.0,0.0,1.0,0.0,0.16,0.0,0.16,0.16,0.16
ENG-Premier League,1112,Manchester City,Vincent Kompany,BEL,DF,25.0,31,31.0,2774.0,30.8,3.0,1.0,3.0,0.0,0.0,5.0,1.0,0.1,0.03,0.13,0.1,0.13
ENG-Premier League,1112,Manchester City,Yaya Touré,CIV,MF,28.0,32,31.0,2643.0,29.4,6.0,6.0,6.0,0.0,0.0,8.0,0.0,0.2,0.2,0.41,0.2,0.41
ENG-Premier League,1112,Manchester Utd,Anders Lindegaard,DEN,GK,27.0,8,8.0,720.0,8.0,0.0,0.0,0.0,0.0,0.0,0.0,0.0,0.0,0.0,0.0,0.0,0.0
ENG-Premier League,1112,Manchester Utd,Anderson,BRA,MF,23.0,10,8.0,690.0,7.7,2.0,1.0,2.0,0.0,0.0,2.0,0.0,0.26,0.13,0.39,0.26,0.39
ENG-Premier League,1112,Manchester Utd,Antonio Valencia,ECU,"DF,MF",25.0,27,22.0,2124.0,23.6,4.0,13.0,4.0,0.0,0.0,3.0,0.0,0.17,0.55,0.72,0.17,0.72
ENG-Premier League,1112,Manchester Utd,Ashley Young,ENG,"DF,FW",26.0,25,19.0,1565.0,17.4,6.0,7.0,6.0,0.0,0.0,3.0,0.0,0.35,0.4,0.75,0.35,0.75
ENG-Premier League,1112,Manchester Utd,Ben Amos,ENG,GK,21.0,1,1.0,90.0,1.0,0.0,0.0,0.0,0.0,0.0,0.0,0.0,0.0,0.0,0.0,0.0,0.0
ENG-Premier League,1112,Manchester Utd,Chris Smalling,ENG,DF,21.0,19,14.0,1297.0,14.4,1.0,0.0,1.0,0.0,0.0,1.0,0.0,0.07,0.0,0.07,0.07,0.07
ENG-Premier League,1112,Manchester Utd,Danny Welbeck,ENG,"FW,MF",20.0,30,23.0,2012.0,22.4,9.0,4.0,9.0,0.0,0.0,3.0,0.0,0.4,0.18,0.58,0.4,0.58
ENG-Premier League,1112,Manchester Utd,Darren Fletcher,SCO,MF,27.0,8,7.0,644.0,7.2,1.0,1.0,1.0,0.0,0.0,1.0,0.0,0.14,0.14,0.28,0.14,0.28
ENG-Premier League,1112,Manchester Utd,Darron Gibson,IRL,MF,23.0,1,1.0,90.0,1.0,0.0,2.0,0.0,0.0,0.0,0.0,0.0,0.0,2.0,2.0,0.0,2.0
ENG-Premier League,1112,Manchester Utd,David de Gea,ESP,GK,20.0,29,29.0,2610.0,29.0,0.0,0.0,0.0,0.0,0.0,0.0,0.0,0.0,0.0,0.0,0.0,0.0
ENG-Premier League,1112,Manchester Utd,Dimitar Berbatov,BUL,FW,30.0,12,5.0,521.0,5.8,7.0,0.0,5.0,2.0,2.0,0.0,0.0,1.21,0.0,1.21,0.86,0.86
ENG-Premier League,1112,Manchester Utd,Federico Macheda,ITA,FW,19.0,3,0.0,48.0,0.5,0.0,0.0,0.0,0.0,0.0,0.0,0.0,0.0,0.0,0.0,0.0,0.0
ENG-Premier League,1112,Manchester Utd,Fábio,BRA,DF,21.0,5,2.0,248.0,2.8,0.0,0.0,0.0,0.0,0.0,1.0,0.0,0.0,0.0,0.0,0.0,0.0
ENG-Premier League,1112,Manchester Utd,Javier Hernández,MEX,FW,23.0,28,18.0,1477.0,16.4,10.0,2.0,9.0,1.0,1.0,0.0,0.0,0.61,0.12,0.73,0.55,0.67
ENG-Premier League,1112,Manchester Utd,Jonny Evans,NIR,DF,23.0,29,28.0,2424.0,26.9,1.0,3.0,1.0,0.0,0.0,6.0,1.0,0.04,0.11,0.15,0.04,0.15
ENG-Premier League,1112,Manchester Utd,Michael Carrick,ENG,MF,30.0,30,27.0,2501.0,27.8,2.0,3.0,2.0,0.0,0.0,4.0,0.0,0.07,0.11,0.18,0.07,0.18
ENG-Premier League,1112,Manchester Utd,Michael Owen,ENG,FW,31.0,1,0.0,80.0,0.9,0.0,0.0,0.0,0.0,0.0,0.0,0.0,0.0,0.0,0.0,0.0,0.0
ENG-Premier League,1112,Manchester Utd,Nani,POR,"FW,MF",24.0,29,24.0,2104.0,23.4,8.0,10.0,8.0,0.0,0.0,2.0,0.0,0.34,0.43,0.77,0.34,0.77
ENG-Premier League,1112,Manchester Utd,Nemanja Vidić,SRB,DF,29.0,6,6.0,501.0,5.6,0.0,0.0,0.0,0.0,0.0,0.0,0.0,0.0,0.0,0.0,0.0,0.0
ENG-Premier League,1112,Manchester Utd,Opponent Total,,,26.6,38,,,,,,,,,,,,,,,
ENG-Premier League,1112,Manchester Utd,Park Ji-sung,KOR,MF,30.0,17,10.0,932.0,10.4,2.0,1.0,2.0,0.0,0.0,0.0,0.0,0.19,0.1,0.29,0.19,0.29
ENG-Premier League,1112,Manchester Utd,Patrice Evra,FRA,DF,30.0,37,37.0,3234.0,35.9,0.0,4.0,0.0,0.0,0.0,6.0,0.0,0.0,0.11,0.11,0.0,0.11
ENG-Premier League,1112,Manchester Utd,Paul Pogba,FRA,MF,18.0,3,0.0,71.0,0.8,0.0,0.0,0.0,0.0,0.0,0.0,0.0,0.0,0.0,0.0,0.0,0.0
ENG-Premier League,1112,Manchester Utd,Paul Scholes,ENG,MF,36.0,17,14.0,1163.0,12.9,4.0,0.0,4.0,0.0,0.0,3.0,0.0,0.31,0.0,0.31,0.31,0.31
ENG-Premier League,1112,Manchester Utd,Phil Jones,ENG,"DF,MF",19.0,29,25.0,2125.0,23.6,1.0,2.0,1.0,0.0,0.0,6.0,0.0,0.04,0.08,0.13,0.04,0.13
ENG-Premier League,1112,Manchester Utd,Rafael,BRA,"DF,MF",21.0,12,10.0,911.0,10.1,0.0,4.0,0.0,0.0,0.0,2.0,0.0,0.0,0.4,0.4,0.0,0.4
ENG-Premier League,1112,Manchester Utd,Rio Ferdinand,ENG,DF,32.0,30,29.0,2562.0,28.5,0.0,0.0,0.0,0.0,0.0,4.0,0.0,0.0,0.0,0.0,0.0,0.0
ENG-Premier League,1112,Manchester Utd,Ryan Giggs,WAL,"FW,MF",37.0,25,14.0,1478.0,16.4,2.0,8.0,2.0,0.0,0.0,2.0,0.0,0.12,0.49,0.61,0.12,0.61
ENG-Premier League,1112,Manchester Utd,Squad Total,,,26.3,38,418.0,,,87.0,69.0,78.0,9.0,11.0,51.0,1.0,2.29,1.82,4.11,2.05,3.87
ENG-Premier League,1112,Manchester Utd,Tom Cleverley,ENG,MF,21.0,10,5.0,450.0,5.0,0.0,1.0,0.0,0.0,0.0,0.0,0.0,0.0,0.2,0.2,0.0,0.2
ENG-Premier League,1112,Manchester Utd,Wayne Rooney,ENG,"FW,MF",25.0,34,32.0,2830.0,31.4,27.0,4.0,21.0,6.0,8.0,1.0,0.0,0.86,0.13,0.99,0.67,0.8
ENG-Premier League,1112,Manchester Utd,Will Keane,IRL,"FW,MF",18.0,1,0.0,6.0,0.1,0.0,0.0,0.0,0.0,0.0,0.0,0.0,0.0,0.0,0.0,0.0,0.0
ENG-Premier League,1112,Manchester Utd,Zeki Fryers,ENG,DF,18.0,2,0.0,69.0,0.8,0.0,0.0,0.0,0.0,0.0,0.0,0.0,0.0,0.0,0.0,0.0,0.0
ENG-Premier League,1112,Newcastle Utd,Alan Smith,ENG,"FW,MF",30.0,2,0.0,7.0,0.1,0.0,0.0,0.0,0.0,0.0,1.0,0.0,0.0,0.0,0.0,0.0,0.0
ENG-Premier League,1112,Newcastle Utd,Cheick Tioté,CIV,MF,25.0,24,24.0,2038.0,22.6,0.0,1.0,0.0,0.0,0.0,11.0,0.0,0.0,0.04,0.04,0.0,0.04
ENG-Premier League,1112,Newcastle Utd,Dan Gosling,ENG,"DF,MF",21.0,12,1.0,248.0,2.8,1.0,0.0,1.0,0.0,0.0,2.0,1.0,0.36,0.0,0.36,0.36,0.36
ENG-Premier League,1112,Newcastle Utd,Danny Guthrie,ENG,MF,24.0,16,13.0,1129.0,12.5,1.0,0.0,1.0,0.0,0.0,3.0,0.0,0.08,0.0,0.08,0.08,0.08
ENG-Premier League,1112,Newcastle Utd,Danny Simpson,ENG,DF,24.0,35,35.0,3117.0,34.6,0.0,0.0,0.0,0.0,0.0,7.0,0.0,0.0,0.0,0.0,0.0,0.0
ENG-Premier League,1112,Newcastle Utd,Davide Santon,ITA,DF,20.0,24,19.0,1662.0,18.5,0.0,1.0,0.0,0.0,0.0,1.0,0.0,0.0,0.05,0.05,0.0,0.05
ENG-Premier League,1112,Newcastle Utd,Demba Ba,SEN,FW,26.0,34,32.0,2721.0,30.2,16.0,2.0,14.0,2.0,3.0,1.0,0.0,0.53,0.07,0.6,0.46,0.53
ENG-Premier League,1112,Newcastle Utd,Fabricio Coloccini,ARG,"DF,MF",29.0,35,35.0,3041.0,33.8,0.0,0.0,0.0,0.0,0.0,2.0,0.0,0.0,0.0,0.0,0.0,0.0
ENG-Premier League,1112,Newcastle Utd,Gabriel Obertan,FRA,"FW,MF",22.0,23,18.0,1552.0,17.2,1.0,3.0,1.0,0.0,0.0,0.0,0.0,0.06,0.17,0.23,0.06,0.23
ENG-Premier League,1112,Newcastle Utd,Haris Vučkić,SVN,"FW,MF",18.0,4,2.0,170.0,1.9,0.0,0.0,0.0,0.0,0.0,0.0,0.0,0.0,0.0,0.0,0.0,0.0
ENG-Premier League,1112,Newcastle Utd,Hatem Ben Arfa,FRA,"FW,MF",24.0,26,16.0,1557.0,17.3,5.0,5.0,5.0,0.0,0.0,2.0,0.0,0.29,0.29,0.58,0.29,0.58
ENG-Premier League,1112,Newcastle Utd,James Perch,ENG,"DF,MF",25.0,25,13.0,1341.0,14.9,0.0,0.0,0.0,0.0,0.0,3.0,0.0,0.0,0.0,0.0,0.0,0.0
ENG-Premier League,1112,Newcastle Utd,Joey Barton,ENG,MF,28.0,2,2.0,180.0,2.0,0.0,0.0,0.0,0.0,0.0,2.0,0.0,0.0,0.0,0.0,0.0,0.0
ENG-Premier League,1112,Newcastle Utd,Jonás Gutiérrez,ARG,MF,28.0,37,37.0,3305.0,36.7,2.0,3.0,2.0,0.0,0.0,5.0,1.0,0.05,0.08,0.14,0.05,0.14
ENG-Premier League,1112,Newcastle Utd,Leon Best,IRL,FW,24.0,18,16.0,1151.0,12.8,4.0,2.0,4.0,0.0,0.0,2.0,0.0,0.31,0.16,0.47,0.31,0.47
ENG-Premier League,1112,Newcastle Utd,Mike Williamson,ENG,DF,27.0,22,21.0,1896.0,21.1,0.0,1.0,0.0,0.0,0.0,4.0,0.0,0.0,0.05,0.05,0.0,0.05
ENG-Premier League,1112,Newcastle Utd,Opponent Total,,,27.0,38,,,,,,,,,,,,,,,
ENG-Premier League,1112,Newcastle Utd,Papiss Cissé,SEN,FW,26.0,14,13.0,1106.0,12.3,13.0,1.0,13.0,0.0,0.0,1.0,0.0,1.06,0.08,1.14,1.06,1.14
ENG-Premier League,1112,Newcastle Utd,Peter Løvenkrands,DEN,"FW,MF",31.0,9,2.0,209.0,2.3,0.0,1.0,0.0,0.0,0.0,0.0,0.0,0.0,0.43,0.43,0.0,0.43
ENG-Premier League,1112,Newcastle Utd,Ryan Taylor,ENG,"DF,MF",26.0,31,23.0,2127.0,23.6,2.0,3.0,2.0,0.0,0.0,5.0,0.0,0.08,0.13,0.21,0.08,0.21
ENG-Premier League,1112,Newcastle Utd,Sammy Ameobi,ENG,"FW,MF",19.0,10,1.0,202.0,2.2,0.0,0.0,0.0,0.0,0.0,0.0,0.0,0.0,0.0,0.0,0.0,0.0
ENG-Premier League,1112,Newcastle Utd,Shane Ferguson,NIR,"DF,MF",20.0,7,0.0,160.0,1.8,0.0,0.0,0.0,0.0,0.0,1.0,0.0,0.0,0.0,0.0,0.0,0.0
ENG-Premier League,1112,Newcastle Utd,Shola Ameobi,NGA,FW,29.0,27,8.0,1023.0,11.4,2.0,5.0,2.0,0.0,0.0,3.0,0.0,0.18,0.44,0.62,0.18,0.62
ENG-Premier League,1112,Newcastle Utd,Squad Total,,,25.6,38,418.0,,,51.0,36.0,49.0,2.0,3.0,65.0,2.0,1.34,0.95,2.29,1.29,2.24
ENG-Premier League,1112,Newcastle Utd,Steven Taylor,ENG,DF,25.0,14,14.0,1260.0,14.0,0.0,0.0,0.0,0.0,0.0,1.0,0.0,0.0,0.0,0.0,0.0,0.0
ENG-Premier League,1112,Newcastle Utd,Sylvain Marveaux,FRA,"FW,MF",25.0,7,1.0,141.0,1.6,0.0,1.0,0.0,0.0,0.0,0.0,0.0,0.0,0.64,0.64,0.0,0.64
ENG-Premier League,1112,Newcastle Utd,Tim Krul,NED,GK,23.0,38,38.0,3420.0,38.0,0.0,0.0,0.0,0.0,0.0,4.0,0.0,0.0,0.0,0.0,0.0,0.0
ENG-Premier League,1112,Newcastle Utd,Yohan Cabaye,FRA,MF,25.0,34,34.0,2821.0,31.3,4.0,6.0,4.0,0.0,0.0,6.0,0.0,0.13,0.19,0.32,0.13,0.32
ENG-Premier League,1112,Norwich City,Aaron Wilbraham,ENG,FW,31.0,11,2.0,314.0,3.5,1.0,1.0,1.0,0.0,0.0,1.0,0.0,0.29,0.29,0.57,0.29,0.57
ENG-Premier League,1112,Norwich City,Adam Drury,ENG,DF,32.0,12,12.0,901.0,10.0,0.0,0.0,0.0,0.0,0.0,2.0,0.0,0.0,0.0,0.0,0.0,0.0
ENG-Premier League,1112,Norwich City,Andrew Crofts,WAL,MF,27.0,24,13.0,1285.0,14.3,0.0,1.0,0.0,0.0,0.0,3.0,0.0,0.0,0.07,0.07,0.0,0.07
ENG-Premier League,1112,Norwich City,Andrew Surman,ENG,MF,24.0,25,21.0,1914.0,21.3,4.0,0.0,4.0,0.0,0.0,1.0,0.0,0.19,0.0,0.19,0.19,0.19
ENG-Premier League,1112,Norwich City,Anthony Pilkington,IRL,"FW,MF",23.0,30,23.0,1974.0,21.9,8.0,1.0,8.0,0.0,0.0,1.0,0.0,0.36,0.05,0.41,0.36,0.41
ENG-Premier League,1112,Norwich City,Bradley Johnson,ENG,"DF,MF",24.0,28,25.0,2102.0,23.4,2.0,5.0,2.0,0.0,0.0,2.0,0.0,0.09,0.21,0.3,0.09,0.3
ENG-Premier League,1112,Norwich City,Chris Martin,SCO,FW,22.0,4,3.0,238.0,2.6,0.0,0.0,0.0,0.0,0.0,0.0,0.0,0.0,0.0,0.0,0.0,0.0
ENG-Premier League,1112,Norwich City,Daniel Ayala,ESP,DF,20.0,7,6.0,497.0,5.5,0.0,0.0,0.0,0.0,0.0,2.0,0.0,0.0,0.0,0.0,0.0,0.0
ENG-Premier League,1112,Norwich City,David Fox,ENG,MF,27.0,28,23.0,1931.0,21.5,0.0,3.0,0.0,0.0,0.0,3.0,0.0,0.0,0.14,0.14,0.0,0.14
ENG-Premier League,1112,Norwich City,Declan Rudd,ENG,GK,20.0,2,1.0,100.0,1.1,0.0,0.0,0.0,0.0,0.0,0.0,0.0,0.0,0.0,0.0,0.0,0.0
ENG-Premier League,1112,Norwich City,Elliott Bennett,ENG,"DF,MF",22.0,33,22.0,2013.0,22.4,1.0,4.0,1.0,0.0,0.0,5.0,0.0,0.04,0.18,0.22,0.04,0.22
ENG-Premier League,1112,Norwich City,Elliott Ward,ENG,DF,26.0,12,12.0,1080.0,12.0,0.0,1.0,0.0,0.0,0.0,2.0,0.0,0.0,0.08,0.08,0.0,0.08
ENG-Premier League,1112,Norwich City,Grant Holt,ENG,FW,30.0,36,24.0,2250.0,25.0,15.0,2.0,13.0,2.0,2.0,7.0,1.0,0.6,0.08,0.68,0.52,0.6
ENG-Premier League,1112,Norwich City,James Vaughan,ENG,FW,23.0,5,1.0,151.0,1.7,0.0,0.0,0.0,0.0,0.0,1.0,0.0,0.0,0.0,0.0,0.0,0.0
ENG-Premier League,1112,Norwich City,John Ruddy,ENG,GK,24.0,37,37.0,3320.0,36.9,0.0,0.0,0.0,0.0,0.0,1.0,1.0,0.0,0.0,0.0,0.0,0.0
ENG-Premier League,1112,Norwich City,Jonny Howson,ENG,"DF,MF",23.0,11,11.0,945.0,10.5,1.0,1.0,1.0,0.0,0.0,3.0,0.0,0.1,0.1,0.19,0.1,0.19
ENG-Premier League,1112,Norwich City,Kyle Naughton,ENG,DF,22.0,32,29.0,2704.0,30.0,0.0,1.0,0.0,0.0,0.0,7.0,0.0,0.0,0.03,0.03,0.0,0.03
ENG-Premier League,1112,Norwich City,Leon Barnett,ENG,DF,25.0,17,13.0,1232.0,13.7,1.0,1.0,1.0,0.0,0.0,2.0,1.0,0.07,0.07,0.15,0.07,0.15
ENG-Premier League,1112,Norwich City,Marc Tierney,ENG,DF,25.0,17,17.0,1530.0,17.0,0.0,1.0,0.0,0.0,0.0,2.0,0.0,0.0,0.06,0.06,0.0,0.06
ENG-Premier League,1112,Norwich City,Opponent Total,,,27.0,38,,,,,,,,,,,,,,,
ENG-Premier League,1112,Norwich City,Ritchie De Laet,BEL,DF,22.0,6,6.0,480.0,5.3,1.0,0.0,1.0,0.0,0.0,1.0,0.0,0.19,0.0,0.19,0.19,0.19
ENG-Premier League,1112,Norwich City,Russell Martin,SCO,DF,25.0,33,30.0,2853.0,31.7,2.0,1.0,2.0,0.0,0.0,1.0,0.0,0.06,0.03,0.09,0.06,0.09
ENG-Premier League,1112,Norwich City,Ryan Bennett,ENG,DF,21.0,8,8.0,720.0,8.0,0.0,0.0,0.0,0.0,0.0,2.0,0.0,0.0,0.0,0.0,0.0,0.0
ENG-Premier League,1112,Norwich City,Simeon Jackson,CAN,FW,24.0,22,10.0,945.0,10.5,3.0,2.0,3.0,0.0,0.0,1.0,0.0,0.29,0.19,0.48,0.29,0.48
ENG-Premier League,1112,Norwich City,Simon Lappin,SCO,"DF,MF",28.0,4,4.0,290.0,3.2,0.0,0.0,0.0,0.0,0.0,0.0,0.0,0.0,0.0,0.0,0.0,0.0
ENG-Premier League,1112,Norwich City,Squad Total,,,25.8,38,418.0,,,52.0,33.0,50.0,2.0,2.0,58.0,3.0,1.37,0.87,2.24,1.32,2.18
ENG-Premier League,1112,Norwich City,Steve Morison,WAL,FW,27.0,34,22.0,2102.0,23.4,9.0,4.0,9.0,0.0,0.0,1.0,0.0,0.39,0.17,0.56,0.39,0.56
ENG-Premier League,1112,Norwich City,Wes Hoolahan,IRL,MF,29.0,33,25.0,2273.0,25.3,4.0,7.0,4.0,0.0,0.0,4.0,0.0,0.16,0.28,0.44,0.16,0.44
ENG-Premier League,1112,Norwich City,Zak Whitbread,USA,DF,27.0,18,18.0,1435.0,15.9,0.0,1.0,0.0,0.0,0.0,4.0,0.0,0.0,0.06,0.06,0.0,0.06
ENG-Premier League,1112,QPR,Adel Taarabt,MAR,"FW,MF",22.0,27,24.0,2004.0,22.3,2.0,3.0,2.0,0.0,0.0,3.0,1.0,0.09,0.13,0.22,0.09,0.22
ENG-Premier League,1112,QPR,Alejandro Faurlín,ARG,MF,24.0,20,20.0,1800.0,20.0,1.0,1.0,1.0,0.0,0.0,3.0,0.0,0.05,0.05,0.1,0.05,0.1
ENG-Premier League,1112,QPR,Anton Ferdinand,ENG,DF,26.0,31,31.0,2749.0,30.5,0.0,1.0,0.0,0.0,0.0,2.0,0.0,0.0,0.03,0.03,0.0,0.03
ENG-Premier League,1112,QPR,Armand Traoré,SEN,"DF,MF",21.0,23,18.0,1614.0,17.9,0.0,2.0,0.0,0.0,0.0,2.0,1.0,0.0,0.11,0.11,0.0,0.11
ENG-Premier League,1112,QPR,Bobby Zamora,ENG,FW,30.0,14,14.0,1182.0,13.1,2.0,0.0,2.0,0.0,0.0,2.0,0.0,0.15,0.0,0.15,0.15,0.15
ENG-Premier League,1112,QPR,Bradley Orr,ENG,DF,28.0,6,2.0,333.0,3.7,0.0,0.0,0.0,0.0,0.0,0.0,0.0,0.0,0.0,0.0,0.0,0.0
ENG-Premier League,1112,QPR,Bruno Andrade,POR,"FW,MF",17.0,1,0.0,11.0,0.1,0.0,0.0,0.0,0.0,0.0,0.0,0.0,0.0,0.0,0.0,0.0,0.0
ENG-Premier League,1112,QPR,Bruno Perone,BRA,"DF,MF",24.0,1,1.0,90.0,1.0,0.0,0.0,0.0,0.0,0.0,0.0,0.0,0.0,0.0,0.0,0.0,0.0
ENG-Premier League,1112,QPR,Clint Hill,ENG,DF,32.0,22,19.0,1706.0,19.0,0.0,2.0,0.0,0.0,0.0,4.0,1.0,0.0,0.11,0.11,0.0,0.11
ENG-Premier League,1112,QPR,DJ Campbell,ENG,FW,29.0,11,2.0,328.0,3.6,1.0,0.0,1.0,0.0,0.0,0.0,0.0,0.27,0.0,0.27,0.27,0.27
ENG-Premier League,1112,QPR,Danny Gabbidon,WAL,DF,31.0,17,15.0,1425.0,15.8,0.0,0.0,0.0,0.0,0.0,1.0,0.0,0.0,0.0,0.0,0.0,0.0
ENG-Premier League,1112,QPR,Djibril Cissé,FRA,FW,29.0,8,7.0,535.0,5.9,6.0,0.0,6.0,0.0,0.0,0.0,2.0,1.01,0.0,1.01,1.01,1.01
ENG-Premier League,1112,QPR,Fitz Hall,ENG,"DF,FW",30.0,14,11.0,922.0,10.2,0.0,0.0,0.0,0.0,0.0,3.0,0.0,0.0,0.0,0.0,0.0,0.0
ENG-Premier League,1112,QPR,Heiðar Helguson,ISL,FW,33.0,16,13.0,1153.0,12.8,8.0,2.0,6.0,2.0,2.0,2.0,0.0,0.62,0.16,0.78,0.47,0.62
ENG-Premier League,1112,QPR,Hogan Ephraim,ENG,"FW,MF",23.0,2,0.0,43.0,0.5,0.0,0.0,0.0,0.0,0.0,0.0,0.0,0.0,0.0,0.0,0.0,0.0
ENG-Premier League,1112,QPR,Jamie Mackie,SCO,"FW,MF",25.0,31,24.0,2187.0,24.3,7.0,2.0,7.0,0.0,0.0,2.0,0.0,0.29,0.08,0.37,0.29,0.37
ENG-Premier League,1112,QPR,Jason Puncheon,ENG,MF,25.0,2,0.0,18.0,0.2,0.0,0.0,0.0,0.0,0.0,0.0,0.0,0.0,0.0,0.0,0.0,0.0
ENG-Premier League,1112,QPR,Jay Bothroyd,ENG,FW,29.0,21,12.0,1104.0,12.3,2.0,1.0,2.0,0.0,0.0,3.0,0.0,0.16,0.08,0.24,0.16,0.24
ENG-Premier League,1112,QPR,Joey Barton,ENG,MF,28.0,31,31.0,2672.0,29.7,3.0,3.0,3.0,0.0,0.0,8.0,2.0,0.1,0.1,0.2,0.1,0.2
ENG-Premier League,1112,QPR,Kieron Dyer,ENG,MF,32.0,1,1.0,6.0,0.1,0.0,0.0,0.0,0.0,0.0,0.0,0.0,0.0,0.0,0.0,0.0,0.0
ENG-Premier League,1112,QPR,Luke Young,ENG,DF,32.0,23,23.0,2030.0,22.6,2.0,1.0,2.0,0.0,0.0,5.0,0.0,0.09,0.04,0.13,0.09,0.13
ENG-Premier League,1112,QPR,Matthew Connolly,ENG,DF,23.0,6,5.0,489.0,5.4,0.0,0.0,0.0,0.0,0.0,0.0,0.0,0.0,0.0,0.0,0.0,0.0
ENG-Premier League,1112,QPR,Michael Harriman,IRL,"DF,MF",18.0,1,0.0,30.0,0.3,0.0,0.0,0.0,0.0,0.0,0.0,0.0,0.0,0.0,0.0,0.0,0.0
ENG-Premier League,1112,QPR,Nedum Onuoha,ENG,DF,24.0,16,16.0,1440.0,16.0,0.0,1.0,0.0,0.0,0.0,2.0,0.0,0.0,0.06,0.06,0.0,0.06
ENG-Premier League,1112,QPR,Opponent Total,,,27.0,38,,,,,,,,,,,,,,,
ENG-Premier League,1112,QPR,Paddy Kenny,IRL,GK,33.0,33,33.0,2970.0,33.0,0.0,0.0,0.0,0.0,0.0,0.0,0.0,0.0,0.0,0.0,0.0,0.0
ENG-Premier League,1112,QPR,Patrick Agyemang,GHA,FW,30.0,2,2.0,144.0,1.6,0.0,0.0,0.0,0.0,0.0,0.0,0.0,0.0,0.0,0.0,0.0,0.0
ENG-Premier League,1112,QPR,Radek Černý,CZE,GK,37.0,5,5.0,450.0,5.0,0.0,0.0,0.0,0.0,0.0,0.0,0.0,0.0,0.0,0.0,0.0,0.0
ENG-Premier League,1112,QPR,Rob Hulse,ENG,FW,31.0,2,1.0,70.0,0.8,0.0,0.0,0.0,0.0,0.0,0.0,0.0,0.0,0.0,0.0,0.0,0.0
ENG-Premier League,1112,QPR,Samba Diakité,MLI,MF,22.0,9,9.0,672.0,7.5,1.0,0.0,1.0,0.0,0.0,6.0,1.0,0.13,0.0,0.13,0.13,0.13
ENG-Premier League,1112,QPR,Shaun Derry,ENG,MF,33.0,29,28.0,2225.0,24.7,1.0,0.0,1.0,0.0,0.0,4.0,1.0,0.04,0.0,0.04,0.04,0.04
ENG-Premier League,1112,QPR,Shaun Wright-Phillips,ENG,"FW,MF",29.0,32,24.0,2211.0,24.6,0.0,3.0,0.0,0.0,0.0,3.0,0.0,0.0,0.12,0.12,0.0,0.12
ENG-Premier League,1112,QPR,Squad Total,,,28.8,38,418.0,,,41.0,25.0,39.0,2.0,2.0,53.0,9.0,1.08,0.66,1.74,1.03,1.68
ENG-Premier League,1112,QPR,Taye Taiwo,NGA,DF,26.0,15,13.0,1194.0,13.3,1.0,2.0,1.0,0.0,0.0,1.0,0.0,0.08,0.15,0.23,0.08,0.23
ENG-Premier League,1112,QPR,Tommy Smith,ENG,"FW,MF",31.0,17,4.0,552.0,6.1,2.0,0.0,2.0,0.0,0.0,0.0,0.0,0.33,0.0,0.33,0.33,0.33
ENG-Premier League,1112,QPR,Ákos Buzsáky,HUN,MF,29.0,18,10.0,900.0,10.0,2.0,2.0,2.0,0.0,0.0,0.0,0.0,0.2,0.2,0.4,0.2,0.4
ENG-Premier League,1112,Stoke City,Andy Wilkinson,ENG,DF,26.0,25,20.0,1709.0,19.0,0.0,0.0,0.0,0.0,0.0,5.0,0.0,0.0,0.0,0.0,0.0,0.0
ENG-Premier League,1112,Stoke City,Asmir Begović,BIH,GK,24.0,23,22.0,1998.0,22.2,0.0,0.0,0.0,0.0,0.0,0.0,0.0,0.0,0.0,0.0,0.0,0.0
ENG-Premier League,1112,Stoke City,Cameron Jerome,ENG,FW,24.0,23,7.0,848.0,9.4,4.0,1.0,4.0,0.0,0.0,0.0,0.0,0.42,0.11,0.53,0.42,0.53
ENG-Premier League,1112,Stoke City,Danny Higginbotham,GIB,DF,32.0,2,1.0,113.0,1.3,0.0,0.0,0.0,0.0,0.0,0.0,0.0,0.0,0.0,0.0,0.0,0.0
ENG-Premier League,1112,Stoke City,Danny Pugh,ENG,"DF,MF",28.0,3,0.0,104.0,1.2,0.0,0.0,0.0,0.0,0.0,0.0,0.0,0.0,0.0,0.0,0.0,0.0
ENG-Premier League,1112,Stoke City,Dean Whitehead,ENG,"DF,MF",29.0,33,24.0,2371.0,26.3,0.0,2.0,0.0,0.0,0.0,5.0,0.0,0.0,0.08,0.08,0.0,0.08
ENG-Premier League,1112,Stoke City,Glenn Whelan,IRL,MF,27.0,30,27.0,2486.0,27.6,1.0,1.0,1.0,0.0,0.0,4.0,0.0,0.04,0.04,0.07,0.04,0.07
ENG-Premier League,1112,Stoke City,Jermaine Pennant,ENG,MF,28.0,27,18.0,1701.0,18.9,0.0,6.0,0.0,0.0,0.0,2.0,0.0,0.0,0.32,0.32,0.0,0.32
ENG-Premier League,1112,Stoke City,Jonathan Walters,IRL,"FW,MF",27.0,38,38.0,3331.0,37.0,7.0,5.0,3.0,4.0,6.0,3.0,0.0,0.19,0.14,0.32,0.08,0.22
ENG-Premier League,1112,Stoke City,Jonathan Woodgate,ENG,DF,31.0,17,16.0,1271.0,14.1,0.0,0.0,0.0,0.0,0.0,3.0,0.0,0.0,0.0,0.0,0.0,0.0
ENG-Premier League,1112,Stoke City,Kenwyne Jones,TRI,FW,26.0,21,10.0,980.0,10.9,1.0,0.0,1.0,0.0,0.0,0.0,0.0,0.09,0.0,0.09,0.09,0.09
ENG-Premier League,1112,Stoke City,Marc Wilson,IRL,"DF,MF",23.0,35,35.0,2902.0,32.2,0.0,1.0,0.0,0.0,0.0,8.0,0.0,0.0,0.03,0.03,0.0,0.03
ENG-Premier League,1112,Stoke City,Matthew Etherington,ENG,MF,29.0,30,30.0,2359.0,26.2,3.0,7.0,3.0,0.0,0.0,1.0,0.0,0.11,0.27,0.38,0.11,0.38
ENG-Premier League,1112,Stoke City,Matthew Upson,ENG,DF,32.0,14,10.0,1023.0,11.4,1.0,1.0,1.0,0.0,0.0,1.0,0.0,0.09,0.09,0.18,0.09,0.18
ENG-Premier League,1112,Stoke City,Opponent Total,,,26.8,38,,,,,,,,,,,,,,,
ENG-Premier League,1112,Stoke City,Peter Crouch,ENG,FW,30.0,32,31.0,2682.0,29.8,10.0,3.0,10.0,0.0,0.0,2.0,0.0,0.34,0.1,0.44,0.34,0.44
ENG-Premier League,1112,Stoke City,Ricardo Fuller,JAM,FW,31.0,13,3.0,359.0,4.0,0.0,0.0,0.0,0.0,0.0,2.0,1.0,0.0,0.0,0.0,0.0,0.0
ENG-Premier League,1112,Stoke City,Robert Huth,GER,DF,26.0,34,31.0,2834.0,31.5,3.0,0.0,3.0,0.0,0.0,5.0,1.0,0.1,0.0,0.1,0.1,0.1
ENG-Premier League,1112,Stoke City,Rory Delap,IRL,MF,35.0,26,18.0,1525.0,16.9,2.0,0.0,2.0,0.0,0.0,4.0,0.0,0.12,0.0,0.12,0.12,0.12
ENG-Premier League,1112,Stoke City,Ryan Shawcross,ENG,DF,23.0,36,36.0,3168.0,35.2,2.0,2.0,2.0,0.0,0.0,8.0,0.0,0.06,0.06,0.11,0.06,0.11
ENG-Premier League,1112,Stoke City,Ryan Shotton,ENG,"DF,FW",22.0,23,14.0,1396.0,15.5,1.0,1.0,1.0,0.0,0.0,2.0,0.0,0.06,0.06,0.13,0.06,0.13
ENG-Premier League,1112,Stoke City,Salif Diao,SEN,MF,34.0,6,2.0,121.0,1.3,0.0,0.0,0.0,0.0,0.0,1.0,0.0,0.0,0.0,0.0,0.0,0.0
ENG-Premier League,1112,Stoke City,Squad Total,,,27.9,38,418.0,,,35.0,28.0,31.0,4.0,6.0,60.0,2.0,0.92,0.74,1.66,0.82,1.55
ENG-Premier League,1112,Stoke City,Thomas Sørensen,DEN,GK,35.0,16,16.0,1422.0,15.8,0.0,0.0,0.0,0.0,0.0,1.0,0.0,0.0,0.0,0.0,0.0,0.0
ENG-Premier League,1112,Stoke City,Wilson Palacios,HON,MF,27.0,18,9.0,807.0,9.0,0.0,0.0,0.0,0.0,0.0,3.0,0.0,0.0,0.0,0.0,0.0,0.0
ENG-Premier League,1112,Sunderland,Ahmed Elmohamady,EGY,"DF,MF",23.0,18,7.0,785.0,8.7,1.0,1.0,1.0,0.0,0.0,0.0,0.0,0.11,0.11,0.23,0.11,0.23
ENG-Premier League,1112,Sunderland,Anton Ferdinand,ENG,DF,26.0,3,3.0,270.0,3.0,0.0,0.0,0.0,0.0,0.0,0.0,0.0,0.0,0.0,0.0,0.0,0.0
ENG-Premier League,1112,Sunderland,Asamoah Gyan,GHA,FW,25.0,3,3.0,230.0,2.6,0.0,0.0,0.0,0.0,0.0,0.0,0.0,0.0,0.0,0.0,0.0,0.0
ENG-Premier League,1112,Sunderland,Connor Wickham,ENG,"FW,MF",18.0,16,5.0,532.0,5.9,1.0,0.0,1.0,0.0,0.0,0.0,0.0,0.17,0.0,0.17,0.17,0.17
ENG-Premier League,1112,Sunderland,Craig Gardner,ENG,MF,24.0,30,22.0,2119.0,23.5,3.0,0.0,3.0,0.0,0.0,5.0,1.0,0.13,0.0,0.13,0.13,0.13
ENG-Premier League,1112,Sunderland,Craig Gordon,SCO,GK,28.0,1,1.0,90.0,1.0,0.0,0.0,0.0,0.0,0.0,0.0,0.0,0.0,0.0,0.0,0.0,0.0
ENG-Premier League,1112,Sunderland,David Meyler,IRL,MF,22.0,7,1.0,164.0,1.8,0.0,0.0,0.0,0.0,0.0,0.0,0.0,0.0,0.0,0.0,0.0,0.0
ENG-Premier League,1112,Sunderland,David Vaughan,WAL,MF,28.0,22,17.0,1481.0,16.5,2.0,1.0,2.0,0.0,0.0,3.0,0.0,0.12,0.06,0.18,0.12,0.18
ENG-Premier League,1112,Sunderland,Fraizer Campbell,ENG,FW,23.0,12,6.0,638.0,7.1,1.0,1.0,1.0,0.0,0.0,3.0,0.0,0.14,0.14,0.28,0.14,0.28
ENG-Premier League,1112,Sunderland,Jack Colback,ENG,MF,21.0,35,29.0,2672.0,29.7,1.0,1.0,1.0,0.0,0.0,3.0,0.0,0.03,0.03,0.07,0.03,0.07
ENG-Premier League,1112,Sunderland,James McClean,IRL,"FW,MF",22.0,23,20.0,1845.0,20.5,5.0,2.0,5.0,0.0,0.0,2.0,0.0,0.24,0.1,0.34,0.24,0.34
ENG-Premier League,1112,Sunderland,Ji Dong-won,KOR,"FW,MF",20.0,19,2.0,453.0,5.0,2.0,2.0,2.0,0.0,0.0,1.0,0.0,0.4,0.4,0.79,0.4,0.79
ENG-Premier League,1112,Sunderland,John O'Shea,IRL,"DF,MF",30.0,29,29.0,2435.0,27.1,0.0,0.0,0.0,0.0,0.0,5.0,0.0,0.0,0.0,0.0,0.0,0.0
ENG-Premier League,1112,Sunderland,Keiren Westwood,IRL,GK,26.0,9,8.0,759.0,8.4,0.0,0.0,0.0,0.0,0.0,0.0,0.0,0.0,0.0,0.0,0.0,0.0
ENG-Premier League,1112,Sunderland,Kieran Richardson,ENG,"DF,MF",26.0,29,26.0,2280.0,25.3,2.0,2.0,2.0,0.0,0.0,5.0,0.0,0.08,0.08,0.16,0.08,0.16
ENG-Premier League,1112,Sunderland,Lee Cattermole,ENG,MF,23.0,23,23.0,1934.0,21.5,0.0,0.0,0.0,0.0,0.0,10.0,0.0,0.0,0.0,0.0,0.0,0.0
ENG-Premier League,1112,Sunderland,Matthew Kilgallon,ENG,DF,27.0,10,9.0,790.0,8.8,0.0,0.0,0.0,0.0,0.0,0.0,0.0,0.0,0.0,0.0,0.0,0.0
ENG-Premier League,1112,Sunderland,Michael Turner,ENG,DF,27.0,24,23.0,2116.0,23.5,0.0,0.0,0.0,0.0,0.0,3.0,0.0,0.0,0.0,0.0,0.0,0.0
ENG-Premier League,1112,Sunderland,Nicklas Bendtner,DEN,FW,23.0,28,25.0,2225.0,24.7,8.0,5.0,7.0,1.0,1.0,2.0,0.0,0.32,0.2,0.53,0.28,0.49
ENG-Premier League,1112,Sunderland,Opponent Total,,,27.0,38,,,,,,,,,,,,,,,
ENG-Premier League,1112,Sunderland,Phil Bardsley,SCO,DF,26.0,31,29.0,2475.0,27.5,1.0,0.0,1.0,0.0,0.0,4.0,1.0,0.04,0.0,0.04,0.04,0.04
ENG-Premier League,1112,Sunderland,Ryan Noble,ENG,FW,20.0,2,0.0,7.0,0.1,0.0,0.0,0.0,0.0,0.0,0.0,0.0,0.0,0.0,0.0,0.0,0.0
ENG-Premier League,1112,Sunderland,Seb Larsson,SWE,MF,26.0,32,32.0,2695.0,29.9,7.0,2.0,7.0,0.0,1.0,7.0,0.0,0.23,0.07,0.3,0.23,0.3
ENG-Premier League,1112,Sunderland,Simon Mignolet,BEL,GK,23.0,29,29.0,2571.0,28.6,0.0,0.0,0.0,0.0,0.0,0.0,0.0,0.0,0.0,0.0,0.0,0.0
ENG-Premier League,1112,Sunderland,Sotirios Kyrgiakos,GRE,DF,32.0,3,2.0,190.0,2.1,0.0,0.0,0.0,0.0,0.0,1.0,0.0,0.0,0.0,0.0,0.0,0.0
ENG-Premier League,1112,Sunderland,Squad Total,,,25.8,38,418.0,,,43.0,25.0,42.0,1.0,2.0,58.0,4.0,1.13,0.66,1.79,1.11,1.76
ENG-Premier League,1112,Sunderland,Stéphane Sessègnon,BEN,"FW,MF",27.0,36,36.0,3126.0,34.7,7.0,9.0,7.0,0.0,0.0,3.0,1.0,0.2,0.26,0.46,0.2,0.46
ENG-Premier League,1112,Sunderland,Titus Bramble,ENG,DF,30.0,8,8.0,650.0,7.2,1.0,0.0,1.0,0.0,0.0,0.0,0.0,0.14,0.0,0.14,0.14,0.14
ENG-Premier League,1112,Sunderland,Wayne Bridge,ENG,DF,30.0,8,3.0,320.0,3.6,0.0,0.0,0.0,0.0,0.0,1.0,0.0,0.0,0.0,0.0,0.0,0.0
ENG-Premier League,1112,Sunderland,Wes Brown,ENG,DF,31.0,20,20.0,1735.0,19.3,1.0,1.0,1.0,0.0,0.0,2.0,0.0,0.05,0.05,0.1,0.05,0.1
ENG-Premier League,1112,Swansea City,Alan Tate,ENG,DF,28.0,5,1.0,165.0,1.8,0.0,0.0,0.0,0.0,0.0,0.0,0.0,0.0,0.0,0.0,0.0,0.0
ENG-Premier League,1112,Swansea City,Andrea Orlandi,ESP,"FW,MF",26.0,3,2.0,119.0,1.3,1.0,1.0,1.0,0.0,0.0,1.0,0.0,0.76,0.76,1.51,0.76,1.51
ENG-Premier League,1112,Swansea City,Ashley Williams,WAL,DF,26.0,37,37.0,3330.0,37.0,1.0,1.0,1.0,0.0,0.0,6.0,0.0,0.03,0.03,0.05,0.03,0.05
ENG-Premier League,1112,Swansea City,Danny Graham,ENG,FW,25.0,36,32.0,2839.0,31.5,12.0,2.0,11.0,1.0,1.0,0.0,0.0,0.38,0.06,0.44,0.35,0.41
ENG-Premier League,1112,Swansea City,Federico Bessone,ARG,DF,27.0,1,0.0,6.0,0.1,0.0,0.0,0.0,0.0,0.0,0.0,0.0,0.0,0.0,0.0,0.0,0.0
ENG-Premier League,1112,Swansea City,Garry Monk,ENG,DF,32.0,16,14.0,1266.0,14.1,0.0,0.0,0.0,0.0,0.0,3.0,0.0,0.0,0.0,0.0,0.0,0.0
ENG-Premier League,1112,Swansea City,Gerhard Tremmel,GER,GK,32.0,1,1.0,90.0,1.0,0.0,0.0,0.0,0.0,0.0,0.0,0.0,0.0,0.0,0.0,0.0,0.0
ENG-Premier League,1112,Swansea City,Gylfi Sigurðsson,ISL,"FW,MF",21.0,18,17.0,1494.0,16.6,7.0,3.0,7.0,0.0,0.0,0.0,0.0,0.42,0.18,0.6,0.42,0.6
ENG-Premier League,1112,Swansea City,Jazz Richards,WAL,"DF,MF",20.0,8,6.0,577.0,6.4,0.0,0.0,0.0,0.0,0.0,4.0,0.0,0.0,0.0,0.0,0.0,0.0
ENG-Premier League,1112,Swansea City,Joe Allen,WAL,MF,21.0,36,31.0,2896.0,32.2,4.0,2.0,4.0,0.0,0.0,2.0,1.0,0.12,0.06,0.19,0.12,0.19
ENG-Premier League,1112,Swansea City,Josh McEachran,ENG,MF,18.0,4,1.0,127.0,1.4,0.0,0.0,0.0,0.0,0.0,0.0,0.0,0.0,0.0,0.0,0.0,0.0
ENG-Premier League,1112,Swansea City,Kemy Agustien,CUW,"DF,MF",24.0,13,7.0,713.0,7.9,0.0,0.0,0.0,0.0,0.0,3.0,0.0,0.0,0.0,0.0,0.0,0.0
ENG-Premier League,1112,Swansea City,Leon Britton,ENG,MF,28.0,36,35.0,3010.0,33.4,0.0,0.0,0.0,0.0,0.0,3.0,0.0,0.0,0.0,0.0,0.0,0.0
ENG-Premier League,1112,Swansea City,Leroy Lita,ENG,FW,26.0,16,4.0,466.0,5.2,2.0,1.0,2.0,0.0,0.0,1.0,0.0,0.39,0.19,0.58,0.39,0.58
ENG-Premier League,1112,Swansea City,Luke Moore,ENG,FW,25.0,20,3.0,532.0,5.9,2.0,0.0,2.0,0.0,0.0,1.0,0.0,0.34,0.0,0.34,0.34,0.34
ENG-Premier League,1112,Swansea City,Mark Gower,ENG,MF,32.0,20,14.0,1128.0,12.5,0.0,5.0,0.0,0.0,0.0,2.0,0.0,0.0,0.4,0.4,0.0,0.4
ENG-Premier League,1112,Swansea City,Michel Vorm,NED,GK,27.0,37,37.0,3330.0,37.0,0.0,0.0,0.0,0.0,0.0,2.0,0.0,0.0,0.0,0.0,0.0,0.0
ENG-Premier League,1112,Swansea City,Nathan Dyer,ENG,"FW,MF",23.0,34,29.0,2359.0,26.2,5.0,2.0,5.0,0.0,0.0,1.0,1.0,0.19,0.08,0.27,0.19,0.27
ENG-Premier League,1112,Swansea City,Neil Taylor,WAL,"DF,MF",22.0,36,35.0,3080.0,34.2,0.0,1.0,0.0,0.0,0.0,4.0,0.0,0.0,0.03,0.03,0.0,0.03
ENG-Premier League,1112,Swansea City,Opponent Total,,,26.9,38,,,,,,,,,,,,,,,
ENG-Premier League,1112,Swansea City,Scott Sinclair,ENG,"FW,MF",22.0,38,35.0,3120.0,34.7,8.0,4.0,4.0,4.0,5.0,1.0,0.0,0.23,0.12,0.35,0.12,0.23
ENG-Premier League,1112,Swansea City,Squad Total,,,25.4,38,418.0,,,43.0,24.0,38.0,5.0,6.0,40.0,2.0,1.13,0.63,1.76,1.0,1.63
ENG-Premier League,1112,Swansea City,Stephen Dobbie,SCO,FW,28.0,8,2.0,262.0,2.9,0.0,0.0,0.0,0.0,0.0,0.0,0.0,0.0,0.0,0.0,0.0,0.0
ENG-Premier League,1112,Swansea City,Steven Caulker,SLE,DF,19.0,26,26.0,2339.0,26.0,0.0,1.0,0.0,0.0,0.0,2.0,0.0,0.0,0.04,0.04,0.0,0.04
ENG-Premier League,1112,Swansea City,Vangelis Moras,GRE,DF,29.0,1,0.0,5.0,0.1,0.0,0.0,0.0,0.0,0.0,0.0,0.0,0.0,0.0,0.0,0.0,0.0
ENG-Premier League,1112,Swansea City,Wayne Routledge,ENG,"FW,MF",26.0,28,17.0,1459.0,16.2,1.0,4.0,1.0,0.0,0.0,2.0,0.0,0.06,0.25,0.31,0.06,0.31
ENG-Premier League,1112,Swansea City,Àngel Rangel,ESP,DF,28.0,34,32.0,2870.0,31.9,0.0,2.0,0.0,0.0,0.0,3.0,0.0,0.0,0.06,0.06,0.0,0.06
ENG-Premier League,1112,Tottenham,Aaron Lennon,ENG,"FW,MF",24.0,23,19.0,1571.0,17.5,3.0,5.0,3.0,0.0,0.0,1.0,0.0,0.17,0.29,0.46,0.17,0.46
ENG-Premier League,1112,Tottenham,Adam Smith,ENG,"DF,MF",20.0,1,0.0,15.0,0.2,0.0,0.0,0.0,0.0,0.0,0.0,0.0,0.0,0.0,0.0,0.0,0.0
ENG-Premier League,1112,Tottenham,Benoît Assou-Ekotto,CMR,DF,27.0,34,34.0,2957.0,32.9,2.0,4.0,2.0,0.0,0.0,6.0,0.0,0.06,0.12,0.18,0.06,0.18
ENG-Premier League,1112,Tottenham,Brad Friedel,USA,GK,40.0,38,38.0,3420.0,38.0,0.0,0.0,0.0,0.0,0.0,0.0,0.0,0.0,0.0,0.0,0.0,0.0
ENG-Premier League,1112,Tottenham,Cameron Lancaster,ENG,FW,18.0,1,0.0,13.0,0.1,0.0,0.0,0.0,0.0,0.0,0.0,0.0,0.0,0.0,0.0,0.0,0.0
ENG-Premier League,1112,Tottenham,Danny Rose,ENG,"DF,MF",21.0,11,3.0,321.0,3.6,0.0,0.0,0.0,0.0,0.0,1.0,1.0,0.0,0.0,0.0,0.0,0.0
ENG-Premier League,1112,Tottenham,Emmanuel Adebayor,TOG,FW,27.0,33,32.0,2827.0,31.4,17.0,11.0,14.0,3.0,4.0,3.0,0.0,0.54,0.35,0.89,0.45,0.8
ENG-Premier League,1112,Tottenham,Gareth Bale,WAL,"FW,MF",22.0,36,36.0,3216.0,35.7,10.0,10.0,10.0,0.0,0.0,3.0,0.0,0.28,0.28,0.56,0.28,0.56
ENG-Premier League,1112,Tottenham,Giovani dos Santos,MEX,"FW,MF",22.0,7,0.0,58.0,0.6,0.0,0.0,0.0,0.0,0.0,0.0,0.0,0.0,0.0,0.0,0.0,0.0
ENG-Premier League,1112,Tottenham,Jake Livermore,ENG,MF,21.0,24,7.0,854.0,9.5,0.0,1.0,0.0,0.0,0.0,1.0,0.0,0.0,0.11,0.11,0.0,0.11
ENG-Premier League,1112,Tottenham,Jermain Defoe,ENG,FW,28.0,25,11.0,1301.0,14.5,11.0,1.0,11.0,0.0,0.0,2.0,0.0,0.76,0.07,0.83,0.76,0.83
ENG-Premier League,1112,Tottenham,Kyle Walker,ENG,DF,21.0,37,37.0,3227.0,35.9,2.0,1.0,2.0,0.0,0.0,4.0,0.0,0.06,0.03,0.08,0.06,0.08
ENG-Premier League,1112,Tottenham,Ledley King,ENG,"DF,MF",30.0,21,21.0,1788.0,19.9,0.0,0.0,0.0,0.0,0.0,0.0,0.0,0.0,0.0,0.0,0.0,0.0
ENG-Premier League,1112,Tottenham,Louis Saha,FRA,FW,32.0,10,5.0,400.0,4.4,3.0,1.0,3.0,0.0,0.0,0.0,0.0,0.68,0.23,0.9,0.68,0.9
ENG-Premier League,1112,Tottenham,Luka Modrić,CRO,MF,25.0,36,36.0,3214.0,35.7,4.0,4.0,4.0,0.0,0.0,2.0,0.0,0.11,0.11,0.22,0.11,0.22
ENG-Premier League,1112,Tottenham,Michael Dawson,ENG,DF,27.0,7,6.0,549.0,6.1,0.0,0.0,0.0,0.0,0.0,1.0,0.0,0.0,0.0,0.0,0.0,0.0
ENG-Premier League,1112,Tottenham,Niko Kranjčar,CRO,MF,26.0,12,9.0,640.0,7.1,1.0,1.0,1.0,0.0,0.0,0.0,0.0,0.14,0.14,0.28,0.14,0.28
ENG-Premier League,1112,Tottenham,Opponent Total,,,26.8,38,,,,,,,,,,,,,,,
ENG-Premier League,1112,Tottenham,Peter Crouch,ENG,FW,30.0,1,1.0,90.0,1.0,0.0,0.0,0.0,0.0,0.0,0.0,0.0,0.0,0.0,0.0,0.0,0.0
ENG-Premier League,1112,Tottenham,Rafael van der Vaart,NED,MF,28.0,33,28.0,2314.0,25.7,11.0,7.0,10.0,1.0,1.0,3.0,0.0,0.43,0.27,0.7,0.39,0.66
ENG-Premier League,1112,Tottenham,Roman Pavlyuchenko,RUS,FW,29.0,5,0.0,133.0,1.5,1.0,0.0,1.0,0.0,0.0,0.0,0.0,0.68,0.0,0.68,0.68,0.68
ENG-Premier League,1112,Tottenham,Ryan Nelsen,NZL,DF,33.0,5,0.0,116.0,1.3,0.0,0.0,0.0,0.0,0.0,0.0,0.0,0.0,0.0,0.0,0.0,0.0
ENG-Premier League,1112,Tottenham,Sandro,BRA,MF,22.0,23,17.0,1411.0,15.7,0.0,0.0,0.0,0.0,0.0,6.0,0.0,0.0,0.0,0.0,0.0,0.0
ENG-Premier League,1112,Tottenham,Scott Parker,ENG,MF,30.0,29,28.0,2467.0,27.4,0.0,1.0,0.0,0.0,0.0,8.0,1.0,0.0,0.04,0.04,0.0,0.04
ENG-Premier League,1112,Tottenham,Squad Total,,,27.6,38,418.0,,,66.0,48.0,62.0,4.0,5.0,43.0,3.0,1.74,1.26,3.0,1.63,2.89
ENG-Premier League,1112,Tottenham,Steven Pienaar,RSA,MF,29.0,2,0.0,17.0,0.2,0.0,0.0,0.0,0.0,0.0,0.0,0.0,0.0,0.0,0.0,0.0,0.0
ENG-Premier League,1112,Tottenham,Sébastien Bassong,CMR,DF,25.0,5,1.0,228.0,2.5,0.0,0.0,0.0,0.0,0.0,0.0,0.0,0.0,0.0,0.0,0.0,0.0
ENG-Premier League,1112,Tottenham,Tom Huddlestone,ENG,MF,24.0,2,0.0,62.0,0.7,0.0,0.0,0.0,0.0,0.0,0.0,0.0,0.0,0.0,0.0,0.0,0.0
ENG-Premier League,1112,Tottenham,Vedran Ćorluka,CRO,DF,25.0,3,1.0,136.0,1.5,0.0,0.0,0.0,0.0,0.0,0.0,0.0,0.0,0.0,0.0,0.0,0.0
ENG-Premier League,1112,Tottenham,William Gallas,FRA,DF,33.0,15,15.0,1322.0,14.7,0.0,0.0,0.0,0.0,0.0,1.0,0.0,0.0,0.0,0.0,0.0,0.0
ENG-Premier League,1112,Tottenham,Younès Kaboul,FRA,DF,25.0,33,33.0,2901.0,32.2,1.0,0.0,1.0,0.0,0.0,3.0,1.0,0.03,0.0,0.03,0.03,0.03
ENG-Premier League,1112,West Brom,Ben Foster,ENG,GK,28.0,37,37.0,3330.0,37.0,0.0,0.0,0.0,0.0,0.0,0.0,0.0,0.0,0.0,0.0,0.0,0.0
ENG-Premier League,1112,West Brom,Billy Jones,ENG,DF,24.0,18,17.0,1608.0,17.9,0.0,1.0,0.0,0.0,0.0,4.0,0.0,0.0,0.06,0.06,0.0,0.06
ENG-Premier League,1112,West Brom,Chris Brunt,NIR,"DF,MF",26.0,29,25.0,2306.0,25.6,2.0,6.0,2.0,0.0,0.0,5.0,0.0,0.08,0.23,0.31,0.08,0.31
ENG-Premier League,1112,West Brom,Craig Dawson,ENG,DF,21.0,8,6.0,542.0,6.0,0.0,0.0,0.0,0.0,0.0,0.0,0.0,0.0,0.0,0.0,0.0,0.0
ENG-Premier League,1112,West Brom,Gabriel Tamaș,ROU,DF,27.0,8,7.0,664.0,7.4,0.0,0.0,0.0,0.0,0.0,1.0,0.0,0.0,0.0,0.0,0.0,0.0
ENG-Premier League,1112,West Brom,Gareth McAuley,NIR,DF,31.0,32,32.0,2880.0,32.0,2.0,0.0,2.0,0.0,0.0,0.0,0.0,0.06,0.0,0.06,0.06,0.06
ENG-Premier League,1112,West Brom,George Thorne,ENG,MF,18.0,3,1.0,104.0,1.2,0.0,0.0,0.0,0.0,0.0,0.0,0.0,0.0,0.0,0.0,0.0,0.0
ENG-Premier League,1112,West Brom,Gonzalo Jara,CHI,"DF,MF",25.0,4,1.0,163.0,1.8,0.0,0.0,0.0,0.0,0.0,0.0,0.0,0.0,0.0,0.0,0.0,0.0
ENG-Premier League,1112,West Brom,Graham Dorrans,SCO,"FW,MF",24.0,31,16.0,1524.0,16.9,3.0,2.0,3.0,0.0,0.0,4.0,0.0,0.18,0.12,0.3,0.18,0.3
ENG-Premier League,1112,West Brom,James Morrison,SCO,"FW,MF",25.0,30,23.0,2142.0,23.8,5.0,5.0,5.0,0.0,0.0,1.0,0.0,0.21,0.21,0.42,0.21,0.42
ENG-Premier League,1112,West Brom,Jerome Thomas,ENG,"FW,MF",28.0,29,26.0,1983.0,22.0,1.0,1.0,1.0,0.0,0.0,4.0,0.0,0.05,0.05,0.09,0.05,0.09
ENG-Premier League,1112,West Brom,Jonas Olsson,SWE,DF,28.0,33,33.0,2946.0,32.7,2.0,2.0,2.0,0.0,0.0,4.0,1.0,0.06,0.06,0.12,0.06,0.12
ENG-Premier League,1112,West Brom,Keith Andrews,IRL,MF,30.0,14,8.0,789.0,8.8,2.0,1.0,2.0,0.0,0.0,2.0,0.0,0.23,0.11,0.34,0.23,0.34
ENG-Premier League,1112,West Brom,Liam Ridgewell,ENG,DF,27.0,13,13.0,1170.0,13.0,1.0,1.0,1.0,0.0,0.0,2.0,0.0,0.08,0.08,0.15,0.08,0.15
ENG-Premier League,1112,West Brom,Marc-Antoine Fortuné,FRA,FW,30.0,17,12.0,1110.0,12.3,2.0,1.0,2.0,0.0,0.0,0.0,0.0,0.16,0.08,0.24,0.16,0.24
ENG-Premier League,1112,West Brom,Márton Fülöp,HUN,GK,28.0,1,1.0,90.0,1.0,0.0,0.0,0.0,0.0,0.0,0.0,0.0,0.0,0.0,0.0,0.0,0.0
ENG-Premier League,1112,West Brom,Nicky Shorey,ENG,"DF,MF",30.0,25,22.0,2020.0,22.4,0.0,1.0,0.0,0.0,0.0,1.0,0.0,0.0,0.04,0.04,0.0,0.04
ENG-Premier League,1112,West Brom,Opponent Total,,,26.7,38,,,,,,,,,,,,,,,
ENG-Premier League,1112,West Brom,Paul Scharner,AUT,"DF,MF",31.0,29,18.0,1600.0,17.8,3.0,2.0,3.0,0.0,0.0,6.0,0.0,0.17,0.11,0.28,0.17,0.28
ENG-Premier League,1112,West Brom,Peter Odemwingie,NGA,FW,30.0,30,25.0,2285.0,25.4,10.0,2.0,10.0,0.0,1.0,2.0,0.0,0.39,0.08,0.47,0.39,0.47
ENG-Premier League,1112,West Brom,Shane Long,IRL,FW,24.0,32,24.0,2185.0,24.3,8.0,1.0,7.0,1.0,1.0,2.0,0.0,0.33,0.04,0.37,0.29,0.33
ENG-Premier League,1112,West Brom,Simon Cox,IRL,FW,24.0,18,7.0,766.0,8.5,0.0,1.0,0.0,0.0,0.0,2.0,0.0,0.0,0.12,0.12,0.0,0.12
ENG-Premier League,1112,West Brom,Somen Tchoyi,CMR,MF,28.0,18,6.0,655.0,7.3,1.0,0.0,1.0,0.0,0.0,0.0,0.0,0.14,0.0,0.14,0.14,0.14
ENG-Premier League,1112,West Brom,Squad Total,,,27.8,38,418.0,,,44.0,30.0,43.0,1.0,2.0,47.0,1.0,1.16,0.79,1.95,1.13,1.92
ENG-Premier League,1112,West Brom,Steven Reid,IRL,"DF,MF",30.0,22,21.0,1768.0,19.6,1.0,2.0,1.0,0.0,0.0,3.0,0.0,0.05,0.1,0.15,0.05,0.15
ENG-Premier League,1112,West Brom,Youssouf Mulumbu,COD,MF,24.0,35,34.0,2794.0,31.0,1.0,4.0,1.0,0.0,0.0,5.0,0.0,0.03,0.13,0.16,0.03,0.16
ENG-Premier League,1112,West Brom,Zoltán Gera,HUN,MF,32.0,3,3.0,172.0,1.9,0.0,1.0,0.0,0.0,0.0,0.0,0.0,0.0,0.52,0.52,0.0,0.52
ENG-Premier League,1112,Wigan Athletic,Adrián López,ESP,DF,24.0,5,5.0,441.0,4.9,0.0,0.0,0.0,0.0,0.0,2.0,0.0,0.0,0.0,0.0,0.0,0.0
ENG-Premier League,1112,Wigan Athletic,Albert Crusat,ESP,"FW,MF",29.0,15,4.0,493.0,5.5,1.0,0.0,1.0,0.0,0.0,1.0,0.0,0.18,0.0,0.18,0.18,0.18
ENG-Premier League,1112,Wigan Athletic,Ali Al-Habsi,OMA,GK,29.0,38,38.0,3420.0,38.0,0.0,0.0,0.0,0.0,0.0,1.0,0.0,0.0,0.0,0.0,0.0,0.0
ENG-Premier League,1112,Wigan Athletic,Antolín Alcaraz,PAR,DF,29.0,25,25.0,2172.0,24.1,2.0,0.0,2.0,0.0,0.0,5.0,0.0,0.08,0.0,0.08,0.08,0.08
ENG-Premier League,1112,Wigan Athletic,Ben Watson,ENG,MF,26.0,21,14.0,1263.0,14.0,3.0,1.0,1.0,2.0,4.0,1.0,0.0,0.21,0.07,0.29,0.07,0.14
ENG-Premier League,1112,Wigan Athletic,Callum McManaman,ENG,"FW,MF",20.0,2,0.0,21.0,0.2,0.0,0.0,0.0,0.0,0.0,1.0,0.0,0.0,0.0,0.0,0.0,0.0
ENG-Premier League,1112,Wigan Athletic,Conor Sammon,IRL,FW,24.0,25,8.0,848.0,9.4,0.0,0.0,0.0,0.0,0.0,1.0,1.0,0.0,0.0,0.0,0.0,0.0
ENG-Premier League,1112,Wigan Athletic,David Jones,ENG,MF,26.0,16,13.0,1163.0,12.9,0.0,1.0,0.0,0.0,0.0,2.0,0.0,0.0,0.08,0.08,0.0,0.08
ENG-Premier League,1112,Wigan Athletic,Emmerson Boyce,BRB,DF,31.0,26,26.0,2267.0,25.2,3.0,1.0,3.0,0.0,0.0,3.0,0.0,0.12,0.04,0.16,0.12,0.16
ENG-Premier League,1112,Wigan Athletic,Franco Di Santo,ARG,FW,22.0,32,24.0,2024.0,22.5,7.0,1.0,7.0,0.0,0.0,4.0,0.0,0.31,0.04,0.36,0.31,0.36
ENG-Premier League,1112,Wigan Athletic,Gary Caldwell,SCO,"DF,MF",29.0,36,36.0,3226.0,35.8,3.0,0.0,3.0,0.0,0.0,9.0,1.0,0.08,0.0,0.08,0.08,0.08
ENG-Premier League,1112,Wigan Athletic,Hugo Rodallega,COL,FW,26.0,23,11.0,1256.0,14.0,2.0,4.0,2.0,0.0,0.0,1.0,0.0,0.14,0.29,0.43,0.14,0.43
ENG-Premier League,1112,Wigan Athletic,James McArthur,SCO,MF,23.0,31,18.0,1771.0,19.7,3.0,1.0,3.0,0.0,0.0,4.0,0.0,0.15,0.05,0.2,0.15,0.2
ENG-Premier League,1112,Wigan Athletic,James McCarthy,IRL,MF,20.0,33,33.0,2876.0,32.0,0.0,1.0,0.0,0.0,0.0,7.0,0.0,0.0,0.03,0.03,0.0,0.03
ENG-Premier League,1112,Wigan Athletic,Jean Beausejour,CHI,"DF,FW",27.0,16,16.0,1387.0,15.4,0.0,5.0,0.0,0.0,0.0,1.0,0.0,0.0,0.32,0.32,0.0,0.32
ENG-Premier League,1112,Wigan Athletic,Jordi Gómez,ESP,MF,26.0,28,24.0,1788.0,19.9,5.0,1.0,3.0,2.0,2.0,4.0,0.0,0.25,0.05,0.3,0.15,0.2
ENG-Premier League,1112,Wigan Athletic,Maynor Figueroa,HON,DF,28.0,38,37.0,3349.0,37.2,0.0,0.0,0.0,0.0,0.0,6.0,0.0,0.0,0.0,0.0,0.0,0.0
ENG-Premier League,1112,Wigan Athletic,Mohamed Diamé,SEN,MF,24.0,26,18.0,1600.0,17.8,3.0,0.0,3.0,0.0,0.0,4.0,0.0,0.17,0.0,0.17,0.17,0.17
ENG-Premier League,1112,Wigan Athletic,Opponent Total,,,27.0,38,,,,,,,,,,,,,,,
ENG-Premier League,1112,Wigan Athletic,Patrick van Aanholt,NED,DF,20.0,3,3.0,270.0,3.0,0.0,0.0,0.0,0.0,0.0,0.0,0.0,0.0,0.0,0.0,0.0,0.0
ENG-Premier League,1112,Wigan Athletic,Ronnie Stam,NED,"DF,MF",27.0,20,13.0,1224.0,13.6,0.0,1.0,0.0,0.0,0.0,3.0,0.0,0.0,0.07,0.07,0.0,0.07
ENG-Premier League,1112,Wigan Athletic,Shaun Maloney,SCO,"FW,MF",28.0,13,8.0,772.0,8.6,3.0,2.0,2.0,1.0,1.0,1.0,0.0,0.35,0.23,0.58,0.23,0.47
ENG-Premier League,1112,Wigan Athletic,Squad Total,,,26.3,38,418.0,,,41.0,22.0,36.0,5.0,7.0,67.0,3.0,1.08,0.58,1.66,0.95,1.53
ENG-Premier League,1112,Wigan Athletic,Steve Gohouri,CIV,DF,30.0,10,8.0,685.0,7.6,0.0,0.0,0.0,0.0,0.0,3.0,1.0,0.0,0.0,0.0,0.0,0.0
ENG-Premier League,1112,Wigan Athletic,Victor Moses,NGA,"DF,FW",20.0,38,36.0,3212.0,35.7,6.0,1.0,6.0,0.0,0.0,4.0,0.0,0.17,0.03,0.2,0.17,0.2
ENG-Premier League,1112,Wolves,Adam Hammill,ENG,"FW,MF",23.0,9,3.0,349.0,3.9,0.0,1.0,0.0,0.0,0.0,2.0,0.0,0.0,0.26,0.26,0.0,0.26
ENG-Premier League,1112,Wolves,Adlène Guedioura,ALG,MF,25.0,10,2.0,301.0,3.3,0.0,0.0,0.0,0.0,0.0,2.0,0.0,0.0,0.0,0.0,0.0,0.0
ENG-Premier League,1112,Wolves,Anthony Forde,IRL,"DF,FW",17.0,6,3.0,244.0,2.7,0.0,0.0,0.0,0.0,0.0,0.0,0.0,0.0,0.0,0.0,0.0,0.0
ENG-Premier League,1112,Wolves,Carl Ikeme,NGA,GK,25.0,1,0.0,40.0,0.4,0.0,0.0,0.0,0.0,0.0,0.0,0.0,0.0,0.0,0.0,0.0,0.0
ENG-Premier League,1112,Wolves,Christophe Berra,SCO,DF,26.0,32,29.0,2700.0,30.0,0.0,0.0,0.0,0.0,0.0,5.0,0.0,0.0,0.0,0.0,0.0,0.0
ENG-Premier League,1112,Wolves,David Davis,ENG,MF,20.0,7,6.0,396.0,4.4,0.0,0.0,0.0,0.0,0.0,0.0,0.0,0.0,0.0,0.0,0.0,0.0
ENG-Premier League,1112,Wolves,David Edwards,WAL,MF,25.0,26,24.0,1928.0,21.4,3.0,1.0,3.0,0.0,0.0,2.0,0.0,0.14,0.05,0.19,0.14,0.19
ENG-Premier League,1112,Wolves,Dorus de Vries,NED,GK,30.0,4,4.0,320.0,3.6,0.0,0.0,0.0,0.0,0.0,0.0,0.0,0.0,0.0,0.0,0.0,0.0
ENG-Premier League,1112,Wolves,Eggert Jónsson,ISL,"DF,MF",22.0,3,2.0,172.0,1.9,0.0,0.0,0.0,0.0,0.0,1.0,0.0,0.0,0.0,0.0,0.0,0.0
ENG-Premier League,1112,Wolves,Emmanuel Frimpong,GHA,MF,19.0,5,5.0,287.0,3.2,0.0,1.0,0.0,0.0,0.0,1.0,0.0,0.0,0.31,0.31,0.0,0.31
ENG-Premier League,1112,Wolves,George Elokobi,CMR,DF,25.0,9,3.0,298.0,3.3,0.0,0.0,0.0,0.0,0.0,0.0,0.0,0.0,0.0,0.0,0.0,0.0
ENG-Premier League,1112,Wolves,Jamie O'Hara,ENG,MF,24.0,19,19.0,1656.0,18.4,2.0,1.0,2.0,0.0,0.0,6.0,0.0,0.11,0.05,0.16,0.11,0.16
ENG-Premier League,1112,Wolves,Jody Craddock,ENG,"DF,MF",36.0,1,1.0,73.0,0.8,0.0,0.0,0.0,0.0,0.0,0.0,0.0,0.0,0.0,0.0,0.0,0.0
ENG-Premier League,1112,Wolves,Johnny Gorman,NIR,MF,18.0,1,0.0,2.0,0.0,0.0,0.0,0.0,0.0,0.0,0.0,0.0,0.0,0.0,0.0,0.0,0.0
ENG-Premier League,1112,Wolves,Karl Henry,ENG,"DF,MF",28.0,31,30.0,2579.0,28.7,0.0,0.0,0.0,0.0,0.0,7.0,1.0,0.0,0.0,0.0,0.0,0.0
ENG-Premier League,1112,Wolves,Kevin Doyle,IRL,FW,27.0,33,26.0,2349.0,26.1,4.0,7.0,4.0,0.0,1.0,4.0,0.0,0.15,0.27,0.42,0.15,0.42
ENG-Premier League,1112,Wolves,Kevin Foley,IRL,"DF,MF",26.0,16,11.0,1071.0,11.9,0.0,0.0,0.0,0.0,0.0,0.0,0.0,0.0,0.0,0.0,0.0,0.0
ENG-Premier League,1112,Wolves,Matt Doherty,IRL,"DF,MF",19.0,1,0.0,45.0,0.5,0.0,0.0,0.0,0.0,0.0,0.0,0.0,0.0,0.0,0.0,0.0,0.0
ENG-Premier League,1112,Wolves,Matt Jarvis,ENG,MF,25.0,37,31.0,2812.0,31.2,8.0,4.0,8.0,0.0,0.0,0.0,0.0,0.26,0.13,0.38,0.26,0.38
ENG-Premier League,1112,Wolves,Michael Kightly,ENG,"FW,MF",25.0,18,14.0,1189.0,13.2,3.0,1.0,3.0,0.0,0.0,3.0,0.0,0.23,0.08,0.3,0.23,0.3
ENG-Premier League,1112,Wolves,Nenad Milijaš,SRB,MF,28.0,20,6.0,736.0,8.2,0.0,1.0,0.0,0.0,0.0,1.0,1.0,0.0,0.12,0.12,0.0,0.12
ENG-Premier League,1112,Wolves,Opponent Total,,,26.9,38,,,,,,,,,,,,,,,
ENG-Premier League,1112,Wolves,Richard Stearman,ENG,DF,23.0,30,28.0,2405.0,26.7,0.0,0.0,0.0,0.0,0.0,7.0,0.0,0.0,0.0,0.0,0.0,0.0
ENG-Premier League,1112,Wolves,Roger Johnson,ENG,DF,28.0,27,26.0,2357.0,26.2,0.0,1.0,0.0,0.0,0.0,6.0,0.0,0.0,0.04,0.04,0.0,0.04
ENG-Premier League,1112,Wolves,Ronald Zubar,FRA,DF,25.0,15,14.0,1162.0,12.9,1.0,0.0,1.0,0.0,0.0,5.0,1.0,0.08,0.0,0.08,0.08,0.08
ENG-Premier League,1112,Wolves,Sam Vokes,WAL,FW,21.0,4,0.0,65.0,0.7,0.0,0.0,0.0,0.0,0.0,1.0,0.0,0.0,0.0,0.0,0.0,0.0
ENG-Premier League,1112,Wolves,Squad Total,,,26.0,38,418.0,,,40.0,25.0,37.0,3.0,4.0,64.0,4.0,1.05,0.66,1.71,0.97,1.63
ENG-Premier League,1112,Wolves,Stefan Maierhofer,AUT,FW,28.0,1,0.0,1.0,0.0,0.0,0.0,0.0,0.0,0.0,0.0,0.0,0.0,0.0,0.0,0.0,0.0
ENG-Premier League,1112,Wolves,Stephen Hunt,IRL,"FW,MF",29.0,24,16.0,1388.0,15.4,3.0,1.0,0.0,3.0,3.0,5.0,0.0,0.19,0.06,0.26,0.0,0.06
ENG-Premier League,1112,Wolves,Stephen Ward,IRL,"DF,FW",25.0,38,38.0,3420.0,38.0,3.0,1.0,3.0,0.0,0.0,2.0,0.0,0.08,0.03,0.11,0.08,0.11
ENG-Premier League,1112,Wolves,Steven Fletcher,SCO,FW,24.0,32,26.0,2346.0,26.1,12.0,2.0,12.0,0.0,0.0,2.0,0.0,0.46,0.08,0.54,0.46,0.54
ENG-Premier League,1112,Wolves,Sylvan Ebanks-Blake,ENG,FW,25.0,23,8.0,1025.0,11.4,1.0,3.0,1.0,0.0,0.0,1.0,0.0,0.09,0.26,0.35,0.09,0.35
ENG-Premier League,1112,Wolves,Sébastien Bassong,CMR,DF,25.0,9,9.0,682.0,7.6,0.0,0.0,0.0,0.0,0.0,1.0,1.0,0.0,0.0,0.0,0.0,0.0
ENG-Premier League,1112,Wolves,Wayne Hennessey,WAL,GK,24.0,34,34.0,3060.0,34.0,0.0,0.0,0.0,0.0,0.0,1.0,0.0,0.0,0.0,0.0,0.0,0.0
