,,,,Nation,Pos,Age,Playing Time,Playing Time,Playing Time,Playing Time,Playing Time,Starts,Starts,Starts,Subs,Subs,Subs,Team Success,Team Success,Team Success,Team Success,Team Success,Team Success
,,,,,,,MP,Min,Mn/MP,Min%,90s,Starts,Mn/Start,Compl,Subs,Mn/Sub,unSub,PPM,onG,onGA,+/-,+/-90,On-Off
league,season,team,player,,,,,,,,,,,,,,,,,,,,
ENG-Premier League,1213,Arsenal,Aaron Ramsey,WAL,MF,21.0,36,2097.0,58.0,,23.3,21.0,,16.0,15.0,,,,,,,,
ENG-Premier League,1213,Arsenal,Abou Diaby,FRA,MF,26.0,11,705.0,64.0,,7.8,10.0,,2.0,1.0,,,,,,,,
ENG-Premier League,1213,Arsenal,Alex Oxlade-Chamberlain,ENG,MF,18.0,25,1063.0,43.0,,11.8,11.0,,1.0,14.0,,,,,,,,
ENG-Premier League,1213,Arsenal,Andrey Arshavin,RUS,"FW,MF",31.0,7,88.0,13.0,,1.0,0.0,,,7.0,,,,,,,,
ENG-Premier League,1213,Arsenal,André Santos,BRA,"DF,MF",29.0,8,400.0,50.0,,4.4,3.0,,3.0,5.0,,,,,,,,
ENG-Premier League,1213,Arsenal,Bacary Sagna,FRA,DF,29.0,25,2239.0,90.0,,24.9,25.0,,24.0,0.0,,,,,,,,
ENG-Premier League,1213,Arsenal,Carl Jenkinson,ENG,DF,20.0,14,1186.0,85.0,,13.2,14.0,,11.0,0.0,,,,,,,,
ENG-Premier League,1213,Arsenal,Francis Coquelin,FRA,"DF,MF",21.0,11,228.0,21.0,,2.5,3.0,,0.0,8.0,,,,,,,,
ENG-Premier League,1213,Arsenal,Gervinho,CIV,"FW,MF",25.0,18,1012.0,56.0,,11.2,12.0,,3.0,6.0,,,,,,,,
ENG-Premier League,1213,Arsenal,Ignasi Miquel,ESP,DF,19.0,1,4.0,4.0,,0.0,0.0,,,1.0,,,,,,,,
ENG-Premier League,1213,Arsenal,Jack Wilshere,ENG,MF,20.0,25,1696.0,68.0,,18.8,20.0,,13.0,5.0,,,,,,,,
ENG-Premier League,1213,Arsenal,Kieran Gibbs,ENG,"DF,MF",22.0,27,2103.0,78.0,,23.4,23.0,,20.0,4.0,,,,,,,,
ENG-Premier League,1213,Arsenal,Laurent Koscielny,FRA,DF,26.0,25,1676.0,67.0,,18.6,20.0,,18.0,5.0,,,,,,,,
ENG-Premier League,1213,Arsenal,Lukas Podolski,GER,"FW,MF",27.0,33,1985.0,60.0,,22.1,25.0,,2.0,8.0,,,,,,,,
ENG-Premier League,1213,Arsenal,Mikel Arteta,ESP,MF,30.0,34,2982.0,88.0,,33.1,34.0,,31.0,0.0,,,,,,,,
ENG-Premier League,1213,Arsenal,Nacho Monreal,ESP,DF,26.0,10,791.0,79.0,,8.8,9.0,,8.0,1.0,,,,,,,,
ENG-Premier League,1213,Arsenal,Olivier Giroud,FRA,FW,25.0,34,2333.0,69.0,,25.9,24.0,,19.0,10.0,,,,,,,,
ENG-Premier League,1213,Arsenal,Opponent Total,,,27.0,38,,,100.0,,,,,,,,1.92,37.0,72.0,-35.0,,
ENG-Premier League,1213,Arsenal,Per Mertesacker,GER,DF,27.0,34,3029.0,89.0,,33.7,33.0,,32.0,1.0,,,,,,,,
ENG-Premier League,1213,Arsenal,Santi Cazorla,ESP,MF,27.0,38,3297.0,87.0,,36.6,37.0,,26.0,1.0,,,,,,,,
ENG-Premier League,1213,Arsenal,Serge Gnabry,GER,"FW,MF",17.0,1,8.0,8.0,,0.1,0.0,,,1.0,,,,,,,,
ENG-Premier League,1213,Arsenal,Squad Total,,,25.6,38,,,100.0,,418.0,,,108.0,0.0,,1.92,72.0,37.0,35.0,,
ENG-Premier League,1213,Arsenal,Theo Walcott,ENG,"FW,MF",23.0,32,2284.0,71.0,,25.4,24.0,,15.0,8.0,,,,,,,,
ENG-Premier League,1213,Arsenal,Thomas Vermaelen,BEL,DF,26.0,29,2236.0,77.0,,24.8,25.0,,23.0,4.0,,,,,,,,
ENG-Premier League,1213,Arsenal,Tomáš Rosický,CZE,MF,31.0,10,609.0,61.0,,6.8,7.0,,2.0,3.0,,,,,,,,
ENG-Premier League,1213,Arsenal,Vito Mannone,ITA,GK,24.0,9,810.0,90.0,,9.0,9.0,,9.0,0.0,,,,,,,,
ENG-Premier League,1213,Arsenal,Wojciech Szczęsny,POL,GK,22.0,25,2250.0,90.0,,25.0,25.0,,25.0,0.0,,,,,,,,
ENG-Premier League,1213,Arsenal,Łukasz Fabiański,POL,GK,27.0,4,360.0,90.0,,4.0,4.0,,4.0,0.0,,,,,,,,
ENG-Premier League,1213,Aston Villa,Andreas Weimann,AUT,"FW,MF",20.0,30,2242.0,75.0,,24.9,26.0,,12.0,4.0,,,,,,,,
ENG-Premier League,1213,Aston Villa,Ashley Westwood,ENG,MF,22.0,30,2455.0,82.0,,27.3,28.0,,21.0,2.0,,,,,,,,
ENG-Premier League,1213,Aston Villa,Barry Bannan,SCO,MF,22.0,24,1626.0,68.0,,18.1,18.0,,10.0,6.0,,,,,,,,
ENG-Premier League,1213,Aston Villa,Brad Guzan,USA,GK,27.0,36,3240.0,90.0,,36.0,36.0,,36.0,0.0,,,,,,,,
ENG-Premier League,1213,Aston Villa,Brett Holman,AUS,"FW,MF",28.0,27,1425.0,53.0,,15.8,16.0,,5.0,11.0,,,,,,,,
ENG-Premier League,1213,Aston Villa,Charles N'Zogbia,FRA,"DF,FW",26.0,21,996.0,47.0,,11.1,11.0,,2.0,10.0,,,,,,,,
ENG-Premier League,1213,Aston Villa,Chris Herd,AUS,"DF,MF",23.0,9,752.0,84.0,,8.4,9.0,,7.0,0.0,,,,,,,,
ENG-Premier League,1213,Aston Villa,Christian Benteke,BEL,FW,21.0,34,2819.0,83.0,,31.3,32.0,,27.0,2.0,,,,,,,,
ENG-Premier League,1213,Aston Villa,Ciaran Clark,IRL,"DF,MF",22.0,29,2499.0,86.0,,27.8,28.0,,27.0,1.0,,,,,,,,
ENG-Premier League,1213,Aston Villa,Darren Bent,ENG,FW,28.0,16,815.0,51.0,,9.1,8.0,,6.0,8.0,,,,,,,,
ENG-Premier League,1213,Aston Villa,Derrick Williams,IRL,DF,19.0,1,26.0,26.0,,0.3,0.0,,,1.0,,,,,,,,
ENG-Premier League,1213,Aston Villa,Enda Stevens,IRL,"DF,MF",22.0,7,470.0,67.0,,5.2,6.0,,4.0,1.0,,,,,,,,
ENG-Premier League,1213,Aston Villa,Eric Lichaj,USA,DF,23.0,17,1140.0,67.0,,12.7,9.0,,6.0,8.0,,,,,,,,
ENG-Premier League,1213,Aston Villa,Fabian Delph,ENG,"DF,MF",22.0,24,1704.0,71.0,,18.9,19.0,,15.0,5.0,,,,,,,,
ENG-Premier League,1213,Aston Villa,Gabby Agbonlahor,ENG,"FW,MF",25.0,28,2187.0,78.0,,24.3,24.0,,19.0,4.0,,,,,,,,
ENG-Premier League,1213,Aston Villa,Gary Gardner,ENG,MF,20.0,2,20.0,10.0,,0.2,0.0,,,2.0,,,,,,,,
ENG-Premier League,1213,Aston Villa,Joe Bennett,ENG,"DF,MF",22.0,25,1857.0,74.0,,20.6,21.0,,17.0,4.0,,,,,,,,
ENG-Premier League,1213,Aston Villa,Jordan Bowery,ENG,FW,21.0,10,302.0,30.0,,3.4,3.0,,0.0,7.0,,,,,,,,
ENG-Premier League,1213,Aston Villa,Karim El Ahmadi,MAR,MF,27.0,20,1176.0,59.0,,13.1,12.0,,9.0,8.0,,,,,,,,
ENG-Premier League,1213,Aston Villa,Marc Albrighton,ENG,"DF,FW",22.0,9,429.0,48.0,,4.8,4.0,,1.0,5.0,,,,,,,,
ENG-Premier League,1213,Aston Villa,Matthew Lowton,ENG,DF,23.0,37,3266.0,88.0,,36.3,37.0,,36.0,0.0,,,,,,,,
ENG-Premier League,1213,Aston Villa,Nathan Baker,ENG,DF,21.0,26,2007.0,77.0,,22.3,25.0,,20.0,1.0,,,,,,,,
ENG-Premier League,1213,Aston Villa,Nathan Delfouneso,ENG,"FW,MF",21.0,1,45.0,45.0,,0.5,1.0,,0.0,0.0,,,,,,,,
ENG-Premier League,1213,Aston Villa,Opponent Total,,,27.1,38,,,100.0,,,,,,,,1.08,69.0,47.0,22.0,,
ENG-Premier League,1213,Aston Villa,Ron Vlaar,NED,DF,27.0,27,2390.0,89.0,,26.6,27.0,,26.0,0.0,,,,,,,,
ENG-Premier League,1213,Aston Villa,Shay Given,IRL,GK,36.0,2,180.0,90.0,,2.0,2.0,,2.0,0.0,,,,,,,,
ENG-Premier League,1213,Aston Villa,Simon Dawkins,JAM,"FW,MF",24.0,4,75.0,19.0,,0.8,0.0,,,4.0,,,,,,,,
ENG-Premier League,1213,Aston Villa,Squad Total,,,24.1,38,,,100.0,,418.0,,,102.0,0.0,,1.08,47.0,69.0,-22.0,,
ENG-Premier League,1213,Aston Villa,Stephen Ireland,IRL,MF,25.0,13,780.0,60.0,,8.7,9.0,,3.0,4.0,,,,,,,,
ENG-Premier League,1213,Aston Villa,Yacouba Sylla,MLI,MF,21.0,11,595.0,54.0,,6.6,7.0,,3.0,4.0,,,,,,,,
ENG-Premier League,1213,Chelsea,Ashley Cole,ENG,DF,31.0,31,2790.0,90.0,,31.0,31.0,,31.0,0.0,,,,,,,,
ENG-Premier League,1213,Chelsea,Branislav Ivanović,SRB,DF,28.0,34,2946.0,87.0,,32.7,33.0,,31.0,1.0,,,,,,,,
ENG-Premier League,1213,Chelsea,César Azpilicueta,ESP,"DF,MF",22.0,27,2199.0,81.0,,24.4,24.0,,23.0,3.0,,,,,,,,
ENG-Premier League,1213,Chelsea,Daniel Sturridge,ENG,"FW,MF",22.0,7,168.0,24.0,,1.9,1.0,,1.0,6.0,,,,,,,,
ENG-Premier League,1213,Chelsea,David Luiz,BRA,"DF,MF",25.0,30,2632.0,88.0,,29.2,29.0,,27.0,1.0,,,,,,,,
ENG-Premier League,1213,Chelsea,Demba Ba,SEN,FW,27.0,14,868.0,62.0,,9.6,11.0,,5.0,3.0,,,,,,,,
ENG-Premier League,1213,Chelsea,Eden Hazard,BEL,"FW,MF",21.0,34,2624.0,77.0,,29.2,31.0,,14.0,3.0,,,,,,,,
ENG-Premier League,1213,Chelsea,Fernando Torres,ESP,FW,28.0,36,2572.0,71.0,,28.6,28.0,,21.0,8.0,,,,,,,,
ENG-Premier League,1213,Chelsea,Frank Lampard,ENG,MF,34.0,29,1904.0,66.0,,21.2,21.0,,16.0,8.0,,,,,,,,
ENG-Premier League,1213,Chelsea,Gary Cahill,ENG,DF,26.0,26,2219.0,85.0,,24.7,24.0,,23.0,2.0,,,,,,,,
ENG-Premier League,1213,Chelsea,John Obi Mikel,NGA,MF,25.0,22,1620.0,74.0,,18.0,19.0,,11.0,3.0,,,,,,,,
ENG-Premier League,1213,Chelsea,John Terry,ENG,DF,31.0,14,950.0,68.0,,10.6,11.0,,9.0,3.0,,,,,,,,
ENG-Premier League,1213,Chelsea,Juan Mata,ESP,"FW,MF",24.0,35,2727.0,78.0,,30.3,31.0,,13.0,4.0,,,,,,,,
ENG-Premier League,1213,Chelsea,Lucas Piazon,BRA,"FW,MF",18.0,1,17.0,17.0,,0.2,0.0,,,1.0,,,,,,,,
ENG-Premier League,1213,Chelsea,Marko Marin,GER,"FW,MF",23.0,6,144.0,24.0,,1.6,2.0,,0.0,4.0,,,,,,,,
ENG-Premier League,1213,Chelsea,Nathan Aké,NED,"DF,MF",17.0,3,92.0,31.0,,1.0,1.0,,1.0,2.0,,,,,,,,
ENG-Premier League,1213,Chelsea,Opponent Total,,,27.0,38,,,100.0,,,,,,,,1.97,39.0,75.0,-36.0,,
ENG-Premier League,1213,Chelsea,Oriol Romeu,ESP,MF,20.0,6,236.0,39.0,,2.6,4.0,,1.0,2.0,,,,,,,,
ENG-Premier League,1213,Chelsea,Oscar,BRA,MF,20.0,34,2292.0,67.0,,25.5,24.0,,13.0,10.0,,,,,,,,
ENG-Premier League,1213,Chelsea,Paulo Ferreira,POR,DF,33.0,2,11.0,6.0,,0.1,0.0,,,2.0,,,,,,,,
ENG-Premier League,1213,Chelsea,Petr Čech,CZE,GK,30.0,36,3195.0,89.0,,35.5,36.0,,35.0,0.0,,,,,,,,
ENG-Premier League,1213,Chelsea,Ramires,BRA,MF,25.0,35,2524.0,72.0,,28.0,28.0,,24.0,7.0,,,,,,,,
ENG-Premier League,1213,Chelsea,Raul Meireles,POR,MF,29.0,3,102.0,34.0,,1.1,1.0,,0.0,2.0,,,,,,,,
ENG-Premier League,1213,Chelsea,Ross Turnbull,ENG,GK,27.0,3,225.0,75.0,,2.5,2.0,,2.0,1.0,,,,,,,,
ENG-Premier League,1213,Chelsea,Ryan Bertrand,ENG,"DF,MF",22.0,19,1286.0,68.0,,14.3,14.0,,12.0,5.0,,,,,,,,
ENG-Premier League,1213,Chelsea,Squad Total,,,26.4,38,,,100.0,,418.0,,,98.0,0.0,,1.97,75.0,39.0,36.0,,
ENG-Premier League,1213,Chelsea,Victor Moses,NGA,"DF,FW",21.0,23,1125.0,49.0,,12.5,12.0,,4.0,11.0,,,,,,,,
ENG-Premier League,1213,Chelsea,Yossi Benayoun,ISR,MF,32.0,6,59.0,10.0,,0.7,0.0,,,6.0,,,,,,,,
ENG-Premier League,1213,Everton,Apostolos Vellios,GRE,FW,20.0,6,61.0,10.0,,0.7,0.0,,,6.0,,,,,,,,
ENG-Premier League,1213,Everton,Bryan Oviedo,CRC,"DF,MF",22.0,15,242.0,16.0,,2.7,1.0,,1.0,14.0,,,,,,,,
ENG-Premier League,1213,Everton,Darron Gibson,IRL,MF,24.0,23,1804.0,78.0,,20.0,22.0,,15.0,1.0,,,,,,,,
ENG-Premier League,1213,Everton,John Heitinga,NED,"DF,MF",28.0,26,1607.0,62.0,,17.9,17.0,,15.0,9.0,,,,,,,,
ENG-Premier League,1213,Everton,Ján Mucha,SVK,GK,29.0,2,180.0,90.0,,2.0,2.0,,2.0,0.0,,,,,,,,
ENG-Premier League,1213,Everton,Kevin Mirallas,BEL,"FW,MF",24.0,27,1824.0,68.0,,20.3,23.0,,5.0,4.0,,,,,,,,
ENG-Premier League,1213,Everton,Leighton Baines,ENG,DF,27.0,38,3420.0,90.0,,38.0,38.0,,38.0,0.0,,,,,,,,
ENG-Premier League,1213,Everton,Leon Osman,ENG,MF,31.0,36,3175.0,88.0,,35.3,36.0,,29.0,0.0,,,,,,,,
ENG-Premier League,1213,Everton,Magaye Gueye,FRA,"FW,MF",22.0,2,51.0,26.0,,0.6,0.0,,,2.0,,,,,,,,
ENG-Premier League,1213,Everton,Marouane Fellaini,BEL,MF,24.0,31,2783.0,90.0,,30.9,31.0,,29.0,0.0,,,,,,,,
ENG-Premier League,1213,Everton,Nikica Jelavić,CRO,FW,26.0,37,2427.0,66.0,,27.0,26.0,,13.0,11.0,,,,,,,,
ENG-Premier League,1213,Everton,Opponent Total,,,26.9,38,,,100.0,,,,,,,,1.66,40.0,55.0,-15.0,,
ENG-Premier League,1213,Everton,Phil Jagielka,ENG,"DF,MF",29.0,36,3154.0,88.0,,35.0,36.0,,35.0,0.0,,,,,,,,
ENG-Premier League,1213,Everton,Phil Neville,ENG,"DF,MF",35.0,18,1546.0,86.0,,17.2,18.0,,13.0,0.0,,,,,,,,
ENG-Premier League,1213,Everton,Ross Barkley,ENG,MF,18.0,7,209.0,30.0,,2.3,2.0,,0.0,5.0,,,,,,,,
ENG-Premier League,1213,Everton,Shane Duffy,IRL,"DF,MF",20.0,1,1.0,1.0,,0.0,0.0,,,1.0,,,,,,,,
ENG-Premier League,1213,Everton,Squad Total,,,28.8,38,,,100.0,,418.0,,,88.0,0.0,,1.66,55.0,40.0,15.0,,
ENG-Premier League,1213,Everton,Steven Naismith,SCO,"FW,MF",25.0,31,1283.0,41.0,,14.3,13.0,,2.0,18.0,,,,,,,,
ENG-Premier League,1213,Everton,Steven Pienaar,RSA,MF,30.0,35,3057.0,87.0,,34.0,35.0,,28.0,0.0,,,,,,,,
ENG-Premier League,1213,Everton,Sylvain Distin,FRA,DF,34.0,34,2838.0,83.0,,31.5,31.0,,31.0,3.0,,,,,,,,
ENG-Premier League,1213,Everton,Séamus Coleman,IRL,"DF,MF",23.0,26,2165.0,83.0,,24.1,24.0,,23.0,2.0,,,,,,,,
ENG-Premier League,1213,Everton,Thomas Hitzlsperger,GER,MF,30.0,7,350.0,50.0,,3.9,4.0,,1.0,3.0,,,,,,,,
ENG-Premier League,1213,Everton,Tim Howard,USA,GK,33.0,36,3240.0,90.0,,36.0,36.0,,36.0,0.0,,,,,,,,
ENG-Premier League,1213,Everton,Tony Hibbert,ENG,DF,31.0,6,433.0,72.0,,4.8,4.0,,4.0,2.0,,,,,,,,
ENG-Premier League,1213,Everton,Victor Anichebe,NGA,FW,24.0,26,1712.0,66.0,,19.0,19.0,,7.0,7.0,,,,,,,,
ENG-Premier League,1213,Fulham,Aaron Hughes,NIR,DF,32.0,24,2115.0,88.0,,23.5,23.0,,23.0,1.0,,,,,,,,
ENG-Premier League,1213,Fulham,Alex Smith,ENG,DF,20.0,1,1.0,1.0,,0.0,0.0,,,1.0,,,,,,,,
ENG-Premier League,1213,Fulham,Alexander Kačaniklić,SWE,"FW,MF",20.0,20,1255.0,63.0,,13.9,16.0,,4.0,4.0,,,,,,,,
ENG-Premier League,1213,Fulham,Ashkan Dejagah,IRN,"FW,MF",26.0,21,1194.0,57.0,,13.3,13.0,,6.0,8.0,,,,,,,,
ENG-Premier League,1213,Fulham,Brede Hangeland,NOR,DF,31.0,35,3046.0,87.0,,33.8,35.0,,33.0,0.0,,,,,,,,
ENG-Premier League,1213,Fulham,Bryan Ruiz,CRC,"FW,MF",26.0,29,2381.0,82.0,,26.5,26.0,,21.0,3.0,,,,,,,,
ENG-Premier League,1213,Fulham,Chris Baird,NIR,"DF,MF",30.0,19,1320.0,69.0,,14.7,14.0,,12.0,5.0,,,,,,,,
ENG-Premier League,1213,Fulham,Damien Duff,IRL,"FW,MF",33.0,31,2332.0,75.0,,25.9,27.0,,18.0,4.0,,,,,,,,
ENG-Premier League,1213,Fulham,David Stockdale,ENG,GK,26.0,2,180.0,90.0,,2.0,2.0,,2.0,0.0,,,,,,,,
ENG-Premier League,1213,Fulham,Dimitar Berbatov,BUL,FW,31.0,33,2842.0,86.0,,31.6,32.0,,27.0,1.0,,,,,,,,
ENG-Premier League,1213,Fulham,Emmanuel Frimpong,GHA,MF,20.0,6,223.0,37.0,,2.5,2.0,,0.0,4.0,,,,,,,,
ENG-Premier League,1213,Fulham,Eyong Enoh,CMR,MF,26.0,9,693.0,77.0,,7.7,8.0,,7.0,1.0,,,,,,,,
ENG-Premier League,1213,Fulham,Giorgos Karagounis,GRE,MF,35.0,25,1538.0,62.0,,17.1,20.0,,6.0,5.0,,,,,,,,
ENG-Premier League,1213,Fulham,Hugo Rodallega,COL,FW,27.0,29,1515.0,52.0,,16.8,14.0,,7.0,15.0,,,,,,,,
ENG-Premier League,1213,Fulham,John Arne Riise,NOR,"DF,MF",31.0,31,2529.0,82.0,,28.1,29.0,,26.0,2.0,,,,,,,,
ENG-Premier League,1213,Fulham,Kerim Frei,TUR,MF,18.0,7,236.0,34.0,,2.6,2.0,,0.0,5.0,,,,,,,,
ENG-Premier League,1213,Fulham,Kieran Richardson,ENG,"DF,MF",27.0,14,819.0,59.0,,9.1,12.0,,3.0,2.0,,,,,,,,
ENG-Premier League,1213,Fulham,Mahamadou Diarra,MLI,MF,31.0,8,605.0,76.0,,6.7,7.0,,4.0,1.0,,,,,,,,
ENG-Premier League,1213,Fulham,Mark Schwarzer,AUS,GK,39.0,36,3240.0,90.0,,36.0,36.0,,36.0,0.0,,,,,,,,
ENG-Premier League,1213,Fulham,Matthew Briggs,GUY,DF,21.0,5,297.0,59.0,,3.3,3.0,,3.0,2.0,,,,,,,,
ENG-Premier League,1213,Fulham,Mladen Petrić,CRO,FW,31.0,23,886.0,39.0,,9.8,9.0,,1.0,14.0,,,,,,,,
ENG-Premier League,1213,Fulham,Mousa Dembélé,BEL,MF,25.0,2,180.0,90.0,,2.0,2.0,,2.0,0.0,,,,,,,,
ENG-Premier League,1213,Fulham,Opponent Total,,,26.7,38,,,100.0,,,,,,,,1.13,60.0,50.0,10.0,,
ENG-Premier League,1213,Fulham,Pajtim Kasami,SUI,"FW,MF",20.0,2,24.0,12.0,,0.3,0.0,,,2.0,,,,,,,,
ENG-Premier League,1213,Fulham,Philippe Senderos,SUI,DF,27.0,21,1684.0,80.0,,18.7,18.0,,18.0,3.0,,,,,,,,
ENG-Premier League,1213,Fulham,Sascha Riether,GER,"DF,MF",29.0,35,3043.0,87.0,,33.8,35.0,,33.0,0.0,,,,,,,,
ENG-Premier League,1213,Fulham,Squad Total,,,30.4,38,,,100.0,,418.0,,,98.0,0.0,,1.13,50.0,60.0,-10.0,,
ENG-Premier League,1213,Fulham,Stanislav Manolev,BUL,"DF,MF",26.0,5,431.0,86.0,,4.8,4.0,,3.0,1.0,,,,,,,,
ENG-Premier League,1213,Fulham,Stephen Kelly,IRL,DF,28.0,2,107.0,54.0,,1.2,0.0,,,2.0,,,,,,,,
ENG-Premier League,1213,Fulham,Steve Sidwell,ENG,MF,29.0,28,2107.0,75.0,,23.4,24.0,,19.0,4.0,,,,,,,,
ENG-Premier League,1213,Fulham,Urby Emanuelson,NED,"DF,FW",26.0,13,649.0,50.0,,7.2,5.0,,4.0,8.0,,,,,,,,
ENG-Premier League,1213,Liverpool,Andre Wisdom,ENG,DF,19.0,12,1014.0,85.0,,11.3,12.0,,10.0,0.0,,,,,,,,
ENG-Premier League,1213,Liverpool,Andy Carroll,ENG,FW,23.0,2,20.0,10.0,,0.2,0.0,,,2.0,,,,,,,,
ENG-Premier League,1213,Liverpool,Brad Jones,AUS,GK,30.0,7,630.0,90.0,,7.0,7.0,,7.0,0.0,,,,,,,,
ENG-Premier League,1213,Liverpool,Conor Coady,ENG,"DF,MF",19.0,1,3.0,3.0,,0.0,0.0,,,1.0,,,,,,,,
ENG-Premier League,1213,Liverpool,Daniel Agger,DEN,DF,27.0,35,3098.0,89.0,,34.4,35.0,,32.0,0.0,,,,,,,,
ENG-Premier League,1213,Liverpool,Daniel Sturridge,ENG,"FW,MF",22.0,14,1085.0,78.0,,12.1,11.0,,5.0,3.0,,,,,,,,
ENG-Premier League,1213,Liverpool,Fabio Borini,ITA,"FW,MF",21.0,13,513.0,39.0,,5.7,5.0,,1.0,8.0,,,,,,,,
ENG-Premier League,1213,Liverpool,Glen Johnson,ENG,DF,27.0,36,3226.0,90.0,,35.8,36.0,,35.0,0.0,,,,,,,,
ENG-Premier League,1213,Liverpool,Jamie Carragher,ENG,"DF,MF",34.0,24,1532.0,64.0,,17.0,16.0,,15.0,8.0,,,,,,,,
ENG-Premier League,1213,Liverpool,Joe Allen,WAL,MF,22.0,27,1920.0,71.0,,21.3,21.0,,16.0,6.0,,,,,,,,
ENG-Premier League,1213,Liverpool,Joe Cole,ENG,MF,30.0,6,172.0,29.0,,1.9,0.0,,,6.0,,,,,,,,
ENG-Premier League,1213,Liverpool,Jonjo Shelvey,ENG,MF,20.0,19,924.0,49.0,,10.3,9.0,,4.0,10.0,,,,,,,,
ENG-Premier League,1213,Liverpool,Jordan Henderson,ENG,MF,22.0,30,1535.0,51.0,,17.1,16.0,,7.0,14.0,,,,,,,,
ENG-Premier League,1213,Liverpool,Jordon Ibe,ENG,"FW,MF",16.0,1,63.0,63.0,,0.7,1.0,,0.0,0.0,,,,,,,,
ENG-Premier League,1213,Liverpool,José Enrique,ESP,DF,26.0,29,2257.0,78.0,,25.1,25.0,,22.0,4.0,,,,,,,,
ENG-Premier League,1213,Liverpool,Lucas Leiva,BRA,MF,25.0,26,1942.0,75.0,,21.6,24.0,,14.0,2.0,,,,,,,,
ENG-Premier League,1213,Liverpool,Luis Suárez,URU,FW,25.0,33,2953.0,89.0,,32.8,33.0,,31.0,0.0,,,,,,,,
ENG-Premier League,1213,Liverpool,Martin Kelly,ENG,"DF,MF",22.0,4,335.0,84.0,,3.7,4.0,,3.0,0.0,,,,,,,,
ENG-Premier League,1213,Liverpool,Martin Škrtel,SVK,DF,27.0,25,2080.0,83.0,,23.1,23.0,,22.0,2.0,,,,,,,,
ENG-Premier League,1213,Liverpool,Nuri Şahin,TUR,MF,23.0,7,448.0,64.0,,5.0,7.0,,0.0,0.0,,,,,,,,
ENG-Premier League,1213,Liverpool,Opponent Total,,,26.8,38,,,100.0,,,,,,,,1.61,43.0,71.0,-28.0,,
ENG-Premier League,1213,Liverpool,Oussama Assaidi,MAR,"FW,MF",23.0,4,77.0,19.0,,0.9,0.0,,,4.0,,,,,,,,
ENG-Premier League,1213,Liverpool,Pepe Reina,ESP,GK,29.0,31,2790.0,90.0,,31.0,31.0,,31.0,0.0,,,,,,,,
ENG-Premier League,1213,Liverpool,Philippe Coutinho,BRA,"FW,MF",20.0,13,923.0,71.0,,10.3,12.0,,4.0,1.0,,,,,,,,
ENG-Premier League,1213,Liverpool,Raheem Sterling,ENG,"FW,MF",17.0,24,1748.0,73.0,,19.4,19.0,,15.0,5.0,,,,,,,,
ENG-Premier League,1213,Liverpool,Sebastián Coates,URU,DF,21.0,5,236.0,47.0,,2.6,2.0,,2.0,3.0,,,,,,,,
ENG-Premier League,1213,Liverpool,Squad Total,,,26.2,38,,,100.0,,418.0,,,89.0,0.0,,1.61,71.0,43.0,28.0,,
ENG-Premier League,1213,Liverpool,Steven Gerrard,ENG,MF,32.0,36,3221.0,89.0,,35.8,36.0,,35.0,0.0,,,,,,,,
ENG-Premier League,1213,Liverpool,Stewart Downing,ENG,"FW,MF",28.0,29,2191.0,76.0,,24.3,25.0,,17.0,4.0,,,,,,,,
ENG-Premier League,1213,Liverpool,Suso,ESP,"FW,MF",18.0,14,601.0,43.0,,6.7,8.0,,0.0,6.0,,,,,,,,
ENG-Premier League,1213,Manchester City,Abdul Razak,CIV,MF,19.0,3,4.0,1.0,,0.0,0.0,,,3.0,,,,,,,,
ENG-Premier League,1213,Manchester City,Aleksandar Kolarov,SRB,DF,26.0,20,1056.0,53.0,,11.7,11.0,,9.0,9.0,,,,,,,,
ENG-Premier League,1213,Manchester City,Carlos Tevez,ARG,"FW,MF",28.0,34,2393.0,70.0,,26.6,28.0,,9.0,6.0,,,,,,,,
ENG-Premier League,1213,Manchester City,David Silva,ESP,"FW,MF",26.0,32,2508.0,78.0,,27.9,29.0,,13.0,3.0,,,,,,,,
ENG-Premier League,1213,Manchester City,Edin Džeko,BIH,FW,26.0,32,1822.0,57.0,,20.2,16.0,,9.0,16.0,,,,,,,,
ENG-Premier League,1213,Manchester City,Gareth Barry,ENG,MF,31.0,31,2398.0,77.0,,26.6,27.0,,22.0,4.0,,,,,,,,
ENG-Premier League,1213,Manchester City,Gaël Clichy,FRA,DF,27.0,28,2334.0,83.0,,25.9,26.0,,24.0,2.0,,,,,,,,
ENG-Premier League,1213,Manchester City,Jack Rodwell,ENG,"DF,MF",21.0,11,498.0,45.0,,5.5,6.0,,2.0,5.0,,,,,,,,
ENG-Premier League,1213,Manchester City,James Milner,ENG,"DF,MF",26.0,26,1725.0,66.0,,19.2,19.0,,14.0,7.0,,,,,,,,
ENG-Premier League,1213,Manchester City,Javi García,ESP,"DF,MF",25.0,24,1494.0,62.0,,16.6,17.0,,12.0,7.0,,,,,,,,
ENG-Premier League,1213,Manchester City,Joe Hart,ENG,GK,25.0,38,3420.0,90.0,,38.0,38.0,,38.0,0.0,,,,,,,,
ENG-Premier League,1213,Manchester City,Joleon Lescott,ENG,DF,29.0,26,1551.0,60.0,,17.2,17.0,,16.0,9.0,,,,,,,,
ENG-Premier League,1213,Manchester City,Karim Rekik,NED,DF,17.0,1,83.0,83.0,,0.9,1.0,,0.0,0.0,,,,,,,,
ENG-Premier League,1213,Manchester City,Kolo Touré,CIV,DF,31.0,15,922.0,61.0,,10.2,10.0,,7.0,5.0,,,,,,,,
ENG-Premier League,1213,Manchester City,Maicon Sisenando,BRA,DF,31.0,9,521.0,58.0,,5.8,4.0,,4.0,5.0,,,,,,,,
ENG-Premier League,1213,Manchester City,Mario Balotelli,ITA,FW,21.0,14,590.0,42.0,,6.6,7.0,,1.0,7.0,,,,,,,,
ENG-Premier League,1213,Manchester City,Matija Nastasić,SRB,DF,19.0,21,1820.0,87.0,,20.2,21.0,,19.0,0.0,,,,,,,,
ENG-Premier League,1213,Manchester City,Micah Richards,ENG,DF,24.0,7,612.0,87.0,,6.8,7.0,,5.0,0.0,,,,,,,,
ENG-Premier League,1213,Manchester City,Nigel de Jong,NED,MF,27.0,1,90.0,90.0,,1.0,1.0,,1.0,0.0,,,,,,,,
ENG-Premier League,1213,Manchester City,Opponent Total,,,26.9,38,,,100.0,,,,,,,,2.05,34.0,66.0,-32.0,,
ENG-Premier League,1213,Manchester City,Pablo Zabaleta,ARG,"DF,MF",27.0,30,2649.0,88.0,,29.4,29.0,,27.0,1.0,,,,,,,,
ENG-Premier League,1213,Manchester City,Samir Nasri,FRA,"FW,MF",25.0,28,1798.0,64.0,,20.0,22.0,,11.0,6.0,,,,,,,,
ENG-Premier League,1213,Manchester City,Scott Sinclair,ENG,"FW,MF",23.0,11,198.0,18.0,,2.2,2.0,,0.0,9.0,,,,,,,,
ENG-Premier League,1213,Manchester City,Sergio Agüero,ARG,FW,24.0,30,1941.0,65.0,,21.6,22.0,,9.0,8.0,,,,,,,,
ENG-Premier League,1213,Manchester City,Squad Total,,,26.7,38,,,100.0,,418.0,,,112.0,0.0,,2.05,66.0,34.0,32.0,,
ENG-Premier League,1213,Manchester City,Vincent Kompany,BEL,DF,26.0,26,2237.0,86.0,,24.9,26.0,,23.0,0.0,,,,,,,,
ENG-Premier League,1213,Manchester City,Yaya Touré,CIV,MF,29.0,32,2828.0,88.0,,31.4,32.0,,30.0,0.0,,,,,,,,
ENG-Premier League,1213,Manchester Utd,Alexander Büttner,NED,"DF,MF",23.0,5,383.0,77.0,,4.3,4.0,,4.0,1.0,,,,,,,,
ENG-Premier League,1213,Manchester Utd,Anders Lindegaard,DEN,GK,28.0,10,900.0,90.0,,10.0,10.0,,10.0,0.0,,,,,,,,
ENG-Premier League,1213,Manchester Utd,Anderson,BRA,MF,24.0,17,824.0,48.0,,9.2,9.0,,1.0,8.0,,,,,,,,
ENG-Premier League,1213,Manchester Utd,Antonio Valencia,ECU,"DF,MF",26.0,30,2207.0,74.0,,24.5,24.0,,17.0,6.0,,,,,,,,
ENG-Premier League,1213,Manchester Utd,Ashley Young,ENG,"DF,FW",27.0,19,1368.0,72.0,,15.2,17.0,,9.0,2.0,,,,,,,,
ENG-Premier League,1213,Manchester Utd,Chris Smalling,ENG,DF,22.0,15,1020.0,68.0,,11.3,10.0,,9.0,5.0,,,,,,,,
ENG-Premier League,1213,Manchester Utd,Danny Welbeck,ENG,"FW,MF",21.0,27,1301.0,48.0,,14.5,13.0,,7.0,14.0,,,,,,,,
ENG-Premier League,1213,Manchester Utd,Darren Fletcher,SCO,MF,28.0,3,181.0,60.0,,2.0,2.0,,2.0,1.0,,,,,,,,
ENG-Premier League,1213,Manchester Utd,David de Gea,ESP,GK,21.0,28,2520.0,90.0,,28.0,28.0,,28.0,0.0,,,,,,,,
ENG-Premier League,1213,Manchester Utd,Javier Hernández,MEX,FW,24.0,22,952.0,43.0,,10.6,9.0,,4.0,13.0,,,,,,,,
ENG-Premier League,1213,Manchester Utd,Jonny Evans,NIR,DF,24.0,23,1902.0,83.0,,21.1,21.0,,18.0,2.0,,,,,,,,
ENG-Premier League,1213,Manchester Utd,Michael Carrick,ENG,MF,31.0,36,3044.0,85.0,,33.8,34.0,,32.0,2.0,,,,,,,,
ENG-Premier League,1213,Manchester Utd,Nani,POR,"FW,MF",25.0,11,630.0,57.0,,7.0,7.0,,3.0,4.0,,,,,,,,
ENG-Premier League,1213,Manchester Utd,Nemanja Vidić,SRB,DF,30.0,19,1617.0,85.0,,18.0,18.0,,16.0,1.0,,,,,,,,
ENG-Premier League,1213,Manchester Utd,Nick Powell,ENG,"FW,MF",18.0,2,32.0,16.0,,0.4,0.0,,,2.0,,,,,,,,
ENG-Premier League,1213,Manchester Utd,Opponent Total,,,27.0,38,,,100.0,,,,,,,,2.34,43.0,86.0,-43.0,,
ENG-Premier League,1213,Manchester Utd,Patrice Evra,FRA,DF,31.0,34,3060.0,90.0,,34.0,34.0,,34.0,0.0,,,,,,,,
ENG-Premier League,1213,Manchester Utd,Paul Scholes,ENG,MF,37.0,15,749.0,50.0,,8.3,8.0,,2.0,7.0,,,,,,,,
ENG-Premier League,1213,Manchester Utd,Phil Jones,ENG,"DF,MF",20.0,17,1209.0,71.0,,13.4,13.0,,12.0,4.0,,,,,,,,
ENG-Premier League,1213,Manchester Utd,Rafael,BRA,"DF,MF",22.0,28,2313.0,83.0,,25.7,27.0,,22.0,1.0,,,,,,,,
ENG-Premier League,1213,Manchester Utd,Rio Ferdinand,ENG,DF,33.0,28,2321.0,83.0,,25.8,26.0,,22.0,2.0,,,,,,,,
ENG-Premier League,1213,Manchester Utd,Robin van Persie,NED,FW,28.0,38,3123.0,82.0,,34.7,35.0,,31.0,3.0,,,,,,,,
ENG-Premier League,1213,Manchester Utd,Ryan Giggs,WAL,"FW,MF",38.0,22,1168.0,53.0,,13.0,12.0,,10.0,10.0,,,,,,,,
ENG-Premier League,1213,Manchester Utd,Shinji Kagawa,JPN,"FW,MF",23.0,20,1314.0,66.0,,14.6,17.0,,5.0,3.0,,,,,,,,
ENG-Premier League,1213,Manchester Utd,Squad Total,,,27.2,38,,,100.0,,418.0,,,100.0,0.0,,2.34,86.0,43.0,43.0,,
ENG-Premier League,1213,Manchester Utd,Tom Cleverley,ENG,MF,22.0,22,1445.0,66.0,,16.1,18.0,,5.0,4.0,,,,,,,,
ENG-Premier League,1213,Manchester Utd,Wayne Rooney,ENG,"FW,MF",26.0,27,2014.0,75.0,,22.4,22.0,,13.0,5.0,,,,,,,,
ENG-Premier League,1213,Newcastle Utd,Adam Campbell,ENG,"FW,MF",17.0,3,26.0,9.0,,0.3,0.0,,,3.0,,,,,,,,
ENG-Premier League,1213,Newcastle Utd,Cheick Tioté,CIV,MF,26.0,24,1751.0,73.0,,19.5,22.0,,11.0,2.0,,,,,,,,
ENG-Premier League,1213,Newcastle Utd,Dan Gosling,ENG,"DF,MF",22.0,3,44.0,15.0,,0.5,0.0,,,3.0,,,,,,,,
ENG-Premier League,1213,Newcastle Utd,Danny Simpson,ENG,DF,25.0,19,1518.0,80.0,,16.9,18.0,,10.0,1.0,,,,,,,,
ENG-Premier League,1213,Newcastle Utd,Davide Santon,ITA,DF,21.0,31,2639.0,85.0,,29.3,31.0,,27.0,0.0,,,,,,,,
ENG-Premier League,1213,Newcastle Utd,Demba Ba,SEN,FW,27.0,20,1664.0,83.0,,18.5,19.0,,14.0,1.0,,,,,,,,
ENG-Premier League,1213,Newcastle Utd,Fabricio Coloccini,ARG,"DF,MF",30.0,22,1916.0,87.0,,21.3,22.0,,19.0,0.0,,,,,,,,
ENG-Premier League,1213,Newcastle Utd,Gabriel Obertan,FRA,"FW,MF",23.0,14,417.0,30.0,,4.6,4.0,,1.0,10.0,,,,,,,,
ENG-Premier League,1213,Newcastle Utd,Gaël Bigirimana,BDI,MF,18.0,13,413.0,32.0,,4.6,3.0,,0.0,10.0,,,,,,,,
ENG-Premier League,1213,Newcastle Utd,Hatem Ben Arfa,FRA,"FW,MF",25.0,19,1458.0,77.0,,16.2,16.0,,11.0,3.0,,,,,,,,
ENG-Premier League,1213,Newcastle Utd,James Perch,ENG,"DF,MF",26.0,27,1822.0,67.0,,20.2,19.0,,14.0,8.0,,,,,,,,
ENG-Premier League,1213,Newcastle Utd,James Tavernier,ENG,DF,20.0,2,38.0,19.0,,0.4,0.0,,,2.0,,,,,,,,
ENG-Premier League,1213,Newcastle Utd,Jonás Gutiérrez,ARG,MF,29.0,34,2890.0,85.0,,32.1,34.0,,27.0,0.0,,,,,,,,
ENG-Premier League,1213,Newcastle Utd,Mapou Yanga-Mbiwa,FRA,DF,23.0,14,1038.0,74.0,,11.5,11.0,,10.0,3.0,,,,,,,,
ENG-Premier League,1213,Newcastle Utd,Massadio Haïdara,MLI,"DF,MF",19.0,4,198.0,50.0,,2.2,2.0,,1.0,2.0,,,,,,,,
ENG-Premier League,1213,Newcastle Utd,Mathieu Debuchy,FRA,DF,27.0,14,1167.0,83.0,,13.0,14.0,,12.0,0.0,,,,,,,,
ENG-Premier League,1213,Newcastle Utd,Mike Williamson,ENG,DF,28.0,19,1710.0,90.0,,19.0,19.0,,19.0,0.0,,,,,,,,
ENG-Premier League,1213,Newcastle Utd,Moussa Sissoko,FRA,MF,22.0,12,1067.0,89.0,,11.9,12.0,,10.0,0.0,,,,,,,,
ENG-Premier League,1213,Newcastle Utd,Nile Ranger,ENG,FW,21.0,2,8.0,4.0,,0.1,0.0,,,2.0,,,,,,,,
ENG-Premier League,1213,Newcastle Utd,Opponent Total,,,27.1,38,,,100.0,,,,,,,,1.08,68.0,45.0,23.0,,
ENG-Premier League,1213,Newcastle Utd,Papiss Cissé,SEN,FW,27.0,36,2994.0,83.0,,33.3,35.0,,26.0,1.0,,,,,,,,
ENG-Premier League,1213,Newcastle Utd,Rob Elliot,IRL,GK,26.0,10,835.0,84.0,,9.3,9.0,,8.0,1.0,,,,,,,,
ENG-Premier League,1213,Newcastle Utd,Ryan Taylor,ENG,"DF,MF",27.0,1,27.0,27.0,,0.3,0.0,,,1.0,,,,,,,,
ENG-Premier League,1213,Newcastle Utd,Sammy Ameobi,ENG,"FW,MF",20.0,8,236.0,30.0,,2.6,1.0,,0.0,7.0,,,,,,,,
ENG-Premier League,1213,Newcastle Utd,Shane Ferguson,NIR,"DF,MF",21.0,9,346.0,38.0,,3.8,4.0,,1.0,5.0,,,,,,,,
ENG-Premier League,1213,Newcastle Utd,Shola Ameobi,NGA,FW,30.0,23,686.0,30.0,,7.6,4.0,,2.0,19.0,,,,,,,,
ENG-Premier League,1213,Newcastle Utd,Squad Total,,,26.2,38,,,100.0,,418.0,,,108.0,0.0,,1.08,45.0,68.0,-23.0,,
ENG-Premier League,1213,Newcastle Utd,Steve Harper,ENG,GK,37.0,6,459.0,77.0,,5.1,5.0,,5.0,1.0,,,,,,,,
ENG-Premier League,1213,Newcastle Utd,Steven Taylor,ENG,DF,26.0,25,2136.0,85.0,,23.7,24.0,,22.0,1.0,,,,,,,,
ENG-Premier League,1213,Newcastle Utd,Sylvain Marveaux,FRA,"FW,MF",26.0,22,1007.0,46.0,,11.2,10.0,,7.0,12.0,,,,,,,,
ENG-Premier League,1213,Newcastle Utd,Tim Krul,NED,GK,24.0,24,2126.0,89.0,,23.6,24.0,,23.0,0.0,,,,,,,,
ENG-Premier League,1213,Newcastle Utd,Vurnon Anita,CUW,"DF,MF",23.0,25,1733.0,69.0,,19.3,17.0,,11.0,8.0,,,,,,,,
ENG-Premier League,1213,Newcastle Utd,Yoan Gouffran,FRA,"FW,MF",26.0,15,1042.0,69.0,,11.6,14.0,,1.0,1.0,,,,,,,,
ENG-Premier League,1213,Newcastle Utd,Yohan Cabaye,FRA,MF,26.0,26,2114.0,81.0,,23.5,25.0,,15.0,1.0,,,,,,,,
ENG-Premier League,1213,Norwich City,Alexander Tettey,NOR,MF,26.0,27,1904.0,71.0,,21.2,21.0,,17.0,6.0,,,,,,,,
ENG-Premier League,1213,Norwich City,Andrew Surman,ENG,MF,25.0,4,270.0,68.0,,3.0,4.0,,1.0,0.0,,,,,,,,
ENG-Premier League,1213,Norwich City,Anthony Pilkington,IRL,"FW,MF",24.0,30,2156.0,72.0,,24.0,25.0,,20.0,5.0,,,,,,,,
ENG-Premier League,1213,Norwich City,Bradley Johnson,ENG,"DF,MF",25.0,37,3222.0,87.0,,35.8,37.0,,32.0,0.0,,,,,,,,
ENG-Premier League,1213,Norwich City,Chris Martin,SCO,FW,23.0,1,4.0,4.0,,0.0,0.0,,,1.0,,,,,,,,
ENG-Premier League,1213,Norwich City,David Fox,ENG,MF,28.0,2,37.0,19.0,,0.4,0.0,,,2.0,,,,,,,,
ENG-Premier League,1213,Norwich City,Elliott Bennett,ENG,"DF,MF",23.0,23,938.0,41.0,,10.4,9.0,,4.0,14.0,,,,,,,,
ENG-Premier League,1213,Norwich City,Grant Holt,ENG,FW,31.0,34,2564.0,75.0,,28.5,28.0,,15.0,6.0,,,,,,,,
ENG-Premier League,1213,Norwich City,Harry Kane,ENG,FW,19.0,3,135.0,45.0,,1.5,1.0,,0.0,2.0,,,,,,,,
ENG-Premier League,1213,Norwich City,Javier Garrido,ESP,DF,27.0,34,3037.0,89.0,,33.7,34.0,,32.0,0.0,,,,,,,,
ENG-Premier League,1213,Norwich City,John Ruddy,ENG,GK,25.0,15,1341.0,89.0,,14.9,15.0,,14.0,0.0,,,,,,,,
ENG-Premier League,1213,Norwich City,Jonny Howson,ENG,"DF,MF",24.0,30,2046.0,68.0,,22.7,22.0,,19.0,8.0,,,,,,,,
ENG-Premier League,1213,Norwich City,Kei Kamara,SLE,FW,27.0,11,658.0,60.0,,7.3,7.0,,4.0,4.0,,,,,,,,
ENG-Premier League,1213,Norwich City,Lee Camp,NIR,GK,27.0,3,226.0,75.0,,2.5,1.0,,1.0,2.0,,,,,,,,
ENG-Premier League,1213,Norwich City,Leon Barnett,ENG,DF,26.0,8,563.0,70.0,,6.3,6.0,,6.0,2.0,,,,,,,,
ENG-Premier League,1213,Norwich City,Luciano Becchio,ARG,FW,28.0,8,169.0,21.0,,1.9,2.0,,0.0,6.0,,,,,,,,
ENG-Premier League,1213,Norwich City,Marc Tierney,ENG,DF,26.0,1,90.0,90.0,,1.0,1.0,,1.0,0.0,,,,,,,,
ENG-Premier League,1213,Norwich City,Mark Bunn,ENG,GK,27.0,23,1853.0,81.0,,20.6,22.0,,20.0,1.0,,,,,,,,
ENG-Premier League,1213,Norwich City,Michael Turner,ENG,DF,28.0,26,2223.0,86.0,,24.7,25.0,,23.0,1.0,,,,,,,,
ENG-Premier League,1213,Norwich City,Opponent Total,,,26.9,38,,,100.0,,,,,,,,1.16,58.0,41.0,17.0,,
ENG-Premier League,1213,Norwich City,Robert Snodgrass,SCO,"FW,MF",24.0,37,3049.0,82.0,,33.9,35.0,,21.0,2.0,,,,,,,,
ENG-Premier League,1213,Norwich City,Russell Martin,SCO,DF,26.0,31,2691.0,87.0,,29.9,30.0,,29.0,1.0,,,,,,,,
ENG-Premier League,1213,Norwich City,Ryan Bennett,ENG,DF,22.0,15,1069.0,71.0,,11.9,10.0,,10.0,5.0,,,,,,,,
ENG-Premier League,1213,Norwich City,Simeon Jackson,CAN,FW,25.0,13,405.0,31.0,,4.5,5.0,,0.0,8.0,,,,,,,,
ENG-Premier League,1213,Norwich City,Squad Total,,,26.7,38,,,100.0,,418.0,,,97.0,0.0,,1.16,41.0,58.0,-17.0,,
ENG-Premier League,1213,Norwich City,Steve Morison,WAL,FW,28.0,19,479.0,25.0,,5.3,4.0,,1.0,15.0,,,,,,,,
ENG-Premier League,1213,Norwich City,Steven Whittaker,SCO,"DF,MF",28.0,13,1046.0,80.0,,11.6,12.0,,10.0,1.0,,,,,,,,
ENG-Premier League,1213,Norwich City,Sébastien Bassong,CMR,DF,26.0,34,2959.0,87.0,,32.9,34.0,,31.0,0.0,,,,,,,,
ENG-Premier League,1213,Norwich City,Wes Hoolahan,IRL,MF,30.0,33,2416.0,73.0,,26.8,28.0,,8.0,5.0,,,,,,,,
ENG-Premier League,1213,QPR,Adel Taarabt,MAR,"FW,MF",23.0,31,2243.0,72.0,,24.9,25.0,,17.0,6.0,,,,,,,,
ENG-Premier League,1213,QPR,Alejandro Faurlín,ARG,MF,25.0,11,777.0,71.0,,8.6,10.0,,4.0,1.0,,,,,,,,
ENG-Premier League,1213,QPR,Andrew Johnson,ENG,FW,31.0,3,135.0,45.0,,1.5,2.0,,1.0,1.0,,,,,,,,
ENG-Premier League,1213,QPR,Andros Townsend,ENG,"FW,MF",21.0,12,1016.0,85.0,,11.3,12.0,,10.0,0.0,,,,,,,,
ENG-Premier League,1213,QPR,Anton Ferdinand,ENG,DF,27.0,13,915.0,70.0,,10.2,10.0,,9.0,3.0,,,,,,,,
ENG-Premier League,1213,QPR,Armand Traoré,SEN,"DF,MF",22.0,26,2089.0,80.0,,23.2,24.0,,16.0,2.0,,,,,,,,
ENG-Premier League,1213,QPR,Bobby Zamora,ENG,FW,31.0,21,1308.0,62.0,,14.5,16.0,,8.0,5.0,,,,,,,,
ENG-Premier League,1213,QPR,Christopher Samba,CGO,DF,28.0,10,900.0,90.0,,10.0,10.0,,10.0,0.0,,,,,,,,
ENG-Premier League,1213,QPR,Clint Hill,ENG,DF,33.0,31,2628.0,85.0,,29.2,31.0,,27.0,0.0,,,,,,,,
ENG-Premier League,1213,QPR,Djibril Cissé,FRA,FW,30.0,18,1111.0,62.0,,12.3,12.0,,8.0,6.0,,,,,,,,
ENG-Premier League,1213,QPR,Esteban Granero,ESP,MF,25.0,24,1660.0,69.0,,18.4,19.0,,11.0,5.0,,,,,,,,
ENG-Premier League,1213,QPR,Fábio,BRA,DF,22.0,21,1137.0,54.0,,12.6,13.0,,9.0,8.0,,,,,,,,
ENG-Premier League,1213,QPR,Jamie Mackie,SCO,"FW,MF",26.0,29,1713.0,59.0,,19.0,17.0,,14.0,12.0,,,,,,,,
ENG-Premier League,1213,QPR,Jay Bothroyd,ENG,FW,30.0,4,238.0,60.0,,2.6,2.0,,1.0,2.0,,,,,,,,
ENG-Premier League,1213,QPR,Jermaine Jenas,ENG,MF,29.0,12,813.0,68.0,,9.0,8.0,,7.0,4.0,,,,,,,,
ENG-Premier League,1213,QPR,José Bosingwa,POR,DF,29.0,23,1825.0,79.0,,20.3,22.0,,17.0,1.0,,,,,,,,
ENG-Premier League,1213,QPR,Junior Hoilett,CAN,"FW,MF",22.0,26,1456.0,56.0,,16.2,15.0,,11.0,11.0,,,,,,,,
ENG-Premier League,1213,QPR,Júlio César,BRA,GK,32.0,24,2098.0,87.0,,23.3,24.0,,22.0,0.0,,,,,,,,
ENG-Premier League,1213,QPR,Kieron Dyer,ENG,MF,33.0,4,198.0,50.0,,2.2,1.0,,1.0,3.0,,,,,,,,
ENG-Premier League,1213,QPR,Loïc Rémy,FRA,FW,25.0,14,1140.0,81.0,,12.7,13.0,,9.0,1.0,,,,,,,,
ENG-Premier League,1213,QPR,Michael Harriman,IRL,"DF,MF",19.0,1,90.0,90.0,,1.0,1.0,,1.0,0.0,,,,,,,,
ENG-Premier League,1213,QPR,Nedum Onuoha,ENG,DF,25.0,23,1617.0,70.0,,18.0,15.0,,14.0,8.0,,,,,,,,
ENG-Premier League,1213,QPR,Opponent Total,,,27.0,38,,,100.0,,,,,,,,0.66,60.0,30.0,30.0,,
ENG-Premier League,1213,QPR,Park Ji-sung,KOR,MF,31.0,20,1341.0,67.0,,14.9,15.0,,10.0,5.0,,,,,,,,
ENG-Premier League,1213,QPR,Robert Green,ENG,GK,32.0,16,1322.0,83.0,,14.7,14.0,,14.0,2.0,,,,,,,,
ENG-Premier League,1213,QPR,Ryan Nelsen,NZL,DF,34.0,21,1882.0,90.0,,20.9,21.0,,20.0,0.0,,,,,,,,
ENG-Premier League,1213,QPR,Samba Diakité,MLI,MF,23.0,14,934.0,67.0,,10.4,11.0,,4.0,3.0,,,,,,,,
ENG-Premier League,1213,QPR,Shaun Derry,ENG,MF,34.0,18,1085.0,60.0,,12.1,10.0,,9.0,8.0,,,,,,,,
ENG-Premier League,1213,QPR,Shaun Wright-Phillips,ENG,"FW,MF",30.0,20,1245.0,62.0,,13.8,14.0,,5.0,6.0,,,,,,,,
ENG-Premier League,1213,QPR,Squad Total,,,28.2,38,,,100.0,,418.0,,,104.0,0.0,,0.66,30.0,60.0,-30.0,,
ENG-Premier League,1213,QPR,Stéphane Mbia,CMR,"DF,MF",26.0,29,2412.0,83.0,,26.8,29.0,,21.0,0.0,,,,,,,,
ENG-Premier League,1213,QPR,Tal Ben Haim,ISR,DF,30.0,3,197.0,66.0,,2.2,2.0,,2.0,1.0,,,,,,,,
ENG-Premier League,1213,Reading,Adam Federici,AUS,GK,27.0,21,1890.0,90.0,,21.0,21.0,,21.0,0.0,,,,,,,,
ENG-Premier League,1213,Reading,Adam le Fondre,ENG,FW,25.0,34,1514.0,45.0,,16.8,11.0,,10.0,23.0,,,,,,,,
ENG-Premier League,1213,Reading,Adrian Mariappa,JAM,DF,25.0,29,2610.0,90.0,,29.0,29.0,,29.0,0.0,,,,,,,,
ENG-Premier League,1213,Reading,Alex McCarthy,ENG,GK,22.0,13,1170.0,90.0,,13.0,13.0,,13.0,0.0,,,,,,,,
ENG-Premier League,1213,Reading,Alex Pearce,IRL,"DF,MF",23.0,19,1646.0,87.0,,18.3,18.0,,18.0,1.0,,,,,,,,
ENG-Premier League,1213,Reading,Chris Gunter,WAL,"DF,MF",23.0,20,1789.0,89.0,,19.9,20.0,,19.0,0.0,,,,,,,,
ENG-Premier League,1213,Reading,Daniel Carriço,POR,"DF,MF",23.0,3,89.0,30.0,,1.0,1.0,,0.0,2.0,,,,,,,,
ENG-Premier League,1213,Reading,Danny Guthrie,ENG,MF,25.0,21,1614.0,77.0,,17.9,19.0,,13.0,2.0,,,,,,,,
ENG-Premier League,1213,Reading,Dominic Samuel,ENG,FW,18.0,1,19.0,19.0,,0.2,0.0,,,1.0,,,,,,,,
ENG-Premier League,1213,Reading,Garath McCleary,JAM,"FW,MF",25.0,31,1580.0,51.0,,17.6,15.0,,8.0,16.0,,,,,,,,
ENG-Premier League,1213,Reading,Hal Robson-Kanu,WAL,"FW,MF",23.0,25,1280.0,51.0,,14.2,13.0,,4.0,12.0,,,,,,,,
ENG-Premier League,1213,Reading,Hope Akpan,NGA,MF,20.0,9,471.0,52.0,,5.2,6.0,,3.0,3.0,,,,,,,,
ENG-Premier League,1213,Reading,Ian Harte,IRL,DF,34.0,16,1360.0,85.0,,15.1,15.0,,14.0,1.0,,,,,,,,
ENG-Premier League,1213,Reading,Jason Roberts,GRN,FW,34.0,11,705.0,64.0,,7.8,8.0,,3.0,3.0,,,,,,,,
ENG-Premier League,1213,Reading,Jay Tabb,IRL,MF,28.0,12,1016.0,85.0,,11.3,12.0,,8.0,0.0,,,,,,,,
ENG-Premier League,1213,Reading,Jem Karacan,TUR,MF,23.0,21,1595.0,76.0,,17.7,21.0,,11.0,0.0,,,,,,,,
ENG-Premier League,1213,Reading,Jimmy Kébé,MLI,MF,28.0,18,1332.0,74.0,,14.8,16.0,,10.0,2.0,,,,,,,,
ENG-Premier League,1213,Reading,Jobi McAnuff,JAM,MF,30.0,38,3266.0,86.0,,36.3,38.0,,30.0,0.0,,,,,,,,
ENG-Premier League,1213,Reading,Kaspars Gorkšs,LVA,DF,30.0,14,1260.0,90.0,,14.0,14.0,,14.0,0.0,,,,,,,,
ENG-Premier League,1213,Reading,Mikele Leigertwood,ATG,"DF,MF",29.0,30,2645.0,88.0,,29.4,29.0,,28.0,1.0,,,,,,,,
ENG-Premier League,1213,Reading,Nick Blackman,BRB,"FW,MF",22.0,11,394.0,36.0,,4.4,3.0,,1.0,8.0,,,,,,,,
ENG-Premier League,1213,Reading,Nicky Shorey,ENG,"DF,MF",31.0,17,1445.0,85.0,,16.1,16.0,,16.0,1.0,,,,,,,,
ENG-Premier League,1213,Reading,Noel Hunt,IRL,"FW,MF",29.0,24,960.0,40.0,,10.7,10.0,,2.0,14.0,,,,,,,,
ENG-Premier League,1213,Reading,Opponent Total,,,26.9,38,,,100.0,,,,,,,,0.74,73.0,43.0,30.0,,
ENG-Premier League,1213,Reading,Pavel Pogrebnyak,RUS,FW,28.0,29,2016.0,70.0,,22.4,26.0,,7.0,3.0,,,,,,,,
ENG-Premier League,1213,Reading,Sean Morrison,ENG,DF,21.0,16,1327.0,83.0,,14.7,15.0,,14.0,1.0,,,,,,,,
ENG-Premier League,1213,Reading,Shaun Cummings,JAM,DF,23.0,9,810.0,90.0,,9.0,9.0,,9.0,0.0,,,,,,,,
ENG-Premier League,1213,Reading,Squad Total,,,27.2,38,,,100.0,,418.0,,,94.0,0.0,,0.74,43.0,73.0,-30.0,,
ENG-Premier League,1213,Reading,Stephen Kelly,IRL,DF,28.0,16,1422.0,89.0,,15.8,16.0,,14.0,0.0,,,,,,,,
ENG-Premier League,1213,Reading,Stuart Taylor,ENG,GK,31.0,4,360.0,90.0,,4.0,4.0,,4.0,0.0,,,,,,,,
ENG-Premier League,1213,Southampton,Adam Lallana,ENG,"FW,MF",24.0,30,2229.0,74.0,,24.8,26.0,,14.0,4.0,,,,,,,,
ENG-Premier League,1213,Southampton,Artur Boruc,POL,GK,32.0,20,1755.0,88.0,,19.5,20.0,,19.0,0.0,,,,,,,,
ENG-Premier League,1213,Southampton,Ben Reeves,NIR,MF,20.0,3,28.0,9.0,,0.3,0.0,,,3.0,,,,,,,,
ENG-Premier League,1213,Southampton,Billy Sharp,ENG,FW,26.0,2,20.0,10.0,,0.2,0.0,,,2.0,,,,,,,,
ENG-Premier League,1213,Southampton,Danny Fox,SCO,"DF,MF",26.0,20,1217.0,61.0,,13.5,14.0,,8.0,6.0,,,,,,,,
ENG-Premier League,1213,Southampton,Emmanuel Mayuka,ZAM,FW,21.0,11,233.0,21.0,,2.6,1.0,,0.0,10.0,,,,,,,,
ENG-Premier League,1213,Southampton,Frazer Richardson,ENG,DF,29.0,5,168.0,34.0,,1.9,2.0,,1.0,3.0,,,,,,,,
ENG-Premier League,1213,Southampton,Gastón Ramírez,URU,"FW,MF",21.0,26,1679.0,65.0,,18.7,20.0,,6.0,6.0,,,,,,,,
ENG-Premier League,1213,Southampton,Guly do Prado,BRA,"FW,MF",30.0,18,764.0,42.0,,8.5,8.0,,4.0,10.0,,,,,,,,
ENG-Premier League,1213,Southampton,Jack Cork,ENG,"DF,MF",23.0,28,2426.0,87.0,,27.0,28.0,,23.0,0.0,,,,,,,,
ENG-Premier League,1213,Southampton,James Ward-Prowse,ENG,MF,17.0,15,494.0,33.0,,5.5,4.0,,3.0,11.0,,,,,,,,
ENG-Premier League,1213,Southampton,Jason Puncheon,ENG,MF,26.0,32,2057.0,64.0,,22.9,25.0,,9.0,7.0,,,,,,,,
ENG-Premier League,1213,Southampton,Jay Rodriguez,ENG,"FW,MF",23.0,35,2181.0,62.0,,24.2,24.0,,14.0,11.0,,,,,,,,
ENG-Premier League,1213,Southampton,Jos Hooiveld,NED,"DF,MF",29.0,25,2031.0,81.0,,22.6,23.0,,21.0,2.0,,,,,,,,
ENG-Premier League,1213,Southampton,José Fonte,POR,DF,28.0,27,2316.0,86.0,,25.7,25.0,,25.0,2.0,,,,,,,,
ENG-Premier League,1213,Southampton,Kelvin Davis,ENG,GK,35.0,10,855.0,86.0,,9.5,9.0,,9.0,1.0,,,,,,,,
ENG-Premier League,1213,Southampton,Luke Shaw,ENG,"DF,MF",17.0,25,1948.0,78.0,,21.6,22.0,,15.0,3.0,,,,,,,,
ENG-Premier League,1213,Southampton,Maya Yoshida,JPN,DF,23.0,32,2853.0,89.0,,31.7,31.0,,31.0,1.0,,,,,,,,
ENG-Premier League,1213,Southampton,Morgan Schneiderlin,FRA,MF,22.0,36,3208.0,89.0,,35.6,36.0,,35.0,0.0,,,,,,,,
ENG-Premier League,1213,Southampton,Nathaniel Clyne,ENG,DF,21.0,34,3019.0,89.0,,33.5,34.0,,32.0,0.0,,,,,,,,
ENG-Premier League,1213,Southampton,Opponent Total,,,27.0,38,,,100.0,,,,,,,,1.08,60.0,49.0,11.0,,
ENG-Premier League,1213,Southampton,Paulo Gazzaniga,ARG,GK,20.0,9,810.0,90.0,,9.0,9.0,,9.0,0.0,,,,,,,,
ENG-Premier League,1213,Southampton,Richard Chaplow,ENG,MF,27.0,3,55.0,18.0,,0.6,0.0,,,3.0,,,,,,,,
ENG-Premier League,1213,Southampton,Rickie Lambert,ENG,FW,30.0,38,3126.0,82.0,,34.7,35.0,,27.0,3.0,,,,,,,,
ENG-Premier League,1213,Southampton,Squad Total,,,25.3,38,,,100.0,,418.0,,,102.0,0.0,,1.08,49.0,60.0,-11.0,,
ENG-Premier League,1213,Southampton,Steve De Ridder,BEL,"FW,MF",25.0,4,53.0,13.0,,0.6,0.0,,,4.0,,,,,,,,
ENG-Premier League,1213,Southampton,Steven Davis,NIR,MF,27.0,32,2067.0,65.0,,23.0,22.0,,10.0,10.0,,,,,,,,
ENG-Premier League,1213,Stoke City,Andy Wilkinson,ENG,DF,27.0,24,1729.0,72.0,,19.2,19.0,,13.0,5.0,,,,,,,,
ENG-Premier League,1213,Stoke City,Asmir Begović,BIH,GK,25.0,38,3420.0,90.0,,38.0,38.0,,38.0,0.0,,,,,,,,
ENG-Premier League,1213,Stoke City,Brek Shea,USA,"DF,FW",22.0,2,92.0,46.0,,1.0,0.0,,,2.0,,,,,,,,
ENG-Premier League,1213,Stoke City,Cameron Jerome,ENG,FW,25.0,26,1123.0,43.0,,12.5,8.0,,5.0,18.0,,,,,,,,
ENG-Premier League,1213,Stoke City,Charlie Adam,SCO,MF,26.0,27,1758.0,65.0,,19.5,22.0,,5.0,5.0,,,,,,,,
ENG-Premier League,1213,Stoke City,Dean Whitehead,ENG,"DF,MF",30.0,26,1407.0,54.0,,15.6,12.0,,10.0,14.0,,,,,,,,
ENG-Premier League,1213,Stoke City,Geoff Cameron,USA,"DF,MF",27.0,35,2637.0,75.0,,29.3,29.0,,25.0,6.0,,,,,,,,
ENG-Premier League,1213,Stoke City,Glenn Whelan,IRL,MF,28.0,32,2586.0,81.0,,28.7,31.0,,23.0,1.0,,,,,,,,
ENG-Premier League,1213,Stoke City,Jermaine Pennant,ENG,MF,29.0,1,64.0,64.0,,0.7,1.0,,0.0,0.0,,,,,,,,
ENG-Premier League,1213,Stoke City,Jonathan Walters,IRL,"FW,MF",28.0,38,3303.0,87.0,,36.7,38.0,,31.0,0.0,,,,,,,,
ENG-Premier League,1213,Stoke City,Kenwyne Jones,TRI,FW,27.0,26,1049.0,40.0,,11.7,10.0,,3.0,16.0,,,,,,,,
ENG-Premier League,1213,Stoke City,Marc Wilson,IRL,"DF,MF",24.0,19,1487.0,78.0,,16.5,19.0,,14.0,0.0,,,,,,,,
ENG-Premier League,1213,Stoke City,Matthew Etherington,ENG,MF,30.0,31,1720.0,55.0,,19.1,21.0,,4.0,10.0,,,,,,,,
ENG-Premier League,1213,Stoke City,Matthew Upson,ENG,DF,33.0,1,90.0,90.0,,1.0,1.0,,1.0,0.0,,,,,,,,
ENG-Premier League,1213,Stoke City,Maurice Edu,USA,"DF,MF",26.0,1,11.0,11.0,,0.1,0.0,,,1.0,,,,,,,,
ENG-Premier League,1213,Stoke City,Michael Kightly,ENG,"FW,MF",26.0,22,1190.0,54.0,,13.2,14.0,,3.0,8.0,,,,,,,,
ENG-Premier League,1213,Stoke City,Michael Owen,ENG,FW,32.0,8,101.0,13.0,,1.1,0.0,,,8.0,,,,,,,,
ENG-Premier League,1213,Stoke City,Opponent Total,,,26.8,38,,,100.0,,,,,,,,1.11,45.0,34.0,11.0,,
ENG-Premier League,1213,Stoke City,Peter Crouch,ENG,FW,31.0,34,2321.0,68.0,,25.8,28.0,,10.0,6.0,,,,,,,,
ENG-Premier League,1213,Stoke City,Robert Huth,GER,DF,27.0,35,3150.0,90.0,,35.0,35.0,,35.0,0.0,,,,,,,,
ENG-Premier League,1213,Stoke City,Rory Delap,IRL,MF,36.0,1,11.0,11.0,,0.1,0.0,,,1.0,,,,,,,,
ENG-Premier League,1213,Stoke City,Ryan Shawcross,ENG,DF,24.0,37,3330.0,90.0,,37.0,37.0,,37.0,0.0,,,,,,,,
ENG-Premier League,1213,Stoke City,Ryan Shotton,ENG,"DF,FW",23.0,23,1821.0,79.0,,20.2,20.0,,16.0,3.0,,,,,,,,
ENG-Premier League,1213,Stoke City,Squad Total,,,27.1,38,,,100.0,,418.0,,,108.0,0.0,,1.11,34.0,45.0,-11.0,,
ENG-Premier League,1213,Stoke City,Steven Nzonzi,FRA,MF,23.0,35,3108.0,89.0,,34.5,35.0,,33.0,0.0,,,,,,,,
ENG-Premier League,1213,Stoke City,Wilson Palacios,HON,MF,28.0,4,49.0,12.0,,0.5,0.0,,,4.0,,,,,,,,
ENG-Premier League,1213,Sunderland,Adam Johnson,ENG,MF,25.0,35,2924.0,84.0,,32.5,35.0,,19.0,0.0,,,,,,,,
ENG-Premier League,1213,Sunderland,Adam Mitchell,IRL,"FW,MF",18.0,1,3.0,3.0,,0.0,0.0,,,1.0,,,,,,,,
ENG-Premier League,1213,Sunderland,Ahmed Elmohamady,EGY,"DF,MF",24.0,2,24.0,12.0,,0.3,0.0,,,2.0,,,,,,,,
ENG-Premier League,1213,Sunderland,Alfred N'Diaye,SEN,"DF,MF",22.0,16,1295.0,81.0,,14.4,15.0,,12.0,1.0,,,,,,,,
ENG-Premier League,1213,Sunderland,Billy Knott,ENG,MF,19.0,1,18.0,18.0,,0.2,0.0,,,1.0,,,,,,,,
ENG-Premier League,1213,Sunderland,Carlos Cuéllar,ESP,DF,30.0,26,2256.0,87.0,,25.1,26.0,,23.0,0.0,,,,,,,,
ENG-Premier League,1213,Sunderland,Connor Wickham,ENG,"FW,MF",19.0,12,444.0,37.0,,4.9,3.0,,2.0,9.0,,,,,,,,
ENG-Premier League,1213,Sunderland,Craig Gardner,ENG,MF,25.0,33,2829.0,86.0,,31.4,32.0,,27.0,1.0,,,,,,,,
ENG-Premier League,1213,Sunderland,Danny Graham,ENG,FW,26.0,13,951.0,73.0,,10.6,11.0,,6.0,2.0,,,,,,,,
ENG-Premier League,1213,Sunderland,Danny Rose,ENG,"DF,MF",22.0,27,2214.0,82.0,,24.6,25.0,,17.0,2.0,,,,,,,,
ENG-Premier League,1213,Sunderland,David Meyler,IRL,MF,23.0,3,68.0,23.0,,0.8,0.0,,,3.0,,,,,,,,
ENG-Premier League,1213,Sunderland,David Vaughan,WAL,MF,29.0,24,738.0,31.0,,8.2,6.0,,3.0,18.0,,,,,,,,
ENG-Premier League,1213,Sunderland,Fraizer Campbell,ENG,FW,24.0,12,262.0,22.0,,2.9,1.0,,0.0,11.0,,,,,,,,
ENG-Premier League,1213,Sunderland,Jack Colback,ENG,MF,22.0,35,2813.0,80.0,,31.3,30.0,,25.0,5.0,,,,,,,,
ENG-Premier League,1213,Sunderland,James McClean,IRL,"FW,MF",23.0,36,2342.0,65.0,,26.0,24.0,,20.0,12.0,,,,,,,,
ENG-Premier League,1213,Sunderland,James McFadden,SCO,"FW,MF",29.0,3,38.0,13.0,,0.4,0.0,,,3.0,,,,,,,,
ENG-Premier League,1213,Sunderland,John O'Shea,IRL,"DF,MF",31.0,34,2992.0,88.0,,33.2,34.0,,32.0,0.0,,,,,,,,
ENG-Premier League,1213,Sunderland,Kader Mangane,SEN,"DF,MF",29.0,2,20.0,10.0,,0.2,0.0,,,2.0,,,,,,,,
ENG-Premier League,1213,Sunderland,Kieran Richardson,ENG,"DF,MF",27.0,1,90.0,90.0,,1.0,1.0,,1.0,0.0,,,,,,,,
ENG-Premier League,1213,Sunderland,Lee Cattermole,ENG,MF,24.0,10,661.0,66.0,,7.3,10.0,,6.0,0.0,,,,,,,,
ENG-Premier League,1213,Sunderland,Louis Saha,FRA,FW,33.0,11,196.0,18.0,,2.2,0.0,,,11.0,,,,,,,,
ENG-Premier League,1213,Sunderland,Matthew Kilgallon,ENG,DF,28.0,6,511.0,85.0,,5.7,6.0,,5.0,0.0,,,,,,,,
ENG-Premier League,1213,Sunderland,Mikael Mandron,FRA,FW,17.0,2,23.0,12.0,,0.3,0.0,,,2.0,,,,,,,,
ENG-Premier League,1213,Sunderland,Opponent Total,,,26.8,38,,,100.0,,,,,,,,1.03,54.0,41.0,13.0,,
ENG-Premier League,1213,Sunderland,Phil Bardsley,SCO,DF,27.0,18,984.0,55.0,,10.9,11.0,,7.0,7.0,,,,,,,,
ENG-Premier League,1213,Sunderland,Seb Larsson,SWE,MF,27.0,38,2977.0,78.0,,33.1,36.0,,19.0,2.0,,,,,,,,
ENG-Premier League,1213,Sunderland,Simon Mignolet,BEL,GK,24.0,38,3420.0,90.0,,38.0,38.0,,38.0,0.0,,,,,,,,
ENG-Premier League,1213,Sunderland,Squad Total,,,26.2,38,,,100.0,,418.0,,,99.0,0.0,,1.03,41.0,54.0,-13.0,,
ENG-Premier League,1213,Sunderland,Steven Fletcher,SCO,FW,25.0,28,2366.0,85.0,,26.3,28.0,,22.0,0.0,,,,,,,,
ENG-Premier League,1213,Sunderland,Stéphane Sessègnon,BEN,"FW,MF",28.0,35,2886.0,82.0,,32.1,34.0,,21.0,1.0,,,,,,,,
ENG-Premier League,1213,Sunderland,Titus Bramble,ENG,DF,31.0,16,1184.0,74.0,,13.2,12.0,,12.0,4.0,,,,,,,,
ENG-Premier League,1213,Swansea City,Alan Tate,ENG,DF,29.0,3,162.0,54.0,,1.8,2.0,,1.0,1.0,,,,,,,,
ENG-Premier League,1213,Swansea City,Ashley Williams,WAL,DF,27.0,37,3330.0,90.0,,37.0,37.0,,37.0,0.0,,,,,,,,
ENG-Premier League,1213,Swansea City,Ben Davies,WAL,"DF,MF",19.0,37,3052.0,82.0,,33.9,33.0,,30.0,4.0,,,,,,,,
ENG-Premier League,1213,Swansea City,Chico,ESP,DF,25.0,26,2238.0,86.0,,24.9,26.0,,23.0,0.0,,,,,,,,
ENG-Premier League,1213,Swansea City,Danny Graham,ENG,FW,26.0,18,902.0,50.0,,10.0,10.0,,6.0,8.0,,,,,,,,
ENG-Premier League,1213,Swansea City,Dwight Tiendalli,NED,DF,26.0,14,1016.0,73.0,,11.3,11.0,,11.0,3.0,,,,,,,,
ENG-Premier League,1213,Swansea City,Garry Monk,ENG,DF,33.0,11,925.0,84.0,,10.3,10.0,,10.0,1.0,,,,,,,,
ENG-Premier League,1213,Swansea City,Gerhard Tremmel,GER,GK,33.0,14,1113.0,80.0,,12.4,12.0,,12.0,2.0,,,,,,,,
ENG-Premier League,1213,Swansea City,Itay Shechter,ISR,FW,25.0,18,629.0,35.0,,7.0,7.0,,0.0,11.0,,,,,,,,
ENG-Premier League,1213,Swansea City,Jonathan de Guzmán,NED,MF,24.0,37,2848.0,77.0,,31.6,33.0,,22.0,4.0,,,,,,,,
ENG-Premier League,1213,Swansea City,Kemy Agustien,CUW,"DF,MF",25.0,18,578.0,32.0,,6.4,4.0,,2.0,14.0,,,,,,,,
ENG-Premier League,1213,Swansea City,Ki Sung-yueng,KOR,MF,23.0,29,2046.0,71.0,,22.7,20.0,,18.0,9.0,,,,,,,,
ENG-Premier League,1213,Swansea City,Kyle Bartley,ENG,DF,21.0,2,148.0,74.0,,1.6,1.0,,1.0,1.0,,,,,,,,
ENG-Premier League,1213,Swansea City,Leon Britton,ENG,MF,29.0,33,2525.0,77.0,,28.1,30.0,,19.0,3.0,,,,,,,,
ENG-Premier League,1213,Swansea City,Luke Moore,ENG,FW,26.0,17,538.0,32.0,,6.0,4.0,,1.0,13.0,,,,,,,,
ENG-Premier League,1213,Swansea City,Mark Gower,ENG,MF,33.0,1,7.0,7.0,,0.1,0.0,,,1.0,,,,,,,,
ENG-Premier League,1213,Swansea City,Michel Vorm,NED,GK,28.0,26,2307.0,89.0,,25.6,26.0,,24.0,0.0,,,,,,,,
ENG-Premier League,1213,Swansea City,Michu,ESP,"FW,MF",26.0,35,2998.0,86.0,,33.3,35.0,,22.0,0.0,,,,,,,,
ENG-Premier League,1213,Swansea City,Nathan Dyer,ENG,"FW,MF",24.0,37,2309.0,62.0,,25.7,25.0,,15.0,12.0,,,,,,,,
ENG-Premier League,1213,Swansea City,Neil Taylor,WAL,"DF,MF",23.0,6,276.0,46.0,,3.1,4.0,,1.0,2.0,,,,,,,,
ENG-Premier League,1213,Swansea City,Opponent Total,,,26.7,38,,,100.0,,,,,,,,1.21,51.0,47.0,4.0,,
ENG-Premier League,1213,Swansea City,Pablo Hernández,ESP,"FW,MF",27.0,30,2183.0,73.0,,24.3,27.0,,10.0,3.0,,,,,,,,
ENG-Premier League,1213,Swansea City,Roland Lamah,BEL,"FW,MF",24.0,5,155.0,31.0,,1.7,1.0,,0.0,4.0,,,,,,,,
ENG-Premier League,1213,Swansea City,Scott Sinclair,ENG,"FW,MF",23.0,1,14.0,14.0,,0.2,0.0,,,1.0,,,,,,,,
ENG-Premier League,1213,Swansea City,Squad Total,,,26.6,38,,,100.0,,418.0,,,106.0,0.0,,1.21,47.0,51.0,-4.0,,
ENG-Premier League,1213,Swansea City,Wayne Routledge,ENG,"FW,MF",27.0,36,2516.0,70.0,,28.0,30.0,,16.0,6.0,,,,,,,,
ENG-Premier League,1213,Swansea City,Àngel Rangel,ESP,DF,29.0,33,2753.0,83.0,,30.6,30.0,,30.0,3.0,,,,,,,,
ENG-Premier League,1213,Tottenham,Aaron Lennon,ENG,"FW,MF",25.0,34,2821.0,83.0,,31.3,33.0,,18.0,1.0,,,,,,,,
ENG-Premier League,1213,Tottenham,Andros Townsend,ENG,"FW,MF",21.0,5,35.0,7.0,,0.4,0.0,,,5.0,,,,,,,,
ENG-Premier League,1213,Tottenham,Benoît Assou-Ekotto,CMR,DF,28.0,15,1141.0,76.0,,12.7,12.0,,10.0,3.0,,,,,,,,
ENG-Premier League,1213,Tottenham,Brad Friedel,USA,GK,41.0,11,990.0,90.0,,11.0,11.0,,11.0,0.0,,,,,,,,
ENG-Premier League,1213,Tottenham,Clint Dempsey,USA,"FW,MF",29.0,29,1993.0,69.0,,22.1,22.0,,11.0,7.0,,,,,,,,
ENG-Premier League,1213,Tottenham,Emmanuel Adebayor,TOG,FW,28.0,25,1598.0,64.0,,17.8,18.0,,9.0,7.0,,,,,,,,
ENG-Premier League,1213,Tottenham,Gareth Bale,WAL,"FW,MF",23.0,33,2921.0,89.0,,32.5,33.0,,29.0,0.0,,,,,,,,
ENG-Premier League,1213,Tottenham,Gylfi Sigurðsson,ISL,"FW,MF",22.0,33,1235.0,37.0,,13.7,12.0,,4.0,21.0,,,,,,,,
ENG-Premier League,1213,Tottenham,Harry Kane,ENG,FW,19.0,1,6.0,6.0,,0.1,0.0,,,1.0,,,,,,,,
ENG-Premier League,1213,Tottenham,Hugo Lloris,FRA,GK,25.0,27,2430.0,90.0,,27.0,27.0,,27.0,0.0,,,,,,,,
ENG-Premier League,1213,Tottenham,Iago Falque,ESP,"FW,MF",22.0,1,6.0,6.0,,0.1,0.0,,,1.0,,,,,,,,
ENG-Premier League,1213,Tottenham,Jake Livermore,ENG,MF,22.0,11,421.0,38.0,,4.7,4.0,,3.0,7.0,,,,,,,,
ENG-Premier League,1213,Tottenham,Jan Vertonghen,BEL,DF,25.0,34,3060.0,90.0,,34.0,34.0,,34.0,0.0,,,,,,,,
ENG-Premier League,1213,Tottenham,Jermain Defoe,ENG,FW,29.0,34,2409.0,71.0,,26.8,27.0,,17.0,7.0,,,,,,,,
ENG-Premier League,1213,Tottenham,Jermaine Jenas,ENG,MF,29.0,1,15.0,15.0,,0.2,0.0,,,1.0,,,,,,,,
ENG-Premier League,1213,Tottenham,Kyle Naughton,ENG,DF,23.0,14,1059.0,76.0,,11.8,13.0,,9.0,1.0,,,,,,,,
ENG-Premier League,1213,Tottenham,Kyle Walker,ENG,DF,22.0,36,3157.0,88.0,,35.1,36.0,,32.0,0.0,,,,,,,,
ENG-Premier League,1213,Tottenham,Lewis Holtby,GER,MF,21.0,11,513.0,47.0,,5.7,4.0,,1.0,7.0,,,,,,,,
ENG-Premier League,1213,Tottenham,Michael Dawson,ENG,DF,28.0,27,2011.0,74.0,,22.3,23.0,,21.0,4.0,,,,,,,,
ENG-Premier League,1213,Tottenham,Mousa Dembélé,BEL,MF,25.0,30,2194.0,73.0,,24.4,26.0,,11.0,4.0,,,,,,,,
ENG-Premier League,1213,Tottenham,Opponent Total,,,27.1,38,,,100.0,,,,,,,,1.89,46.0,66.0,-20.0,,
ENG-Premier League,1213,Tottenham,Rafael van der Vaart,NED,MF,29.0,2,84.0,42.0,,0.9,1.0,,0.0,1.0,,,,,,,,
ENG-Premier League,1213,Tottenham,Sandro,BRA,MF,23.0,22,1772.0,81.0,,19.7,22.0,,16.0,0.0,,,,,,,,
ENG-Premier League,1213,Tottenham,Scott Parker,ENG,MF,31.0,21,1364.0,65.0,,15.2,15.0,,8.0,6.0,,,,,,,,
ENG-Premier League,1213,Tottenham,Squad Total,,,26.3,38,,,100.0,,418.0,,,104.0,0.0,,1.89,66.0,46.0,20.0,,
ENG-Premier League,1213,Tottenham,Steven Caulker,SLE,DF,20.0,18,1575.0,88.0,,17.5,17.0,,17.0,1.0,,,,,,,,
ENG-Premier League,1213,Tottenham,Tom Carroll,ENG,MF,20.0,7,81.0,12.0,,0.9,0.0,,,7.0,,,,,,,,
ENG-Premier League,1213,Tottenham,Tom Huddlestone,ENG,MF,25.0,20,1037.0,52.0,,11.5,11.0,,8.0,9.0,,,,,,,,
ENG-Premier League,1213,Tottenham,William Gallas,FRA,DF,34.0,19,1528.0,80.0,,17.0,16.0,,16.0,3.0,,,,,,,,
ENG-Premier League,1213,Tottenham,Younès Kaboul,FRA,DF,26.0,1,90.0,90.0,,1.0,1.0,,1.0,0.0,,,,,,,,
ENG-Premier League,1213,West Brom,Ben Foster,ENG,GK,29.0,30,2700.0,90.0,,30.0,30.0,,30.0,0.0,,,,,,,,
ENG-Premier League,1213,West Brom,Billy Jones,ENG,DF,25.0,27,2211.0,82.0,,24.6,24.0,,23.0,3.0,,,,,,,,
ENG-Premier League,1213,West Brom,Boaz Myhill,WAL,GK,29.0,8,720.0,90.0,,8.0,8.0,,8.0,0.0,,,,,,,,
ENG-Premier League,1213,West Brom,Chris Brunt,NIR,"DF,MF",27.0,31,2182.0,70.0,,24.2,23.0,,19.0,8.0,,,,,,,,
ENG-Premier League,1213,West Brom,Claudio Yacob,ARG,MF,25.0,30,2474.0,82.0,,27.5,29.0,,21.0,1.0,,,,,,,,
ENG-Premier League,1213,West Brom,Craig Dawson,ENG,DF,22.0,1,90.0,90.0,,1.0,1.0,,1.0,0.0,,,,,,,,
ENG-Premier League,1213,West Brom,Gabriel Tamaș,ROU,DF,28.0,11,634.0,58.0,,7.0,7.0,,5.0,4.0,,,,,,,,
ENG-Premier League,1213,West Brom,Gareth McAuley,NIR,DF,32.0,36,3240.0,90.0,,36.0,36.0,,36.0,0.0,,,,,,,,
ENG-Premier League,1213,West Brom,George Thorne,ENG,MF,19.0,5,230.0,46.0,,2.6,3.0,,2.0,2.0,,,,,,,,
ENG-Premier League,1213,West Brom,Gonzalo Jara,CHI,"DF,MF",26.0,1,45.0,45.0,,0.5,0.0,,,1.0,,,,,,,,
ENG-Premier League,1213,West Brom,Goran Popov,MKD,"DF,MF",27.0,12,890.0,74.0,,9.9,10.0,,8.0,2.0,,,,,,,,
ENG-Premier League,1213,West Brom,Graham Dorrans,SCO,"FW,MF",25.0,26,1749.0,67.0,,19.4,21.0,,6.0,5.0,,,,,,,,
ENG-Premier League,1213,West Brom,Izzy Brown,ENG,"FW,MF",15.0,1,5.0,5.0,,0.1,0.0,,,1.0,,,,,,,,
ENG-Premier League,1213,West Brom,James Morrison,SCO,"FW,MF",26.0,35,2836.0,81.0,,31.5,33.0,,20.0,2.0,,,,,,,,
ENG-Premier League,1213,West Brom,Jerome Thomas,ENG,"FW,MF",29.0,10,406.0,41.0,,4.5,4.0,,1.0,6.0,,,,,,,,
ENG-Premier League,1213,West Brom,Jonas Olsson,SWE,DF,29.0,36,3240.0,90.0,,36.0,36.0,,36.0,0.0,,,,,,,,
ENG-Premier League,1213,West Brom,Liam Ridgewell,ENG,DF,28.0,30,2485.0,83.0,,27.6,28.0,,26.0,2.0,,,,,,,,
ENG-Premier League,1213,West Brom,Marc-Antoine Fortuné,FRA,FW,31.0,21,829.0,39.0,,9.2,9.0,,3.0,12.0,,,,,,,,
ENG-Premier League,1213,West Brom,Markus Rosenberg,SWE,FW,29.0,24,561.0,23.0,,6.2,5.0,,0.0,19.0,,,,,,,,
ENG-Premier League,1213,West Brom,Opponent Total,,,26.9,38,,,100.0,,,,,,,,1.29,57.0,53.0,4.0,,
ENG-Premier League,1213,West Brom,Peter Odemwingie,NGA,FW,31.0,25,1282.0,51.0,,14.2,13.0,,8.0,12.0,,,,,,,,
ENG-Premier League,1213,West Brom,Romelu Lukaku,BEL,FW,19.0,35,2005.0,57.0,,22.3,20.0,,7.0,15.0,,,,,,,,
ENG-Premier League,1213,West Brom,Shane Long,IRL,FW,25.0,34,2151.0,63.0,,23.9,25.0,,8.0,9.0,,,,,,,,
ENG-Premier League,1213,West Brom,Squad Total,,,27.6,38,,,100.0,,418.0,,,106.0,0.0,,1.29,53.0,57.0,-4.0,,
ENG-Premier League,1213,West Brom,Steven Reid,IRL,"DF,MF",31.0,11,906.0,82.0,,10.1,11.0,,9.0,0.0,,,,,,,,
ENG-Premier League,1213,West Brom,Youssouf Mulumbu,COD,MF,25.0,28,2515.0,90.0,,27.9,28.0,,26.0,0.0,,,,,,,,
ENG-Premier League,1213,West Brom,Zoltán Gera,HUN,MF,33.0,16,1120.0,70.0,,12.4,14.0,,5.0,2.0,,,,,,,,
ENG-Premier League,1213,West Ham,Alou Diarra,FRA,MF,31.0,3,141.0,47.0,,1.6,1.0,,1.0,2.0,,,,,,,,
ENG-Premier League,1213,West Ham,Andy Carroll,ENG,FW,23.0,24,1933.0,81.0,,21.5,22.0,,17.0,2.0,,,,,,,,
ENG-Premier League,1213,West Ham,Carlton Cole,ENG,FW,28.0,27,1369.0,51.0,,15.2,14.0,,6.0,13.0,,,,,,,,
ENG-Premier League,1213,West Ham,Dan Potts,ENG,DF,18.0,2,119.0,60.0,,1.3,1.0,,1.0,1.0,,,,,,,,
ENG-Premier League,1213,West Ham,Emanuel Pogatetz,AUT,DF,29.0,6,153.0,26.0,,1.7,1.0,,1.0,5.0,,,,,,,,
ENG-Premier League,1213,West Ham,Gary O'Neil,ENG,MF,29.0,24,1442.0,60.0,,16.0,17.0,,10.0,7.0,,,,,,,,
ENG-Premier League,1213,West Ham,George McCartney,NIR,DF,31.0,12,879.0,73.0,,9.8,9.0,,7.0,3.0,,,,,,,,
ENG-Premier League,1213,West Ham,Guy Demel,CIV,"DF,MF",31.0,31,2473.0,80.0,,27.5,28.0,,20.0,3.0,,,,,,,,
ENG-Premier League,1213,West Ham,Jack Collison,WAL,MF,23.0,17,639.0,38.0,,7.1,5.0,,2.0,12.0,,,,,,,,
ENG-Premier League,1213,West Ham,James Collins,WAL,DF,28.0,29,2492.0,86.0,,27.7,29.0,,25.0,0.0,,,,,,,,
ENG-Premier League,1213,West Ham,James Tomkins,ENG,"DF,MF",23.0,26,1735.0,67.0,,19.3,18.0,,13.0,8.0,,,,,,,,
ENG-Premier League,1213,West Ham,Joe Cole,ENG,MF,30.0,11,620.0,56.0,,6.9,7.0,,4.0,4.0,,,,,,,,
ENG-Premier League,1213,West Ham,Joey O'Brien,IRL,"DF,MF",26.0,33,2717.0,82.0,,30.2,32.0,,25.0,1.0,,,,,,,,
ENG-Premier League,1213,West Ham,Jordan Spence,ENG,DF,22.0,4,26.0,7.0,,0.3,0.0,,,4.0,,,,,,,,
ENG-Premier League,1213,West Ham,Jussi Jääskeläinen,FIN,GK,37.0,38,3420.0,90.0,,38.0,38.0,,38.0,0.0,,,,,,,,
ENG-Premier League,1213,West Ham,Kevin Nolan,ENG,MF,30.0,35,2978.0,85.0,,33.1,35.0,,26.0,0.0,,,,,,,,
ENG-Premier League,1213,West Ham,Mark Noble,ENG,MF,25.0,28,2286.0,82.0,,25.4,25.0,,22.0,3.0,,,,,,,,
ENG-Premier League,1213,West Ham,Marouane Chamakh,MAR,FW,28.0,3,151.0,50.0,,1.7,2.0,,0.0,1.0,,,,,,,,
ENG-Premier League,1213,West Ham,Matt Jarvis,ENG,MF,26.0,32,2559.0,80.0,,28.4,29.0,,20.0,3.0,,,,,,,,
ENG-Premier League,1213,West Ham,Matthew Taylor,ENG,"DF,MF",30.0,28,1377.0,49.0,,15.3,14.0,,8.0,14.0,,,,,,,,
ENG-Premier League,1213,West Ham,Modibo Maïga,MLI,"FW,MF",24.0,17,421.0,25.0,,4.7,2.0,,0.0,15.0,,,,,,,,
ENG-Premier League,1213,West Ham,Mohamed Diamé,SEN,MF,25.0,33,2595.0,79.0,,28.8,31.0,,17.0,2.0,,,,,,,,
ENG-Premier League,1213,West Ham,Opponent Total,,,26.9,38,,,100.0,,,,,,,,1.21,53.0,45.0,8.0,,
ENG-Premier League,1213,West Ham,Ricardo Vaz Tê,POR,"FW,MF",25.0,24,1601.0,67.0,,17.8,18.0,,6.0,6.0,,,,,,,,
ENG-Premier League,1213,West Ham,Robert Hall,ENG,"FW,MF",18.0,1,13.0,13.0,,0.1,0.0,,,1.0,,,,,,,,
ENG-Premier League,1213,West Ham,Squad Total,,,28.0,38,,,100.0,,418.0,,,112.0,0.0,,1.21,45.0,53.0,-8.0,,
ENG-Premier League,1213,West Ham,Winston Reid,NZL,DF,24.0,36,3143.0,87.0,,34.9,36.0,,34.0,0.0,,,,,,,,
ENG-Premier League,1213,West Ham,Yossi Benayoun,ISR,MF,32.0,6,315.0,53.0,,3.5,4.0,,2.0,2.0,,,,,,,,
ENG-Premier League,1213,Wigan Athletic,Adrián López,ESP,DF,25.0,5,357.0,71.0,,4.0,3.0,,3.0,2.0,,,,,,,,
ENG-Premier League,1213,Wigan Athletic,Ali Al-Habsi,OMA,GK,30.0,29,2610.0,90.0,,29.0,29.0,,29.0,0.0,,,,,,,,
ENG-Premier League,1213,Wigan Athletic,Antolín Alcaraz,PAR,DF,30.0,10,691.0,69.0,,7.7,8.0,,7.0,2.0,,,,,,,,
ENG-Premier League,1213,Wigan Athletic,Arouna Koné,CIV,FW,28.0,34,2930.0,86.0,,32.6,32.0,,29.0,2.0,,,,,,,,
ENG-Premier League,1213,Wigan Athletic,Ben Watson,ENG,MF,27.0,12,622.0,52.0,,6.9,7.0,,3.0,5.0,,,,,,,,
ENG-Premier League,1213,Wigan Athletic,Callum McManaman,ENG,"FW,MF",21.0,20,641.0,32.0,,7.1,8.0,,1.0,12.0,,,,,,,,
ENG-Premier League,1213,Wigan Athletic,David Jones,ENG,MF,27.0,13,806.0,62.0,,9.0,8.0,,2.0,5.0,,,,,,,,
ENG-Premier League,1213,Wigan Athletic,Eduard Campabadal,ESP,DF,19.0,1,3.0,3.0,,0.0,0.0,,,1.0,,,,,,,,
ENG-Premier League,1213,Wigan Athletic,Emmerson Boyce,BRB,DF,32.0,36,3138.0,87.0,,34.9,36.0,,29.0,0.0,,,,,,,,
ENG-Premier League,1213,Wigan Athletic,Franco Di Santo,ARG,FW,23.0,35,2125.0,61.0,,23.6,24.0,,7.0,11.0,,,,,,,,
ENG-Premier League,1213,Wigan Athletic,Fraser Fyvie,SCO,MF,19.0,1,23.0,23.0,,0.3,0.0,,,1.0,,,,,,,,
ENG-Premier League,1213,Wigan Athletic,Gary Caldwell,SCO,"DF,MF",30.0,25,2079.0,83.0,,23.1,25.0,,19.0,0.0,,,,,,,,
ENG-Premier League,1213,Wigan Athletic,Iván Ramis,ESP,DF,27.0,16,1397.0,87.0,,15.5,16.0,,14.0,0.0,,,,,,,,
ENG-Premier League,1213,Wigan Athletic,James McArthur,SCO,MF,24.0,34,2413.0,71.0,,26.8,24.0,,20.0,10.0,,,,,,,,
ENG-Premier League,1213,Wigan Athletic,James McCarthy,IRL,MF,21.0,38,3374.0,89.0,,37.5,38.0,,36.0,0.0,,,,,,,,
ENG-Premier League,1213,Wigan Athletic,Jean Beausejour,CHI,"DF,FW",28.0,34,2778.0,82.0,,30.9,32.0,,24.0,2.0,,,,,,,,
ENG-Premier League,1213,Wigan Athletic,Joel Robles,ESP,GK,22.0,9,810.0,90.0,,9.0,9.0,,9.0,0.0,,,,,,,,
ENG-Premier League,1213,Wigan Athletic,Jordi Gómez,ESP,MF,27.0,32,1525.0,48.0,,16.9,17.0,,7.0,15.0,,,,,,,,
ENG-Premier League,1213,Wigan Athletic,Mauro Boselli,ARG,FW,27.0,7,135.0,19.0,,1.5,1.0,,0.0,6.0,,,,,,,,
ENG-Premier League,1213,Wigan Athletic,Maynor Figueroa,HON,DF,29.0,33,2813.0,85.0,,31.3,33.0,,29.0,0.0,,,,,,,,
ENG-Premier League,1213,Wigan Athletic,Opponent Total,,,27.1,38,,,100.0,,,,,,,,0.95,73.0,47.0,26.0,,
ENG-Premier League,1213,Wigan Athletic,Paul Scharner,AUT,"DF,MF",32.0,14,1260.0,90.0,,14.0,14.0,,14.0,0.0,,,,,,,,
ENG-Premier League,1213,Wigan Athletic,Roger Espinoza,HON,"DF,MF",25.0,12,611.0,51.0,,6.8,6.0,,4.0,6.0,,,,,,,,
ENG-Premier League,1213,Wigan Athletic,Román Golobart,ESP,DF,20.0,3,214.0,71.0,,2.4,2.0,,2.0,1.0,,,,,,,,
ENG-Premier League,1213,Wigan Athletic,Ronnie Stam,NED,"DF,MF",28.0,17,1012.0,60.0,,11.2,11.0,,5.0,6.0,,,,,,,,
ENG-Premier League,1213,Wigan Athletic,Ryo Miyaichi,JPN,"FW,MF",19.0,4,55.0,14.0,,0.6,0.0,,,4.0,,,,,,,,
ENG-Premier League,1213,Wigan Athletic,Shaun Maloney,SCO,"FW,MF",29.0,36,2938.0,82.0,,32.6,34.0,,25.0,2.0,,,,,,,,
ENG-Premier League,1213,Wigan Athletic,Squad Total,,,27.7,38,,,100.0,,418.0,,,97.0,0.0,,0.95,47.0,73.0,-26.0,,
ENG-Premier League,1213,Wigan Athletic,Victor Moses,NGA,"DF,FW",21.0,1,90.0,90.0,,1.0,1.0,,1.0,0.0,,,,,,,,
ENG-Premier League,1213,Wigan Athletic,Ángelo Henríquez,CHI,FW,18.0,4,50.0,13.0,,0.6,0.0,,,4.0,,,,,,,,
