,,,,Nation,Pos,Age,90s,Standard,Standard,Standard,Standard,Standard,Standard,Standard,Standard,Standard,Standard,Standard,Standard,Expected,Expected,Expected,Expected,Expected
,,,,,,,,Gls,Sh,SoT,SoT%,Sh/90,SoT/90,G/Sh,G/SoT,Dist,FK,PK,PKatt,xG,npxG,npxG/Sh,G-xG,np:G-xG
league,season,team,player,,,,,,,,,,,,,,,,,,,,,
ENG-Premier League,1819,Arsenal,Aaron Ramsey,WAL,MF,27.0,14.8,4,34,13,38.2,2.3,0.88,0.12,0.31,16.2,0,0,0,3.3,3.3,0.1,0.7,0.7
ENG-Premier League,1819,Arsenal,Ainsley Maitland-Niles,ENG,DF,20.0,11.0,1,6,3,50.0,0.55,0.27,0.17,0.33,18.6,0,0,0,1.1,1.1,0.18,-0.1,-0.1
ENG-Premier League,1819,Arsenal,Alex Iwobi,NGA,"FW,MF",22.0,21.9,3,35,14,40.0,1.6,0.64,0.09,0.21,15.7,0,0,0,3.3,3.3,0.09,-0.3,-0.3
ENG-Premier League,1819,Arsenal,Alexandre Lacazette,FRA,FW,27.0,27.8,13,82,28,34.1,2.95,1.01,0.16,0.46,13.5,1,0,0,12.1,12.1,0.15,0.9,0.9
ENG-Premier League,1819,Arsenal,Bernd Leno,GER,GK,26.0,31.5,0,0,0,,0.0,0.0,,,,0,0,0,0.0,0.0,,0.0,0.0
ENG-Premier League,1819,Arsenal,Bukayo Saka,ENG,FW,16.0,0.1,0,0,0,,0.0,0.0,,,,0,0,0,0.0,0.0,,0.0,0.0
ENG-Premier League,1819,Arsenal,Carl Jenkinson,ENG,DF,26.0,1.8,0,0,0,,0.0,0.0,,,,0,0,0,0.0,0.0,,0.0,0.0
ENG-Premier League,1819,Arsenal,Danny Welbeck,ENG,"FW,MF",27.0,1.7,1,4,2,50.0,2.35,1.18,0.25,0.5,10.2,0,0,0,0.9,0.9,0.22,0.1,0.1
ENG-Premier League,1819,Arsenal,Denis Suárez,ESP,FW,24.0,0.8,0,0,0,,0.0,0.0,,,,0,0,0,0.0,0.0,,0.0,0.0
ENG-Premier League,1819,Arsenal,Eddie Nketiah,ENG,"MF,FW",19.0,0.7,1,3,1,33.3,4.03,1.34,0.33,1.0,12.3,0,0,0,0.2,0.2,0.07,0.8,0.8
ENG-Premier League,1819,Arsenal,Granit Xhaka,SUI,"MF,DF",25.0,27.8,4,30,11,36.7,1.08,0.4,0.13,0.36,26.5,7,0,0,1.5,1.5,0.05,2.5,2.5
ENG-Premier League,1819,Arsenal,Henrikh Mkhitaryan,ARM,"FW,MF",29.0,18.2,6,50,14,28.0,2.74,0.77,0.12,0.43,18.4,1,0,0,4.7,4.7,0.09,1.3,1.3
ENG-Premier League,1819,Arsenal,Héctor Bellerín,ESP,DF,23.0,17.0,0,18,4,22.2,1.06,0.23,0.0,0.0,18.4,0,0,0,1.0,1.0,0.06,-1.0,-1.0
ENG-Premier League,1819,Arsenal,Joe Willock,ENG,MF,18.0,0.7,0,2,0,0.0,2.81,0.0,0.0,,16.3,0,0,0,0.1,0.1,0.07,-0.1,-0.1
ENG-Premier League,1819,Arsenal,Konstantinos Mavropanos,GRE,DF,20.0,1.6,0,1,0,0.0,0.61,0.0,0.0,,24.0,0,0,0,0.0,0.0,0.05,0.0,0.0
ENG-Premier League,1819,Arsenal,Laurent Koscielny,FRA,DF,32.0,14.8,3,5,4,80.0,0.34,0.27,0.6,0.75,6.1,0,0,0,1.6,1.6,0.32,1.4,1.4
ENG-Premier League,1819,Arsenal,Lucas Torreira,URU,MF,22.0,26.5,2,25,6,24.0,0.94,0.23,0.08,0.33,22.3,2,0,0,1.6,1.6,0.06,0.4,0.4
ENG-Premier League,1819,Arsenal,Mattéo Guendouzi,FRA,MF,19.0,23.9,0,16,4,25.0,0.67,0.17,0.0,0.0,24.4,0,0,0,0.5,0.5,0.03,-0.5,-0.5
ENG-Premier League,1819,Arsenal,Mesut Özil,GER,"MF,FW",29.0,19.3,5,11,6,54.5,0.57,0.31,0.45,0.83,13.5,0,0,0,1.6,1.6,0.15,3.4,3.4
ENG-Premier League,1819,Arsenal,Mohamed Elneny,EGY,MF,26.0,4.2,0,7,0,0.0,1.66,0.0,0.0,,17.0,0,0,0,0.7,0.7,0.1,-0.7,-0.7
ENG-Premier League,1819,Arsenal,Nacho Monreal,ESP,DF,32.0,20.7,1,7,4,57.1,0.34,0.19,0.14,0.25,14.6,0,0,0,1.0,1.0,0.14,0.0,0.0
ENG-Premier League,1819,Arsenal,Opponent Total,,,26.8,38.0,49,488,173,35.5,12.84,4.55,0.09,0.24,17.8,18,7,7,53.8,48.5,0.1,-4.8,-6.5
ENG-Premier League,1819,Arsenal,Petr Čech,CZE,GK,36.0,6.5,0,0,0,,0.0,0.0,,,,0,0,0,0.0,0.0,,0.0,0.0
ENG-Premier League,1819,Arsenal,Pierre-Emerick Aubameyang,GAB,FW,29.0,30.3,22,89,34,38.2,2.94,1.12,0.2,0.53,13.8,0,4,5,21.3,17.4,0.2,0.7,0.6
ENG-Premier League,1819,Arsenal,Rob Holding,ENG,DF,22.0,9.0,0,2,0,0.0,0.22,0.0,0.0,,22.4,0,0,0,0.1,0.1,0.06,-0.1,-0.1
ENG-Premier League,1819,Arsenal,Sead Kolašinac,BIH,DF,25.0,21.0,0,10,2,20.0,0.48,0.1,0.0,0.0,17.3,0,0,0,0.4,0.4,0.04,-0.4,-0.4
ENG-Premier League,1819,Arsenal,Shkodran Mustafi,GER,DF,26.0,29.0,2,18,8,44.4,0.62,0.28,0.11,0.25,9.5,0,0,0,1.5,1.5,0.08,0.5,0.5
ENG-Premier League,1819,Arsenal,Sokratis Papastathopoulos,GRE,DF,30.0,24.4,1,11,1,9.1,0.45,0.04,0.09,1.0,9.6,0,0,0,0.9,0.9,0.08,0.1,0.1
ENG-Premier League,1819,Arsenal,Squad Total,,,26.7,38.0,69,467,159,34.0,12.29,4.18,0.14,0.41,16.3,11,4,5,59.1,55.1,0.12,9.9,9.9
ENG-Premier League,1819,Arsenal,Stephan Lichtsteiner,SUI,DF,34.0,10.4,0,1,0,0.0,0.1,0.0,0.0,,30.4,0,0,0,0.0,0.0,0.02,0.0,0.0
ENG-Premier League,1819,Bournemouth,Adam Smith,ENG,DF,27.0,23.0,1,9,1,11.1,0.39,0.04,0.11,1.0,20.5,0,0,0,0.7,0.7,0.08,0.3,0.3
ENG-Premier League,1819,Bournemouth,Andrew Surman,ENG,MF,31.0,16.0,0,9,1,11.1,0.56,0.06,0.0,0.0,22.9,0,0,0,0.4,0.4,0.04,-0.4,-0.4
ENG-Premier League,1819,Bournemouth,Artur Boruc,POL,GK,38.0,12.0,0,0,0,,0.0,0.0,,,,0,0,0,0.0,0.0,,0.0,0.0
ENG-Premier League,1819,Bournemouth,Asmir Begović,BIH,GK,31.0,24.0,0,0,0,,0.0,0.0,,,,0,0,0,0.0,0.0,,0.0,0.0
ENG-Premier League,1819,Bournemouth,Callum Wilson,ENG,FW,26.0,28.1,14,65,28,43.1,2.31,1.0,0.2,0.46,10.8,0,1,2,14.9,13.4,0.21,-0.9,-0.4
ENG-Premier League,1819,Bournemouth,Charlie Daniels,ENG,DF,31.0,17.6,1,11,3,27.3,0.62,0.17,0.09,0.33,19.8,0,0,0,0.4,0.4,0.04,0.6,0.6
ENG-Premier League,1819,Bournemouth,Chris Mepham,WAL,DF,20.0,9.4,0,2,0,0.0,0.21,0.0,0.0,,9.6,0,0,0,0.0,0.0,0.02,0.0,0.0
ENG-Premier League,1819,Bournemouth,Dan Gosling,ENG,MF,28.0,19.3,2,21,7,33.3,1.09,0.36,0.1,0.29,16.5,0,0,0,1.6,1.6,0.08,0.4,0.4
ENG-Premier League,1819,Bournemouth,David Brooks,WAL,MF,21.0,25.1,7,40,19,47.5,1.59,0.76,0.18,0.37,15.0,0,0,0,6.0,6.0,0.15,1.0,1.0
ENG-Premier League,1819,Bournemouth,Diego Rico,ESP,DF,25.0,6.8,0,9,0,0.0,1.32,0.0,0.0,,28.7,1,0,0,0.2,0.2,0.02,-0.2,-0.2
ENG-Premier League,1819,Bournemouth,Dominic Solanke,ENG,FW,20.0,3.9,0,9,3,33.3,2.33,0.78,0.0,0.0,13.8,0,0,0,0.9,0.9,0.1,-0.9,-0.9
ENG-Premier League,1819,Bournemouth,Emerson Hyndman,USA,MF,22.0,0.4,0,0,0,,0.0,0.0,,,,0,0,0,0.0,0.0,,0.0,0.0
ENG-Premier League,1819,Bournemouth,Jack Simpson,ENG,DF,21.0,4.5,0,2,1,50.0,0.45,0.22,0.0,0.0,8.3,0,0,0,0.1,0.1,0.06,-0.1,-0.1
ENG-Premier League,1819,Bournemouth,Jefferson Lerma,COL,MF,23.0,27.8,2,32,8,25.0,1.15,0.29,0.06,0.25,24.6,0,0,0,1.0,1.0,0.03,1.0,1.0
ENG-Premier League,1819,Bournemouth,Jermain Defoe,ENG,FW,35.0,0.3,0,1,1,100.0,3.6,3.6,0.0,0.0,7.3,0,0,0,0.5,0.5,0.47,-0.5,-0.5
ENG-Premier League,1819,Bournemouth,Jordon Ibe,ENG,"MF,DF",22.0,8.9,1,9,3,33.3,1.02,0.34,0.11,0.33,17.1,0,0,0,0.9,0.9,0.1,0.1,0.1
ENG-Premier League,1819,Bournemouth,Joshua King,NOR,"FW,MF",26.0,32.9,12,68,20,29.4,2.07,0.61,0.1,0.35,15.5,0,5,6,12.8,8.3,0.12,-0.8,-1.3
ENG-Premier League,1819,Bournemouth,Junior Stanislas,ENG,"MF,FW",28.0,11.5,2,33,9,27.3,2.88,0.79,0.03,0.11,20.4,10,1,1,3.3,2.6,0.08,-1.3,-1.6
ENG-Premier League,1819,Bournemouth,Lewis Cook,ENG,MF,21.0,8.0,0,4,0,0.0,0.5,0.0,0.0,,23.3,0,0,0,0.1,0.1,0.02,-0.1,-0.1
ENG-Premier League,1819,Bournemouth,Lys Mousset,FRA,"FW,MF",22.0,4.1,1,12,7,58.3,2.93,1.71,0.08,0.14,14.3,0,0,0,1.5,1.5,0.13,-0.5,-0.5
ENG-Premier League,1819,Bournemouth,Mark Travers,IRL,GK,19.0,2.0,0,0,0,,0.0,0.0,,,,0,0,0,0.0,0.0,,0.0,0.0
ENG-Premier League,1819,Bournemouth,Nathan Aké,NED,DF,23.0,37.9,4,23,8,34.8,0.61,0.21,0.17,0.5,7.7,0,0,0,2.9,2.9,0.13,1.1,1.1
ENG-Premier League,1819,Bournemouth,Nathaniel Clyne,ENG,DF,27.0,12.7,0,2,0,0.0,0.16,0.0,0.0,,10.6,0,0,0,0.3,0.3,0.15,-0.3,-0.3
ENG-Premier League,1819,Bournemouth,Opponent Total,,,26.8,38.0,67,520,169,32.5,13.68,4.45,0.12,0.37,17.3,18,5,5,55.9,52.1,0.1,11.1,9.9
ENG-Premier League,1819,Bournemouth,Ryan Fraser,SCO,"MF,FW",24.0,35.2,7,51,25,49.0,1.45,0.71,0.14,0.28,19.4,4,0,0,4.8,4.8,0.09,2.2,2.2
ENG-Premier League,1819,Bournemouth,Sam Surridge,ENG,"FW,DF",20.0,0.1,0,2,1,50.0,13.85,6.92,0.0,0.0,12.0,0,0,0,0.4,0.4,0.2,-0.4,-0.4
ENG-Premier League,1819,Bournemouth,Simon Francis,ENG,DF,33.0,13.7,0,3,1,33.3,0.22,0.07,0.0,0.0,27.3,0,0,0,0.1,0.1,0.03,-0.1,-0.1
ENG-Premier League,1819,Bournemouth,Squad Total,,,26.6,38.0,55,439,155,35.3,11.55,4.08,0.11,0.31,16.5,15,7,9,54.4,47.6,0.11,0.6,0.4
ENG-Premier League,1819,Bournemouth,Steve Cook,ENG,DF,27.0,31.0,1,22,9,40.9,0.71,0.29,0.05,0.11,14.5,0,0,0,1.2,1.2,0.05,-0.2,-0.2
ENG-Premier League,1819,Bournemouth,Tyrone Mings,ENG,DF,25.0,1.6,0,0,0,,0.0,0.0,,,,0,0,0,0.0,0.0,,0.0,0.0
ENG-Premier League,1819,Brighton,Alireza Jahanbakhsh,IRN,"MF,FW",24.0,11.3,0,20,6,30.0,1.76,0.53,0.0,0.0,23.1,0,0,0,0.7,0.7,0.03,-0.7,-0.7
ENG-Premier League,1819,Brighton,Anthony Knockaert,FRA,"MF,FW",26.0,20.4,2,27,9,33.3,1.32,0.44,0.07,0.22,17.6,2,0,0,2.8,2.8,0.1,-0.8,-0.8
ENG-Premier League,1819,Brighton,Beram Kayal,ISR,MF,30.0,10.4,1,5,2,40.0,0.48,0.19,0.2,0.5,20.9,0,0,0,0.7,0.7,0.13,0.3,0.3
ENG-Premier League,1819,Brighton,Bernardo,BRA,DF,23.0,19.5,0,8,3,37.5,0.41,0.15,0.0,0.0,17.3,0,0,0,0.4,0.4,0.05,-0.4,-0.4
ENG-Premier League,1819,Brighton,Bruno,ESP,DF,37.0,12.6,0,2,0,0.0,0.16,0.0,0.0,,21.2,0,0,0,0.0,0.0,0.02,0.0,0.0
ENG-Premier League,1819,Brighton,Dale Stephens,ENG,MF,29.0,27.6,1,11,2,18.2,0.4,0.07,0.09,0.5,25.9,0,0,0,0.3,0.3,0.03,0.7,0.7
ENG-Premier League,1819,Brighton,David Button,ENG,GK,29.0,4.0,0,0,0,,0.0,0.0,,,,0,0,0,0.0,0.0,,0.0,0.0
ENG-Premier League,1819,Brighton,Davy Pröpper,NED,MF,26.0,28.3,1,15,2,13.3,0.53,0.07,0.07,0.5,15.0,0,0,0,1.1,1.1,0.08,-0.1,-0.1
ENG-Premier League,1819,Brighton,Florin Andone,ROU,FW,25.0,9.8,3,18,8,44.4,1.84,0.82,0.17,0.38,12.1,0,0,0,2.1,2.1,0.12,0.9,0.9
ENG-Premier League,1819,Brighton,Gaëtan Bong,CMR,DF,30.0,20.1,0,2,0,0.0,0.1,0.0,0.0,,27.5,0,0,0,0.1,0.1,0.03,-0.1,-0.1
ENG-Premier League,1819,Brighton,Glenn Murray,ENG,FW,34.0,27.9,13,51,17,33.3,1.83,0.61,0.18,0.53,11.7,0,4,4,10.1,7.1,0.14,2.9,1.9
ENG-Premier League,1819,Brighton,José Izquierdo,COL,"MF,FW",26.0,8.8,0,15,3,20.0,1.7,0.34,0.0,0.0,20.2,0,0,0,0.7,0.7,0.05,-0.7,-0.7
ENG-Premier League,1819,Brighton,Jürgen Locadia,NED,"FW,MF",24.0,13.7,2,28,10,35.7,2.04,0.73,0.07,0.2,16.7,1,0,0,3.0,3.0,0.11,-1.0,-1.0
ENG-Premier League,1819,Brighton,Leon Balogun,NGA,DF,30.0,6.6,1,1,1,100.0,0.15,0.15,1.0,1.0,12.2,0,0,0,0.1,0.1,0.05,0.9,0.9
ENG-Premier League,1819,Brighton,Lewis Dunk,ENG,DF,26.0,35.0,2,21,4,19.0,0.6,0.11,0.1,0.5,12.8,2,0,0,1.5,1.5,0.07,0.5,0.5
ENG-Premier League,1819,Brighton,Martín Montoya,ESP,DF,27.0,24.1,0,8,1,12.5,0.33,0.04,0.0,0.0,25.0,0,0,0,0.2,0.2,0.02,-0.2,-0.2
ENG-Premier League,1819,Brighton,Mathew Ryan,AUS,GK,26.0,34.0,0,0,0,,0.0,0.0,,,,0,0,0,0.0,0.0,,0.0,0.0
ENG-Premier League,1819,Brighton,Opponent Total,,,26.8,38.0,60,564,156,27.7,14.84,4.11,0.09,0.32,17.5,27,10,10,56.5,48.9,0.09,3.5,1.1
ENG-Premier League,1819,Brighton,Pascal Groß,GER,MF,27.0,20.7,3,21,7,33.3,1.01,0.34,0.1,0.29,16.8,1,1,2,3.8,2.3,0.11,-0.8,-0.3
ENG-Premier League,1819,Brighton,Shane Duffy,IRL,DF,26.0,34.3,5,38,14,36.8,1.11,0.41,0.13,0.36,9.6,0,0,0,2.7,2.7,0.07,2.3,2.3
ENG-Premier League,1819,Brighton,Solly March,ENG,"MF,FW",24.0,27.4,1,42,8,19.0,1.53,0.29,0.02,0.13,20.1,3,0,0,2.8,2.8,0.07,-1.8,-1.8
ENG-Premier League,1819,Brighton,Squad Total,,,27.4,38.0,35,364,100,27.5,9.58,2.63,0.08,0.3,17.0,12,5,6,34.5,29.9,0.08,0.5,0.1
ENG-Premier League,1819,Brighton,Yves Bissouma,MLI,MF,21.0,19.7,0,31,3,9.7,1.57,0.15,0.0,0.0,24.9,3,0,0,1.6,1.6,0.05,-1.6,-1.6
ENG-Premier League,1819,Burnley,Aaron Lennon,ENG,MF,31.0,13.5,1,4,2,50.0,0.3,0.15,0.25,0.5,14.3,0,0,0,0.8,0.8,0.19,0.2,0.2
ENG-Premier League,1819,Burnley,Ashley Barnes,ENG,FW,28.0,26.5,12,62,27,43.5,2.34,1.02,0.16,0.37,14.0,0,2,2,11.7,10.1,0.16,0.3,-0.1
ENG-Premier League,1819,Burnley,Ashley Westwood,ENG,MF,28.0,31.4,2,23,7,30.4,0.73,0.22,0.09,0.29,21.2,1,0,0,2.2,2.2,0.1,-0.2,-0.2
ENG-Premier League,1819,Burnley,Ben Gibson,ENG,DF,25.0,0.7,1,1,1,100.0,1.45,1.45,1.0,1.0,3.0,0,0,0,0.5,0.5,0.5,0.5,0.5
ENG-Premier League,1819,Burnley,Ben Mee,ENG,DF,28.0,38.0,0,24,6,25.0,0.63,0.16,0.0,0.0,8.5,0,0,0,1.6,1.6,0.07,-1.6,-1.6
ENG-Premier League,1819,Burnley,Charlie Taylor,ENG,DF,24.0,36.0,0,6,0,0.0,0.17,0.0,0.0,,25.9,0,0,0,0.2,0.2,0.03,-0.2,-0.2
ENG-Premier League,1819,Burnley,Chris Wood,NZL,FW,26.0,28.8,10,59,23,39.0,2.05,0.8,0.17,0.43,11.8,0,0,0,8.8,8.8,0.15,1.2,1.2
ENG-Premier League,1819,Burnley,Dwight McNeil,ENG,MF,18.0,17.7,3,26,7,26.9,1.47,0.4,0.12,0.43,20.4,3,0,0,1.7,1.7,0.06,1.3,1.3
ENG-Premier League,1819,Burnley,Jack Cork,ENG,MF,29.0,36.8,1,14,2,14.3,0.38,0.05,0.07,0.5,16.9,0,0,0,1.6,1.6,0.12,-0.6,-0.6
ENG-Premier League,1819,Burnley,James Tarkowski,ENG,DF,25.0,34.3,3,23,8,34.8,0.67,0.23,0.13,0.38,6.7,0,0,0,3.3,3.3,0.15,-0.3,-0.3
ENG-Premier League,1819,Burnley,Jeff Hendrick,IRL,MF,26.0,22.9,3,19,6,31.6,0.83,0.26,0.16,0.5,16.9,1,0,0,1.3,1.3,0.07,1.7,1.7
ENG-Premier League,1819,Burnley,Joe Hart,ENG,GK,31.0,19.0,0,0,0,,0.0,0.0,,,,0,0,0,0.0,0.0,,0.0,0.0
ENG-Premier League,1819,Burnley,Jóhann Berg Guðmundsson,ISL,MF,27.0,19.5,3,33,10,30.3,1.7,0.51,0.09,0.3,19.0,7,0,0,3.1,3.1,0.09,-0.1,-0.1
ENG-Premier League,1819,Burnley,Kevin Long,IRL,DF,27.0,5.7,0,1,0,0.0,0.18,0.0,0.0,,7.0,0,0,0,0.1,0.1,0.08,-0.1,-0.1
ENG-Premier League,1819,Burnley,Matthew Lowton,ENG,DF,29.0,19.4,0,4,0,0.0,0.21,0.0,0.0,,24.5,0,0,0,0.5,0.5,0.12,-0.5,-0.5
ENG-Premier League,1819,Burnley,Matěj Vydra,CZE,"MF,FW",26.0,3.5,1,6,3,50.0,1.7,0.85,0.17,0.33,9.6,0,0,0,1.3,1.3,0.22,-0.3,-0.3
ENG-Premier League,1819,Burnley,Opponent Total,,,26.7,38.0,64,653,196,30.0,17.18,5.16,0.09,0.32,17.1,13,2,3,63.7,61.4,0.1,0.3,0.6
ENG-Premier League,1819,Burnley,Peter Crouch,ENG,FW,37.0,1.0,0,5,1,20.0,4.89,0.98,0.0,0.0,9.6,0,0,0,0.4,0.4,0.08,-0.4,-0.4
ENG-Premier League,1819,Burnley,Phil Bardsley,SCO,DF,33.0,18.6,0,12,1,8.3,0.65,0.05,0.0,0.0,27.3,0,0,0,0.2,0.2,0.02,-0.2,-0.2
ENG-Premier League,1819,Burnley,Robbie Brady,IRL,"MF,FW",26.0,8.0,0,12,2,16.7,1.5,0.25,0.0,0.0,21.5,2,0,0,0.6,0.6,0.05,-0.6,-0.6
ENG-Premier League,1819,Burnley,Sam Vokes,WAL,FW,28.0,10.2,3,22,7,31.8,2.16,0.69,0.14,0.43,10.5,0,0,0,2.3,2.3,0.11,0.7,0.7
ENG-Premier League,1819,Burnley,Squad Total,,,28.0,38.0,43,358,114,31.8,9.42,3.0,0.11,0.36,15.1,14,2,2,41.1,39.6,0.11,1.9,1.4
ENG-Premier League,1819,Burnley,Stephen Ward,IRL,DF,32.0,2.5,0,1,1,100.0,0.39,0.39,0.0,0.0,13.0,0,0,0,0.2,0.2,0.16,-0.2,-0.2
ENG-Premier League,1819,Burnley,Steven Defour,BEL,MF,30.0,5.0,0,0,0,,0.0,0.0,,,,0,0,0,0.0,0.0,,0.0,0.0
ENG-Premier League,1819,Burnley,Tom Heaton,ENG,GK,32.0,19.0,0,1,0,0.0,0.05,0.0,0.0,,10.0,0,0,0,0.0,0.0,0.04,0.0,0.0
ENG-Premier League,1819,Cardiff City,Aron Gunnarsson,ISL,MF,29.0,25.2,1,20,4,20.0,0.79,0.16,0.05,0.25,21.2,0,0,0,1.5,1.5,0.08,-0.5,-0.5
ENG-Premier League,1819,Cardiff City,Bobby Reid,JAM,"MF,FW",25.0,15.8,5,27,8,29.6,1.71,0.51,0.15,0.5,14.8,1,1,1,4.5,3.7,0.14,0.5,0.3
ENG-Premier League,1819,Cardiff City,Bruno Ecuele Manga,GAB,DF,30.0,37.5,0,10,2,20.0,0.27,0.05,0.0,0.0,12.5,0,0,0,0.7,0.7,0.07,-0.7,-0.7
ENG-Premier League,1819,Cardiff City,Callum Paterson,SCO,"FW,MF",23.0,22.2,4,41,6,14.6,1.85,0.27,0.1,0.67,13.1,0,0,0,5.2,5.2,0.13,-1.2,-1.2
ENG-Premier League,1819,Cardiff City,Danny Ward,ENG,FW,26.0,4.9,1,11,6,54.5,2.22,1.21,0.09,0.17,14.9,0,0,0,0.6,0.6,0.06,0.4,0.4
ENG-Premier League,1819,Cardiff City,Gary Madine,ENG,"FW,MF",27.0,0.4,0,0,0,,0.0,0.0,,,,0,0,0,0.0,0.0,,0.0,0.0
ENG-Premier League,1819,Cardiff City,Greg Cunningham,IRL,DF,27.0,7.0,0,2,1,50.0,0.29,0.14,0.0,0.0,17.5,0,0,0,0.0,0.0,0.02,0.0,0.0
ENG-Premier League,1819,Cardiff City,Harry Arter,IRL,MF,28.0,22.2,0,23,4,17.4,1.04,0.18,0.0,0.0,22.5,0,0,0,1.1,1.1,0.05,-1.1,-1.1
ENG-Premier League,1819,Cardiff City,Jazz Richards,WAL,"DF,MF",27.0,1.5,0,0,0,,0.0,0.0,,,,0,0,0,0.0,0.0,,0.0,0.0
ENG-Premier League,1819,Cardiff City,Joe Bennett,ENG,DF,28.0,29.3,0,10,3,30.0,0.34,0.1,0.0,0.0,22.8,3,0,0,0.6,0.6,0.06,-0.6,-0.6
ENG-Premier League,1819,Cardiff City,Joe Ralls,ENG,MF,24.0,21.8,0,22,2,9.1,1.01,0.09,0.0,0.0,23.1,0,0,1,1.5,0.8,0.03,-1.5,-0.8
ENG-Premier League,1819,Cardiff City,Josh Murphy,ENG,"MF,FW",23.0,20.2,3,47,16,34.0,2.33,0.79,0.06,0.19,19.1,3,0,0,3.1,3.1,0.07,-0.1,-0.1
ENG-Premier League,1819,Cardiff City,Junior Hoilett,CAN,"MF,FW",28.0,23.8,3,40,9,22.5,1.68,0.38,0.08,0.33,18.3,1,0,0,3.1,3.1,0.08,-0.1,-0.1
ENG-Premier League,1819,Cardiff City,Kadeem Harris,ENG,"MF,FW",25.0,4.2,1,5,3,60.0,1.2,0.72,0.2,0.33,16.0,0,0,0,1.0,1.0,0.21,0.0,0.0
ENG-Premier League,1819,Cardiff City,Kenneth Zohore,DEN,FW,24.0,8.4,1,17,7,41.2,2.03,0.84,0.06,0.14,13.5,0,0,0,1.9,1.9,0.11,-0.9,-0.9
ENG-Premier League,1819,Cardiff City,Leandro Bacuna,CUW,"MF,DF",26.0,6.2,0,5,1,20.0,0.8,0.16,0.0,0.0,27.6,0,0,0,0.1,0.1,0.02,-0.1,-0.1
ENG-Premier League,1819,Cardiff City,Lee Peltier,ENG,DF,31.0,17.2,0,1,1,100.0,0.06,0.06,0.0,0.0,21.4,0,0,0,0.1,0.1,0.05,-0.1,-0.1
ENG-Premier League,1819,Cardiff City,Loïc Damour,FRA,MF,27.0,0.3,0,1,0,0.0,3.91,0.0,0.0,,25.0,0,0,0,0.0,0.0,0.02,0.0,0.0
ENG-Premier League,1819,Cardiff City,Nathaniel Mendez-Laing,ENG,"MF,FW",26.0,10.9,4,19,8,42.1,1.74,0.73,0.16,0.38,16.4,0,1,1,2.8,2.1,0.11,1.2,0.9
ENG-Premier League,1819,Cardiff City,Neil Etheridge,PHI,GK,28.0,38.0,0,0,0,,0.0,0.0,,,,0,0,0,0.0,0.0,,0.0,0.0
ENG-Premier League,1819,Cardiff City,Opponent Total,,,26.7,38.0,69,560,200,35.7,14.74,5.26,0.12,0.33,17.0,22,4,7,62.0,56.7,0.1,7.0,8.3
ENG-Premier League,1819,Cardiff City,Oumar Niasse,SEN,FW,28.0,10.3,0,17,6,35.3,1.64,0.58,0.0,0.0,13.9,0,0,0,2.8,2.8,0.17,-2.8,-2.8
ENG-Premier League,1819,Cardiff City,Rhys Healey,WAL,"MF,FW",23.0,0.6,0,1,0,0.0,1.73,0.0,0.0,,21.8,0,0,0,0.0,0.0,0.04,0.0,0.0
ENG-Premier League,1819,Cardiff City,Sean Morrison,ENG,DF,27.0,33.8,1,36,8,22.2,1.07,0.24,0.03,0.13,8.7,0,0,0,3.8,3.8,0.1,-2.8,-2.8
ENG-Premier League,1819,Cardiff City,Sol Bamba,CIV,DF,33.0,27.5,4,21,7,33.3,0.76,0.25,0.19,0.57,9.1,0,0,0,2.4,2.4,0.12,1.6,1.6
ENG-Premier League,1819,Cardiff City,Squad Total,,,27.7,38.0,33,416,112,26.9,10.95,2.95,0.07,0.27,16.9,13,3,4,39.5,36.5,0.09,-6.5,-6.5
ENG-Premier League,1819,Cardiff City,Víctor Camarasa,ESP,MF,24.0,28.5,5,40,10,25.0,1.4,0.35,0.1,0.4,22.9,5,1,1,3.4,2.6,0.07,1.6,1.4
ENG-Premier League,1819,Chelsea,Andreas Christensen,DEN,DF,22.0,6.9,0,0,0,,0.0,0.0,,,,0,0,0,0.0,0.0,,0.0,0.0
ENG-Premier League,1819,Chelsea,Antonio Rüdiger,GER,DF,25.0,31.9,1,26,6,23.1,0.82,0.19,0.04,0.17,18.6,0,0,0,1.9,1.9,0.07,-0.9,-0.9
ENG-Premier League,1819,Chelsea,Callum Hudson-Odoi,ENG,FW,17.0,4.4,0,6,3,50.0,1.37,0.69,0.0,0.0,13.1,0,0,0,0.7,0.7,0.11,-0.7,-0.7
ENG-Premier League,1819,Chelsea,Cesc Fàbregas,ESP,MF,31.0,2.0,0,1,0,0.0,0.5,0.0,0.0,,17.0,0,0,0,0.1,0.1,0.07,-0.1,-0.1
ENG-Premier League,1819,Chelsea,César Azpilicueta,ESP,DF,28.0,37.8,1,17,7,41.2,0.45,0.19,0.06,0.14,16.5,0,0,0,0.9,0.9,0.05,0.1,0.1
ENG-Premier League,1819,Chelsea,David Luiz,BRA,DF,31.0,36.0,3,34,8,23.5,0.95,0.22,0.09,0.38,18.2,9,0,0,2.4,2.4,0.07,0.6,0.6
ENG-Premier League,1819,Chelsea,Davide Zappacosta,ITA,DF,26.0,1.4,0,2,1,50.0,1.41,0.7,0.0,0.0,17.5,0,0,0,0.1,0.1,0.03,-0.1,-0.1
ENG-Premier League,1819,Chelsea,Eden Hazard,BEL,FW,27.0,32.5,16,90,40,44.4,2.77,1.23,0.13,0.3,17.6,2,4,4,11.4,8.4,0.09,4.6,3.6
ENG-Premier League,1819,Chelsea,Emerson Palmieri,ITA,DF,23.0,7.4,0,5,1,20.0,0.68,0.14,0.0,0.0,22.3,2,0,0,0.2,0.2,0.05,-0.2,-0.2
ENG-Premier League,1819,Chelsea,Gary Cahill,ENG,DF,32.0,0.3,0,0,0,,0.0,0.0,,,,0,0,0,0.0,0.0,,0.0,0.0
ENG-Premier League,1819,Chelsea,Gonzalo Higuaín,ARG,FW,30.0,12.1,5,45,13,28.9,3.73,1.08,0.11,0.38,14.2,0,0,0,5.3,5.3,0.12,-0.3,-0.3
ENG-Premier League,1819,Chelsea,Jorginho,ITA,MF,26.0,35.1,2,18,6,33.3,0.51,0.17,0.06,0.17,24.9,0,1,1,1.5,0.7,0.04,0.5,0.3
ENG-Premier League,1819,Chelsea,Kepa Arrizabalaga,ESP,GK,23.0,36.0,0,0,0,,0.0,0.0,,,,0,0,0,0.0,0.0,,0.0,0.0
ENG-Premier League,1819,Chelsea,Marcos Alonso,ESP,DF,27.0,30.7,2,44,7,15.9,1.44,0.23,0.05,0.29,18.6,8,0,0,2.9,2.9,0.07,-0.9,-0.9
ENG-Premier League,1819,Chelsea,Mateo Kovačić,CRO,MF,24.0,19.3,0,29,4,13.8,1.5,0.21,0.0,0.0,20.1,0,0,0,2.1,2.1,0.07,-2.1,-2.1
ENG-Premier League,1819,Chelsea,N'Golo Kanté,FRA,MF,27.0,34.4,4,30,6,20.0,0.87,0.17,0.13,0.67,17.4,0,0,0,2.4,2.4,0.08,1.6,1.6
ENG-Premier League,1819,Chelsea,Olivier Giroud,FRA,FW,31.0,9.4,2,32,10,31.3,3.4,1.06,0.06,0.2,10.5,0,0,0,3.7,3.7,0.11,-1.7,-1.7
ENG-Premier League,1819,Chelsea,Opponent Total,,,26.8,38.0,39,347,122,35.2,9.13,3.21,0.11,0.31,16.8,9,1,2,35.4,33.7,0.1,3.6,4.3
ENG-Premier League,1819,Chelsea,Pedro,ESP,FW,31.0,19.8,8,58,24,41.4,2.94,1.21,0.14,0.33,16.9,0,0,0,6.6,6.6,0.11,1.4,1.4
ENG-Premier League,1819,Chelsea,Ross Barkley,ENG,MF,24.0,13.8,3,39,9,23.1,2.82,0.65,0.08,0.33,19.4,1,0,0,3.7,3.7,0.09,-0.7,-0.7
ENG-Premier League,1819,Chelsea,Ruben Loftus-Cheek,ENG,"MF,FW",22.0,11.1,6,27,8,29.6,2.43,0.72,0.22,0.75,16.0,0,0,0,3.1,3.1,0.11,2.9,2.9
ENG-Premier League,1819,Chelsea,Squad Total,,,27.3,38.0,61,600,191,31.8,15.79,5.03,0.09,0.29,17.3,30,5,5,59.3,55.5,0.09,1.7,0.5
ENG-Premier League,1819,Chelsea,Victor Moses,NGA,FW,27.0,0.3,0,0,0,,0.0,0.0,,,,0,0,0,0.0,0.0,,0.0,0.0
ENG-Premier League,1819,Chelsea,Willian,BRA,FW,29.0,23.3,3,62,22,35.5,2.66,0.94,0.05,0.14,19.4,8,0,0,4.6,4.6,0.07,-1.6,-1.6
ENG-Premier League,1819,Chelsea,Willy Caballero,ARG,GK,36.0,2.0,0,0,0,,0.0,0.0,,,,0,0,0,0.0,0.0,,0.0,0.0
ENG-Premier League,1819,Chelsea,Álvaro Morata,ESP,FW,25.0,10.5,5,35,16,45.7,3.35,1.53,0.14,0.31,12.8,0,0,0,6.4,6.4,0.18,-1.4,-1.4
ENG-Premier League,1819,Crystal Palace,Aaron Wan-Bissaka,ENG,DF,20.0,34.8,0,9,0,0.0,0.26,0.0,0.0,,17.3,0,0,0,0.4,0.4,0.04,-0.4,-0.4
ENG-Premier League,1819,Crystal Palace,Alexander Sørloth,NOR,FW,22.0,2.1,0,5,1,20.0,2.43,0.49,0.0,0.0,11.0,0,0,0,0.4,0.4,0.08,-0.4,-0.4
ENG-Premier League,1819,Crystal Palace,Andros Townsend,ENG,"FW,MF",27.0,33.4,6,63,18,28.6,1.88,0.54,0.1,0.33,21.0,0,0,0,4.8,4.8,0.08,1.2,1.2
ENG-Premier League,1819,Crystal Palace,Bakary Sako,MLI,"MF,FW",30.0,0.3,0,0,0,,0.0,0.0,,,,0,0,0,0.0,0.0,,0.0,0.0
ENG-Premier League,1819,Crystal Palace,Cheikhou Kouyaté,SEN,MF,28.0,21.1,0,21,8,38.1,1.0,0.38,0.0,0.0,19.1,0,0,0,1.6,1.6,0.08,-1.6,-1.6
ENG-Premier League,1819,Crystal Palace,Christian Benteke,BEL,FW,27.0,9.0,1,29,8,27.6,3.21,0.88,0.03,0.13,10.5,0,0,0,3.5,3.5,0.12,-2.5,-2.5
ENG-Premier League,1819,Crystal Palace,Connor Wickham,ENG,"FW,MF",25.0,0.7,0,5,1,20.0,6.72,1.34,0.0,0.0,10.6,0,0,0,0.5,0.5,0.11,-0.5,-0.5
ENG-Premier League,1819,Crystal Palace,James McArthur,SCO,MF,30.0,34.0,3,33,8,24.2,0.97,0.24,0.09,0.38,14.2,0,0,0,4.9,4.9,0.15,-1.9,-1.9
ENG-Premier League,1819,Crystal Palace,James Tomkins,ENG,DF,29.0,28.4,1,22,6,27.3,0.77,0.21,0.05,0.17,11.5,0,0,0,1.6,1.6,0.07,-0.6,-0.6
ENG-Premier League,1819,Crystal Palace,Jason Puncheon,ENG,MF,32.0,0.1,0,0,0,,0.0,0.0,,,,0,0,0,0.0,0.0,,0.0,0.0
ENG-Premier League,1819,Crystal Palace,Jeffrey Schlupp,GHA,MF,25.0,18.6,4,29,9,31.0,1.56,0.49,0.14,0.44,13.8,0,0,0,3.1,3.1,0.11,0.9,0.9
ENG-Premier League,1819,Crystal Palace,Joel Ward,ENG,DF,28.0,6.1,1,2,1,50.0,0.33,0.16,0.5,1.0,5.6,0,0,0,0.7,0.7,0.34,0.3,0.3
ENG-Premier League,1819,Crystal Palace,Jordan Ayew,GHA,FW,26.0,13.1,1,27,2,7.4,2.06,0.15,0.04,0.5,14.0,0,0,0,2.6,2.6,0.09,-1.6,-1.6
ENG-Premier League,1819,Crystal Palace,Julián Speroni,ARG,GK,39.0,1.0,0,0,0,,0.0,0.0,,,,0,0,0,0.0,0.0,,0.0,0.0
ENG-Premier League,1819,Crystal Palace,Luka Milivojević,SRB,MF,27.0,38.0,12,46,13,28.3,1.21,0.34,0.04,0.15,28.0,16,10,11,10.9,2.5,0.06,1.1,-0.5
ENG-Premier League,1819,Crystal Palace,Luke Dreher,ENG,MF,19.0,0.0,0,0,0,,0.0,0.0,,,,0,0,0,0.0,0.0,,0.0,0.0
ENG-Premier League,1819,Crystal Palace,Mamadou Sakho,FRA,DF,28.0,26.8,0,4,0,0.0,0.15,0.0,0.0,,4.9,0,0,0,0.8,0.8,0.21,-0.8,-0.8
ENG-Premier League,1819,Crystal Palace,Martin Kelly,ENG,DF,28.0,12.3,0,3,1,33.3,0.24,0.08,0.0,0.0,7.4,0,0,0,0.4,0.4,0.14,-0.4,-0.4
ENG-Premier League,1819,Crystal Palace,Max Meyer,GER,MF,22.0,15.7,1,37,8,21.6,2.35,0.51,0.03,0.13,18.3,0,0,0,2.6,2.6,0.07,-1.6,-1.6
ENG-Premier League,1819,Crystal Palace,Michy Batshuayi,BEL,FW,24.0,8.3,5,26,10,38.5,3.12,1.2,0.19,0.5,15.6,0,0,0,3.5,3.5,0.14,1.5,1.5
ENG-Premier League,1819,Crystal Palace,Opponent Total,,,26.7,38.0,52,523,159,30.4,13.76,4.18,0.09,0.3,17.5,20,4,5,49.0,45.5,0.09,3.0,2.5
ENG-Premier League,1819,Crystal Palace,Pape Souaré,SEN,DF,28.0,0.0,0,0,0,,0.0,0.0,,,,0,0,0,0.0,0.0,,0.0,0.0
ENG-Premier League,1819,Crystal Palace,Patrick van Aanholt,NED,DF,27.0,35.5,3,45,11,24.4,1.27,0.31,0.07,0.27,19.7,0,0,0,2.8,2.8,0.06,0.2,0.2
ENG-Premier League,1819,Crystal Palace,Scott Dann,ENG,DF,31.0,7.4,0,6,1,16.7,0.81,0.14,0.0,0.0,10.9,0,0,0,0.3,0.3,0.04,-0.3,-0.3
ENG-Premier League,1819,Crystal Palace,Squad Total,,,27.4,38.0,48,487,134,27.5,12.82,3.53,0.08,0.28,17.2,16,10,11,50.7,42.6,0.09,-2.7,-4.6
ENG-Premier League,1819,Crystal Palace,Vicente Guaita,ESP,GK,31.0,19.5,0,0,0,,0.0,0.0,,,,0,0,0,0.0,0.0,,0.0,0.0
ENG-Premier League,1819,Crystal Palace,Wayne Hennessey,WAL,GK,31.0,17.5,0,0,0,,0.0,0.0,,,,0,0,0,0.0,0.0,,0.0,0.0
ENG-Premier League,1819,Crystal Palace,Wilfried Zaha,CIV,"FW,MF",25.0,33.7,10,75,28,37.3,2.22,0.83,0.13,0.36,15.8,0,0,0,6.3,6.3,0.08,3.7,3.7
ENG-Premier League,1819,Everton,Ademola Lookman,NGA,"FW,MF",20.0,6.9,0,12,3,25.0,1.75,0.44,0.0,0.0,18.3,0,0,0,1.4,1.4,0.12,-1.4,-1.4
ENG-Premier League,1819,Everton,André Gomes,POR,MF,25.0,22.0,1,21,6,28.6,0.95,0.27,0.05,0.17,19.8,0,0,0,1.8,1.8,0.09,-0.8,-0.8
ENG-Premier League,1819,Everton,Bernard,BRA,"FW,MF",25.0,23.5,1,23,5,21.7,0.98,0.21,0.04,0.2,16.1,0,0,0,2.8,2.8,0.12,-1.8,-1.8
ENG-Premier League,1819,Everton,Cenk Tosun,TUR,FW,27.0,11.8,3,35,15,42.9,2.97,1.27,0.09,0.2,13.6,0,0,0,4.3,4.3,0.12,-1.3,-1.3
ENG-Premier League,1819,Everton,Dominic Calvert-Lewin,ENG,FW,21.0,19.8,6,54,16,29.6,2.72,0.81,0.11,0.38,12.4,0,0,0,5.2,5.1,0.1,0.8,0.9
ENG-Premier League,1819,Everton,Gylfi Sigurðsson,ISL,MF,28.0,34.6,13,82,29,35.4,2.37,0.84,0.13,0.38,19.2,7,2,5,11.0,7.0,0.09,2.0,4.0
ENG-Premier League,1819,Everton,Idrissa Gana Gueye,SEN,MF,28.0,31.4,0,19,4,21.1,0.61,0.13,0.0,0.0,23.6,0,0,0,0.7,0.7,0.04,-0.7,-0.7
ENG-Premier League,1819,Everton,James McCarthy,IRL,MF,27.0,0.2,0,0,0,,0.0,0.0,,,,0,0,0,0.0,0.0,,0.0,0.0
ENG-Premier League,1819,Everton,Jonjoe Kenny,ENG,DF,21.0,8.8,0,3,0,0.0,0.34,0.0,0.0,,24.2,0,0,0,0.1,0.1,0.04,-0.1,-0.1
ENG-Premier League,1819,Everton,Jordan Pickford,ENG,GK,24.0,38.0,0,0,0,,0.0,0.0,,,,0,0,0,0.0,0.0,,0.0,0.0
ENG-Premier League,1819,Everton,Kurt Zouma,FRA,DF,23.0,29.0,2,20,3,15.0,0.69,0.1,0.1,0.67,10.9,0,0,0,1.5,1.5,0.08,0.5,0.5
ENG-Premier League,1819,Everton,Leighton Baines,ENG,DF,33.0,4.2,0,2,1,50.0,0.48,0.24,0.0,0.0,24.5,1,0,0,0.1,0.1,0.04,-0.1,-0.1
ENG-Premier League,1819,Everton,Lucas Digne,FRA,DF,25.0,32.9,4,34,10,29.4,1.03,0.3,0.12,0.4,24.8,11,0,0,1.0,1.0,0.03,3.0,3.0
ENG-Premier League,1819,Everton,Mason Holgate,ENG,DF,21.0,4.5,0,0,0,,0.0,0.0,,,,0,0,0,0.0,0.0,,0.0,0.0
ENG-Premier League,1819,Everton,Michael Keane,ENG,DF,25.0,33.0,1,30,9,30.0,0.91,0.27,0.03,0.11,9.1,0,0,0,2.2,2.2,0.07,-1.2,-1.2
ENG-Premier League,1819,Everton,Morgan Schneiderlin,FRA,MF,28.0,9.3,0,3,0,0.0,0.32,0.0,0.0,,16.1,0,0,0,0.1,0.1,0.04,-0.1,-0.1
ENG-Premier League,1819,Everton,Opponent Total,,,26.8,38.0,44,397,131,33.0,10.45,3.45,0.11,0.32,17.0,17,2,5,47.4,43.5,0.11,-3.4,-1.5
ENG-Premier League,1819,Everton,Oumar Niasse,SEN,FW,28.0,0.7,0,3,1,33.3,4.29,1.43,0.0,0.0,9.3,0,0,0,0.6,0.6,0.19,-0.6,-0.6
ENG-Premier League,1819,Everton,Phil Jagielka,ENG,"DF,MF",35.0,3.7,1,1,1,100.0,0.27,0.27,1.0,1.0,4.0,0,0,0,0.4,0.4,0.38,0.6,0.6
ENG-Premier League,1819,Everton,Richarlison,BRA,"FW,MF",21.0,29.6,13,82,27,32.9,2.77,0.91,0.16,0.48,14.2,1,0,0,8.4,8.4,0.1,4.6,4.6
ENG-Premier League,1819,Everton,Squad Total,,,25.7,38.0,53,491,159,32.4,12.92,4.18,0.1,0.32,16.1,20,2,5,48.2,44.2,0.09,4.8,6.8
ENG-Premier League,1819,Everton,Séamus Coleman,IRL,DF,29.0,28.4,2,13,5,38.5,0.46,0.18,0.15,0.4,17.9,0,0,0,1.2,1.2,0.09,0.8,0.8
ENG-Premier League,1819,Everton,Theo Walcott,ENG,"FW,MF",29.0,23.5,5,43,21,48.8,1.83,0.89,0.12,0.24,15.0,0,0,0,6.1,6.1,0.14,-1.1,-1.1
ENG-Premier League,1819,Everton,Tom Davies,ENG,MF,20.0,10.9,0,7,2,28.6,0.64,0.18,0.0,0.0,18.9,0,0,0,0.3,0.3,0.05,-0.3,-0.3
ENG-Premier League,1819,Everton,Yerry Mina,COL,DF,23.0,9.9,1,4,1,25.0,0.4,0.1,0.25,1.0,9.0,0,0,0,0.4,0.4,0.11,0.6,0.6
ENG-Premier League,1819,Fulham,Aboubakar Kamara,MTN,"FW,MF",23.0,7.7,3,19,8,42.1,2.47,1.04,0.11,0.25,19.0,0,1,2,3.7,2.2,0.11,-0.7,-0.2
ENG-Premier League,1819,Fulham,Aleksandar Mitrović,SRB,FW,23.0,36.4,11,126,42,33.3,3.46,1.15,0.08,0.24,14.2,2,1,1,13.3,12.5,0.1,-2.3,-2.5
ENG-Premier League,1819,Fulham,Alfie Mawson,ENG,DF,24.0,12.6,0,2,1,50.0,0.16,0.08,0.0,0.0,8.0,0,0,0,0.2,0.2,0.09,-0.2,-0.2
ENG-Premier League,1819,Fulham,Andre-Frank Zambo Anguissa,CMR,MF,22.0,16.9,0,19,5,26.3,1.13,0.3,0.0,0.0,25.0,0,0,0,0.7,0.7,0.04,-0.7,-0.7
ENG-Premier League,1819,Fulham,André Schürrle,GER,"FW,MF",27.0,18.2,6,55,17,30.9,3.02,0.93,0.11,0.35,22.0,4,0,0,3.3,3.3,0.06,2.7,2.7
ENG-Premier League,1819,Fulham,Calum Chambers,ENG,"MF,DF",23.0,28.8,2,35,11,31.4,1.22,0.38,0.06,0.18,19.1,0,0,0,1.8,1.8,0.05,0.2,0.2
ENG-Premier League,1819,Fulham,Cyrus Christie,IRL,DF,25.0,21.6,0,12,3,25.0,0.55,0.14,0.0,0.0,21.2,0,0,0,0.6,0.6,0.05,-0.6,-0.6
ENG-Premier League,1819,Fulham,Denis Odoi,GHA,DF,30.0,28.8,0,11,1,9.1,0.38,0.03,0.0,0.0,16.8,0,0,0,1.0,1.0,0.09,-1.0,-1.0
ENG-Premier League,1819,Fulham,Fabricio,ESP,GK,30.0,2.0,0,0,0,,0.0,0.0,,,,0,0,0,0.0,0.0,,0.0,0.0
ENG-Premier League,1819,Fulham,Floyd Ayité,TOG,"FW,MF",29.0,5.3,1,7,1,14.3,1.32,0.19,0.14,1.0,20.0,0,0,0,0.3,0.3,0.05,0.7,0.7
ENG-Premier League,1819,Fulham,Harvey Elliott,ENG,MF,15.0,0.2,0,1,1,100.0,4.5,4.5,0.0,0.0,15.0,0,0,0,0.1,0.1,0.12,-0.1,-0.1
ENG-Premier League,1819,Fulham,Håvard Nordtveit,NOR,DF,28.0,4.0,0,0,0,,0.0,0.0,,,,0,0,0,0.0,0.0,,0.0,0.0
ENG-Premier League,1819,Fulham,Ibrahima Cissé,GUI,MF,24.0,1.0,0,0,0,,0.0,0.0,,,,0,0,0,0.0,0.0,,0.0,0.0
ENG-Premier League,1819,Fulham,Jean Seri,CIV,MF,27.0,24.9,1,18,5,27.8,0.72,0.2,0.06,0.2,25.6,3,0,0,1.0,1.0,0.06,0.0,0.0
ENG-Premier League,1819,Fulham,Joe Bryan,ENG,DF,24.0,26.1,0,21,7,33.3,0.81,0.27,0.0,0.0,23.0,0,0,0,0.8,0.8,0.04,-0.8,-0.8
ENG-Premier League,1819,Fulham,Kevin McDonald,SCO,MF,29.0,9.3,0,4,0,0.0,0.43,0.0,0.0,,26.8,0,0,0,0.1,0.1,0.02,-0.1,-0.1
ENG-Premier League,1819,Fulham,Lazar Marković,SRB,FW,24.0,0.5,0,0,0,,0.0,0.0,,,,0,0,0,0.0,0.0,,0.0,0.0
ENG-Premier League,1819,Fulham,Luciano Vietto,ARG,"FW,MF",24.0,11.0,1,25,7,28.0,2.28,0.64,0.04,0.14,15.1,0,0,0,2.4,2.4,0.1,-1.4,-1.4
ENG-Premier League,1819,Fulham,Marcus Bettinelli,ENG,GK,26.0,7.0,0,0,0,,0.0,0.0,,,,0,0,0,0.0,0.0,,0.0,0.0
ENG-Premier League,1819,Fulham,Maxime Le Marchand,FRA,DF,28.0,25.0,0,6,0,0.0,0.24,0.0,0.0,,11.0,0,0,0,0.4,0.4,0.06,-0.4,-0.4
ENG-Premier League,1819,Fulham,Neeskens Kebano,COD,"FW,MF",26.0,1.2,0,1,0,0.0,0.83,0.0,0.0,,5.1,0,0,0,0.1,0.1,0.05,-0.1,-0.1
ENG-Premier League,1819,Fulham,Opponent Total,,,26.8,38.0,79,585,220,37.6,15.39,5.79,0.13,0.34,16.4,16,5,7,65.3,60.0,0.1,13.7,14.0
ENG-Premier League,1819,Fulham,Ryan Babel,NED,FW,31.0,13.9,5,25,9,36.0,1.8,0.65,0.2,0.56,16.5,0,0,0,4.8,4.8,0.19,0.2,0.2
ENG-Premier League,1819,Fulham,Ryan Sessegnon,ENG,"FW,DF",18.0,25.6,2,27,10,37.0,1.06,0.39,0.07,0.2,14.6,0,0,0,3.3,3.3,0.12,-1.3,-1.3
ENG-Premier League,1819,Fulham,Sergio Rico,ESP,GK,24.0,29.0,0,0,0,,0.0,0.0,,,,0,0,0,0.0,0.0,,0.0,0.0
ENG-Premier League,1819,Fulham,Squad Total,,,26.0,38.0,33,444,134,30.2,11.68,3.53,0.07,0.23,18.3,10,2,3,38.8,36.5,0.08,-5.8,-5.5
ENG-Premier League,1819,Fulham,Stefan Johansen,NOR,MF,27.0,4.6,0,1,0,0.0,0.22,0.0,0.0,,29.0,1,0,0,0.0,0.0,0.04,0.0,0.0
ENG-Premier League,1819,Fulham,Tim Ream,USA,DF,30.0,22.7,0,1,0,0.0,0.04,0.0,0.0,,23.5,0,0,0,0.0,0.0,0.02,0.0,0.0
ENG-Premier League,1819,Fulham,Timothy Fosu-Mensah,NED,DF,20.0,8.8,0,4,1,25.0,0.45,0.11,0.0,0.0,28.4,0,0,0,0.1,0.1,0.02,-0.1,-0.1
ENG-Premier League,1819,Fulham,Tom Cairney,SCO,"MF,FW",27.0,24.4,1,24,5,20.8,0.98,0.21,0.04,0.2,22.5,0,0,0,1.1,1.1,0.05,-0.1,-0.1
ENG-Premier League,1819,Huddersfield,Aaron Mooy,AUS,"MF,FW",27.0,25.9,3,39,13,33.3,1.51,0.5,0.05,0.15,23.0,8,1,1,2.6,1.8,0.05,0.4,0.2
ENG-Premier League,1819,Huddersfield,Aaron Rowe,ENG,FW,17.0,0.8,0,0,0,,0.0,0.0,,,,0,0,0,0.0,0.0,,0.0,0.0
ENG-Premier League,1819,Huddersfield,Abdelhamid Sabiri,GER,FW,21.0,0.5,0,0,0,,0.0,0.0,,,,0,0,0,0.0,0.0,,0.0,0.0
ENG-Premier League,1819,Huddersfield,Adama Diakhaby,FRA,"FW,MF",22.0,6.1,0,7,3,42.9,1.14,0.49,0.0,0.0,18.4,0,0,0,0.9,0.9,0.13,-0.9,-0.9
ENG-Premier League,1819,Huddersfield,Alex Pritchard,ENG,"MF,FW",25.0,23.1,2,47,13,27.7,2.03,0.56,0.04,0.15,19.8,1,0,0,3.3,3.3,0.07,-1.3,-1.3
ENG-Premier League,1819,Huddersfield,Ben Hamer,ENG,GK,30.0,6.1,0,0,0,,0.0,0.0,,,,0,0,0,0.0,0.0,,0.0,0.0
ENG-Premier League,1819,Huddersfield,Chris Löwe,GER,"DF,FW",29.0,22.9,0,18,6,33.3,0.79,0.26,0.0,0.0,23.9,1,0,0,0.5,0.5,0.03,-0.5,-0.5
ENG-Premier League,1819,Huddersfield,Christopher Schindler,GER,DF,28.0,36.2,1,12,3,25.0,0.33,0.08,0.08,0.33,9.4,0,0,0,0.8,0.8,0.07,0.2,0.2
ENG-Premier League,1819,Huddersfield,Collin Quaner,GER,FW,27.0,0.4,0,0,0,,0.0,0.0,,,,0,0,0,0.0,0.0,,0.0,0.0
ENG-Premier League,1819,Huddersfield,Danny Williams,USA,MF,29.0,1.1,0,1,0,0.0,0.94,0.0,0.0,,27.0,0,0,0,0.0,0.0,0.02,0.0,0.0
ENG-Premier League,1819,Huddersfield,Demeaco Duhaney,ENG,DF,19.0,0.5,0,0,0,,0.0,0.0,,,,0,0,0,0.0,0.0,,0.0,0.0
ENG-Premier League,1819,Huddersfield,Elias Kachunga,COD,"FW,MF",26.0,13.1,0,14,3,21.4,1.07,0.23,0.0,0.0,13.6,0,0,0,1.0,1.0,0.07,-1.0,-1.0
ENG-Premier League,1819,Huddersfield,Erik Durm,GER,DF,26.0,22.8,0,10,0,0.0,0.44,0.0,0.0,,20.1,0,0,0,0.4,0.4,0.04,-0.4,-0.4
ENG-Premier League,1819,Huddersfield,Florent Hadergjonaj,KVX,"DF,MF",24.0,20.5,0,6,2,33.3,0.29,0.1,0.0,0.0,18.2,0,0,0,0.2,0.2,0.04,-0.2,-0.2
ENG-Premier League,1819,Huddersfield,Isaac Mbenza,BEL,"FW,MF",22.0,11.0,1,15,5,33.3,1.37,0.46,0.07,0.2,21.9,0,0,0,1.1,1.1,0.07,-0.1,-0.1
ENG-Premier League,1819,Huddersfield,Jason Puncheon,ENG,"MF,FW",32.0,4.2,0,6,0,0.0,1.41,0.0,0.0,,21.3,0,0,0,0.7,0.7,0.11,-0.7,-0.7
ENG-Premier League,1819,Huddersfield,Joel Coleman,ENG,GK,22.0,1.0,0,0,0,,0.0,0.0,,,,0,0,0,0.0,0.0,,0.0,0.0
ENG-Premier League,1819,Huddersfield,Jon Gorenc Stanković,SVN,"MF,DF",22.0,7.9,1,9,2,22.2,1.13,0.25,0.11,0.5,15.1,0,0,0,0.9,0.9,0.1,0.1,0.1
ENG-Premier League,1819,Huddersfield,Jonas Lössl,DEN,GK,29.0,30.9,0,0,0,,0.0,0.0,,,,0,0,0,0.0,0.0,,0.0,0.0
ENG-Premier League,1819,Huddersfield,Jonathan Hogg,ENG,MF,29.0,26.3,0,8,1,12.5,0.3,0.04,0.0,0.0,19.9,0,0,0,0.3,0.3,0.03,-0.3,-0.3
ENG-Premier League,1819,Huddersfield,Juninho Bacuna,CUW,"MF,DF",20.0,15.7,1,17,8,47.1,1.08,0.51,0.06,0.13,26.2,2,0,0,0.5,0.5,0.03,0.5,0.5
ENG-Premier League,1819,Huddersfield,Karlan Grant,ENG,FW,20.0,9.7,3,21,10,47.6,2.16,1.03,0.14,0.3,15.9,0,0,0,2.7,2.7,0.13,0.3,0.3
ENG-Premier League,1819,Huddersfield,Laurent Depoitre,BEL,FW,29.0,11.9,0,32,7,21.9,2.7,0.59,0.0,0.0,11.0,0,0,0,3.3,3.3,0.1,-3.3,-3.3
ENG-Premier League,1819,Huddersfield,Mathias Jørgensen,DEN,DF,28.0,23.9,3,8,4,50.0,0.34,0.17,0.38,0.75,12.3,0,0,0,1.6,1.6,0.2,1.4,1.4
ENG-Premier League,1819,Huddersfield,Matty Daly,ENG,MF,17.0,0.8,0,0,0,,0.0,0.0,,,,0,0,0,0.0,0.0,,0.0,0.0
ENG-Premier League,1819,Huddersfield,Opponent Total,,,26.5,38.0,75,514,178,34.6,13.53,4.68,0.13,0.38,16.6,24,7,8,63.4,57.4,0.11,11.6,10.6
ENG-Premier League,1819,Huddersfield,Philip Billing,DEN,MF,22.0,24.3,2,42,8,19.0,1.73,0.33,0.05,0.25,22.6,3,0,0,2.0,2.0,0.05,0.0,0.0
ENG-Premier League,1819,Huddersfield,Rajiv van La Parra,NED,"FW,MF",27.0,4.5,0,5,0,0.0,1.11,0.0,0.0,,23.6,0,0,0,0.2,0.2,0.05,-0.2,-0.2
ENG-Premier League,1819,Huddersfield,Ramadan Sobhi,EGY,"FW,MF",21.0,0.9,0,0,0,,0.0,0.0,,,,0,0,0,0.0,0.0,,0.0,0.0
ENG-Premier League,1819,Huddersfield,Squad Total,,,26.2,38.0,20,395,114,28.9,10.39,3.0,0.05,0.17,18.2,15,1,1,28.9,28.1,0.07,-8.9,-9.1
ENG-Premier League,1819,Huddersfield,Steve Mounié,BEN,FW,23.0,19.8,2,62,22,35.5,3.14,1.11,0.03,0.09,13.8,0,0,0,5.0,5.0,0.08,-3.0,-3.0
ENG-Premier League,1819,Huddersfield,Terence Kongolo,NED,DF,24.0,30.2,1,13,4,30.8,0.43,0.13,0.08,0.25,13.5,0,0,0,1.4,1.4,0.11,-0.4,-0.4
ENG-Premier League,1819,Huddersfield,Tommy Smith,ENG,DF,26.0,12.7,0,3,0,0.0,0.24,0.0,0.0,,25.4,0,0,0,0.1,0.1,0.02,-0.1,-0.1
ENG-Premier League,1819,Leicester City,Adrien Silva,POR,MF,29.0,1.0,0,0,0,,0.0,0.0,,,,0,0,0,0.0,0.0,,0.0,0.0
ENG-Premier League,1819,Leicester City,Ben Chilwell,ENG,DF,21.0,36.0,0,20,10,50.0,0.56,0.28,0.0,0.0,21.4,0,0,0,0.9,0.9,0.05,-0.9,-0.9
ENG-Premier League,1819,Leicester City,Christian Fuchs,AUT,DF,32.0,2.3,0,2,0,0.0,0.87,0.0,0.0,,24.3,0,0,0,0.1,0.1,0.03,-0.1,-0.1
ENG-Premier League,1819,Leicester City,Daniel Amartey,GHA,DF,23.0,7.1,0,4,1,25.0,0.56,0.14,0.0,0.0,19.5,0,0,0,0.3,0.3,0.07,-0.3,-0.3
ENG-Premier League,1819,Leicester City,Danny Simpson,ENG,DF,31.0,3.2,0,0,0,,0.0,0.0,,,,0,0,0,0.0,0.0,,0.0,0.0
ENG-Premier League,1819,Leicester City,Demarai Gray,ENG,"FW,MF",22.0,22.1,4,46,19,41.3,2.09,0.86,0.09,0.21,19.0,1,0,0,4.2,4.2,0.09,-0.2,-0.2
ENG-Premier League,1819,Leicester City,Fousseni Diabaté,MLI,FW,22.0,0.6,0,0,0,,0.0,0.0,,,,0,0,0,0.0,0.0,,0.0,0.0
ENG-Premier League,1819,Leicester City,Hamza Choudhury,ENG,MF,20.0,6.6,0,4,2,50.0,0.61,0.3,0.0,0.0,18.5,0,0,0,0.3,0.3,0.07,-0.3,-0.3
ENG-Premier League,1819,Leicester City,Harry Maguire,ENG,DF,25.0,28.8,3,30,12,40.0,1.04,0.42,0.1,0.25,13.3,0,0,0,2.3,2.3,0.08,0.7,0.7
ENG-Premier League,1819,Leicester City,Harvey Barnes,ENG,"FW,MF",20.0,11.2,1,39,10,25.6,3.5,0.9,0.03,0.1,16.4,0,0,0,3.1,3.1,0.08,-2.1,-2.1
ENG-Premier League,1819,Leicester City,James Maddison,ENG,"MF,FW",21.0,31.5,7,82,27,32.9,2.61,0.86,0.07,0.22,21.0,14,1,2,7.1,5.6,0.07,-0.1,0.4
ENG-Premier League,1819,Leicester City,Jamie Vardy,ENG,FW,31.0,30.3,18,74,32,43.2,2.44,1.06,0.19,0.44,12.6,0,4,5,17.5,13.7,0.19,0.5,0.3
ENG-Premier League,1819,Leicester City,Jonny Evans,NIR,DF,30.0,22.2,1,10,4,40.0,0.45,0.18,0.1,0.25,9.2,0,0,0,0.8,0.8,0.08,0.2,0.2
ENG-Premier League,1819,Leicester City,Kasper Schmeichel,DEN,GK,31.0,38.0,0,1,0,0.0,0.03,0.0,0.0,,10.0,0,0,0,0.0,0.0,0.03,0.0,0.0
ENG-Premier League,1819,Leicester City,Kelechi Iheanacho,NGA,"FW,MF",21.0,10.5,1,19,6,31.6,1.82,0.57,0.05,0.17,16.5,0,0,0,2.4,2.4,0.13,-1.4,-1.4
ENG-Premier League,1819,Leicester City,Marc Albrighton,ENG,"FW,MF",28.0,18.1,2,20,7,35.0,1.11,0.39,0.1,0.29,20.8,0,0,0,1.1,1.1,0.06,0.9,0.9
ENG-Premier League,1819,Leicester City,Nampalys Mendy,SEN,MF,26.0,23.2,0,3,0,0.0,0.13,0.0,0.0,,24.5,0,0,0,0.1,0.1,0.04,-0.1,-0.1
ENG-Premier League,1819,Leicester City,Opponent Total,,,26.8,38.0,48,429,133,31.0,11.29,3.5,0.1,0.32,17.5,18,5,5,45.5,41.8,0.1,2.5,1.2
ENG-Premier League,1819,Leicester City,Rachid Ghezzal,ALG,"FW,MF",26.0,8.3,1,20,6,30.0,2.42,0.73,0.05,0.17,20.1,1,0,0,1.3,1.3,0.07,-0.3,-0.3
ENG-Premier League,1819,Leicester City,Ricardo Pereira,POR,"DF,FW",24.0,34.7,2,26,9,34.6,0.75,0.26,0.08,0.22,19.8,0,0,0,1.3,1.3,0.05,0.7,0.7
ENG-Premier League,1819,Leicester City,Shinji Okazaki,JPN,"MF,FW",32.0,3.2,0,4,3,75.0,1.25,0.94,0.0,0.0,16.9,0,0,0,0.2,0.2,0.05,-0.2,-0.2
ENG-Premier League,1819,Leicester City,Squad Total,,,25.9,38.0,48,506,172,34.0,13.32,4.53,0.08,0.25,17.8,18,5,7,49.6,44.4,0.09,-1.6,-1.4
ENG-Premier League,1819,Leicester City,Vicente Iborra,ESP,MF,30.0,2.5,0,2,1,50.0,0.79,0.39,0.0,0.0,8.1,0,0,0,0.2,0.2,0.09,-0.2,-0.2
ENG-Premier League,1819,Leicester City,Wes Morgan,JAM,DF,34.0,21.4,3,14,4,28.6,0.65,0.19,0.21,0.75,7.2,0,0,0,1.7,1.7,0.12,1.3,1.3
ENG-Premier League,1819,Leicester City,Wilfred Ndidi,NGA,MF,21.0,36.6,2,54,9,16.7,1.47,0.25,0.04,0.22,19.1,0,0,0,3.2,3.2,0.06,-1.2,-1.2
ENG-Premier League,1819,Leicester City,Youri Tielemans,BEL,MF,21.0,12.1,3,30,10,33.3,2.49,0.83,0.1,0.3,24.5,2,0,0,1.8,1.8,0.06,1.2,1.2
ENG-Premier League,1819,Leicester City,Çağlar Söyüncü,TUR,DF,22.0,4.1,0,2,0,0.0,0.48,0.0,0.0,,9.9,0,0,0,0.0,0.0,0.02,0.0,0.0
ENG-Premier League,1819,Liverpool,Adam Lallana,ENG,"MF,FW",30.0,5.2,0,5,2,40.0,0.96,0.38,0.0,0.0,16.7,0,0,0,0.5,0.5,0.1,-0.5,-0.5
ENG-Premier League,1819,Liverpool,Alberto Moreno,ESP,DF,26.0,1.7,0,1,0,0.0,0.58,0.0,0.0,,28.2,0,0,0,0.0,0.0,0.02,0.0,0.0
ENG-Premier League,1819,Liverpool,Alex Oxlade-Chamberlain,ENG,"MF,FW",24.0,0.2,0,1,1,100.0,4.29,4.29,0.0,0.0,9.8,0,0,0,0.3,0.3,0.3,-0.3,-0.3
ENG-Premier League,1819,Liverpool,Alisson,BRA,GK,25.0,38.0,0,0,0,,0.0,0.0,,,,0,0,0,0.0,0.0,,0.0,0.0
ENG-Premier League,1819,Liverpool,Andrew Robertson,SCO,DF,24.0,35.7,0,14,5,35.7,0.39,0.14,0.0,0.0,18.2,0,0,0,0.9,0.9,0.07,-0.9,-0.9
ENG-Premier League,1819,Liverpool,Daniel Sturridge,ENG,"FW,MF",28.0,5.7,2,18,6,33.3,3.18,1.06,0.11,0.33,20.2,0,0,0,1.3,1.3,0.07,0.7,0.7
ENG-Premier League,1819,Liverpool,Dejan Lovren,CRO,DF,29.0,11.0,1,6,1,16.7,0.55,0.09,0.17,1.0,13.3,0,0,0,0.7,0.7,0.12,0.3,0.3
ENG-Premier League,1819,Liverpool,Divock Origi,BEL,FW,23.0,4.1,3,13,6,46.2,3.15,1.46,0.23,0.5,16.5,1,0,0,2.3,2.3,0.18,0.7,0.7
ENG-Premier League,1819,Liverpool,Fabinho,BRA,MF,24.0,22.4,1,17,4,23.5,0.76,0.18,0.06,0.25,23.3,0,0,0,0.8,0.8,0.05,0.2,0.2
ENG-Premier League,1819,Liverpool,Georginio Wijnaldum,NED,MF,27.0,30.3,3,31,9,29.0,1.02,0.3,0.1,0.33,14.3,0,0,0,2.9,2.9,0.09,0.1,0.1
ENG-Premier League,1819,Liverpool,James Milner,ENG,"MF,DF",32.0,19.9,5,21,4,19.0,1.06,0.2,0.1,0.5,21.5,1,3,3,4.0,1.8,0.09,1.0,0.2
ENG-Premier League,1819,Liverpool,Joe Gomez,ENG,DF,21.0,11.8,0,5,1,20.0,0.42,0.08,0.0,0.0,14.3,0,0,0,0.2,0.2,0.04,-0.2,-0.2
ENG-Premier League,1819,Liverpool,Jordan Henderson,ENG,MF,28.0,22.1,1,16,1,6.3,0.72,0.05,0.06,1.0,18.2,0,0,0,1.6,1.6,0.1,-0.6,-0.6
ENG-Premier League,1819,Liverpool,Joël Matip,CMR,DF,26.0,17.1,1,8,2,25.0,0.47,0.12,0.13,0.5,7.6,0,0,0,0.6,0.6,0.07,0.4,0.4
ENG-Premier League,1819,Liverpool,Mohamed Salah,EGY,FW,26.0,36.1,22,134,59,44.0,3.71,1.63,0.14,0.32,16.6,3,3,3,18.7,16.5,0.12,3.3,2.5
ENG-Premier League,1819,Liverpool,Naby Keïta,GUI,"MF,FW",23.0,15.4,2,28,10,35.7,1.81,0.65,0.07,0.2,17.4,0,0,0,2.4,2.4,0.09,-0.4,-0.4
ENG-Premier League,1819,Liverpool,Nathaniel Clyne,ENG,DF,27.0,1.2,0,3,1,33.3,2.43,0.81,0.0,0.0,29.6,0,0,0,0.1,0.1,0.02,-0.1,-0.1
ENG-Premier League,1819,Liverpool,Opponent Total,,,26.9,38.0,22,304,97,31.9,8.0,2.55,0.07,0.23,17.8,9,0,1,30.8,30.1,0.1,-8.8,-8.1
ENG-Premier League,1819,Liverpool,Rafael Camacho,POR,DF,18.0,0.0,0,0,0,,0.0,0.0,,,,0,0,0,0.0,0.0,,0.0,0.0
ENG-Premier League,1819,Liverpool,Roberto Firmino,BRA,"FW,MF",26.0,29.0,12,75,33,44.0,2.59,1.14,0.15,0.33,14.7,0,1,1,13.2,12.4,0.17,-1.2,-1.4
ENG-Premier League,1819,Liverpool,Sadio Mané,SEN,FW,26.0,34.2,22,91,44,48.4,2.66,1.29,0.24,0.5,12.2,0,0,0,17.2,17.2,0.19,4.8,4.8
ENG-Premier League,1819,Liverpool,Squad Total,,,26.1,38.0,86,574,217,37.8,15.11,5.71,0.14,0.36,16.3,20,7,7,75.3,70.0,0.12,10.7,9.0
ENG-Premier League,1819,Liverpool,Trent Alexander-Arnold,ENG,DF,19.0,27.4,1,29,9,31.0,1.06,0.33,0.03,0.11,24.5,9,0,0,1.4,1.4,0.05,-0.4,-0.4
ENG-Premier League,1819,Liverpool,Virgil van Dijk,NED,DF,27.0,37.6,4,32,9,28.1,0.85,0.24,0.13,0.44,11.9,1,0,0,3.1,3.1,0.1,0.9,0.9
ENG-Premier League,1819,Liverpool,Xherdan Shaqiri,SUI,"FW,MF",26.0,11.8,6,26,10,38.5,2.2,0.85,0.23,0.6,19.0,5,0,0,3.7,3.7,0.14,2.3,2.3
ENG-Premier League,1819,Manchester City,Aymeric Laporte,ESP,DF,24.0,34.0,3,26,7,26.9,0.77,0.21,0.12,0.43,15.9,0,0,0,2.4,2.4,0.09,0.6,0.6
ENG-Premier League,1819,Manchester City,Benjamin Mendy,FRA,DF,24.0,10.0,0,7,3,42.9,0.7,0.3,0.0,0.0,25.1,0,0,0,0.2,0.2,0.02,-0.2,-0.2
ENG-Premier League,1819,Manchester City,Bernardo Silva,POR,"MF,FW",23.0,31.7,7,62,22,35.5,1.96,0.69,0.11,0.32,15.1,0,0,0,6.3,6.3,0.1,0.7,0.7
ENG-Premier League,1819,Manchester City,Danilo,BRA,DF,27.0,9.0,1,14,3,21.4,1.56,0.33,0.07,0.33,24.3,0,0,0,0.5,0.5,0.03,0.5,0.5
ENG-Premier League,1819,Manchester City,David Silva,ESP,MF,32.0,26.7,6,51,18,35.3,1.91,0.67,0.12,0.33,13.5,4,0,0,7.5,7.5,0.15,-1.5,-1.5
ENG-Premier League,1819,Manchester City,Ederson,BRA,GK,24.0,38.0,0,0,0,,0.0,0.0,,,,0,0,0,0.0,0.0,,0.0,0.0
ENG-Premier League,1819,Manchester City,Fabian Delph,ENG,DF,28.0,8.1,0,4,3,75.0,0.5,0.37,0.0,0.0,26.9,0,0,0,0.1,0.1,0.02,-0.1,-0.1
ENG-Premier League,1819,Manchester City,Fernandinho,BRA,MF,33.0,26.4,1,30,7,23.3,1.14,0.27,0.03,0.14,21.7,0,0,0,1.7,1.7,0.06,-0.7,-0.7
ENG-Premier League,1819,Manchester City,Gabriel Jesus,BRA,FW,21.0,11.5,7,43,22,51.2,3.74,1.91,0.14,0.27,11.1,0,1,1,9.8,9.0,0.22,-2.8,-3.0
ENG-Premier League,1819,Manchester City,John Stones,ENG,DF,24.0,19.6,0,5,1,20.0,0.26,0.05,0.0,0.0,8.2,0,0,0,0.4,0.4,0.09,-0.4,-0.4
ENG-Premier League,1819,Manchester City,Kevin De Bruyne,BEL,MF,27.0,10.8,2,31,11,35.5,2.86,1.02,0.06,0.18,22.8,3,0,0,2.1,2.1,0.07,-0.1,-0.1
ENG-Premier League,1819,Manchester City,Kyle Walker,ENG,DF,28.0,30.9,1,21,4,19.0,0.68,0.13,0.05,0.25,27.4,2,0,0,0.8,0.8,0.04,0.2,0.2
ENG-Premier League,1819,Manchester City,Leroy Sané,GER,FW,22.0,20.7,10,58,25,43.1,2.8,1.21,0.17,0.4,16.4,5,0,0,5.8,5.8,0.1,4.2,4.2
ENG-Premier League,1819,Manchester City,Nicolás Otamendi,ARG,DF,30.0,13.7,0,16,3,18.8,1.17,0.22,0.0,0.0,11.3,0,0,0,1.3,1.3,0.08,-1.3,-1.3
ENG-Premier League,1819,Manchester City,Oleksandr Zinchenko,UKR,DF,21.0,12.8,0,7,1,14.3,0.55,0.08,0.0,0.0,25.9,0,0,0,0.2,0.2,0.02,-0.2,-0.2
ENG-Premier League,1819,Manchester City,Opponent Total,,,26.6,38.0,23,241,79,32.8,6.34,2.08,0.08,0.24,17.3,9,4,4,25.3,22.4,0.1,-2.3,-3.4
ENG-Premier League,1819,Manchester City,Phil Foden,ENG,MF,18.0,3.7,1,14,6,42.9,3.76,1.61,0.07,0.17,14.3,0,0,0,2.6,2.6,0.18,-1.6,-1.6
ENG-Premier League,1819,Manchester City,Raheem Sterling,ENG,FW,23.0,30.8,17,76,39,51.3,2.47,1.27,0.22,0.44,13.7,1,0,0,14.1,14.1,0.19,2.9,2.9
ENG-Premier League,1819,Manchester City,Riyad Mahrez,ALG,"FW,MF",27.0,14.9,7,53,24,45.3,3.55,1.61,0.13,0.29,17.4,1,0,1,5.8,5.1,0.1,1.2,1.9
ENG-Premier League,1819,Manchester City,Sergio Agüero,ARG,FW,30.0,27.3,21,113,42,37.2,4.14,1.54,0.17,0.45,14.2,3,2,2,19.8,18.2,0.16,1.2,0.8
ENG-Premier League,1819,Manchester City,Squad Total,,,26.7,38.0,91,678,253,37.3,17.84,6.66,0.13,0.35,16.3,21,3,4,84.5,81.4,0.12,6.5,6.6
ENG-Premier League,1819,Manchester City,Vincent Kompany,BEL,DF,32.0,13.6,1,4,1,25.0,0.29,0.07,0.25,1.0,19.8,0,0,0,0.2,0.2,0.05,0.8,0.8
ENG-Premier League,1819,Manchester City,İlkay Gündoğan,GER,MF,27.0,23.7,6,43,11,25.6,1.81,0.46,0.14,0.55,18.3,2,0,0,4.2,4.2,0.1,1.8,1.8
ENG-Premier League,1819,Manchester Utd,Alexis Sánchez,CHI,"FW,MF",29.0,9.8,1,17,9,52.9,1.74,0.92,0.06,0.11,16.1,1,0,0,1.3,1.3,0.08,-0.3,-0.3
ENG-Premier League,1819,Manchester Utd,Ander Herrera,ESP,MF,28.0,15.6,2,21,9,42.9,1.35,0.58,0.1,0.22,19.6,0,0,0,1.3,1.3,0.06,0.7,0.7
ENG-Premier League,1819,Manchester Utd,Andreas Pereira,BRA,MF,22.0,6.7,1,8,2,25.0,1.2,0.3,0.13,0.5,25.8,1,0,0,0.2,0.2,0.03,0.8,0.8
ENG-Premier League,1819,Manchester Utd,Angel Gomes,ENG,"MF,FW",17.0,0.3,0,2,1,50.0,6.67,3.33,0.0,0.0,20.0,0,0,0,0.1,0.1,0.07,-0.1,-0.1
ENG-Premier League,1819,Manchester Utd,Anthony Martial,FRA,FW,22.0,18.0,10,38,22,57.9,2.11,1.22,0.24,0.41,15.5,0,1,1,5.6,4.8,0.13,4.4,4.2
ENG-Premier League,1819,Manchester Utd,Antonio Valencia,ECU,DF,32.0,5.2,0,2,0,0.0,0.39,0.0,0.0,,25.4,0,0,0,0.1,0.1,0.03,-0.1,-0.1
ENG-Premier League,1819,Manchester Utd,Ashley Young,ENG,DF,33.0,28.5,2,12,3,25.0,0.42,0.11,0.17,0.67,20.9,2,0,0,0.4,0.4,0.03,1.6,1.6
ENG-Premier League,1819,Manchester Utd,Chris Smalling,ENG,DF,28.0,23.6,1,11,2,18.2,0.47,0.08,0.09,0.5,8.4,0,0,0,0.8,0.8,0.08,0.2,0.2
ENG-Premier League,1819,Manchester Utd,David de Gea,ESP,GK,27.0,38.0,0,0,0,,0.0,0.0,,,,0,0,0,0.0,0.0,,0.0,0.0
ENG-Premier League,1819,Manchester Utd,Diogo Dalot,POR,"DF,MF",19.0,11.3,0,15,0,0.0,1.33,0.0,0.0,,24.2,0,0,0,0.5,0.5,0.03,-0.5,-0.5
ENG-Premier League,1819,Manchester Utd,Eric Bailly,CIV,DF,24.0,7.1,0,3,1,33.3,0.42,0.14,0.0,0.0,11.0,0,0,0,0.2,0.2,0.06,-0.2,-0.2
ENG-Premier League,1819,Manchester Utd,Fred,BRA,MF,25.0,11.6,1,17,2,11.8,1.47,0.17,0.06,0.5,23.6,1,0,0,0.8,0.8,0.05,0.2,0.2
ENG-Premier League,1819,Manchester Utd,James Garner,ENG,MF,17.0,0.0,0,0,0,,0.0,0.0,,,,0,0,0,0.0,0.0,,0.0,0.0
ENG-Premier League,1819,Manchester Utd,Jesse Lingard,ENG,"FW,MF",25.0,18.5,4,32,12,37.5,1.73,0.65,0.09,0.25,16.9,0,1,1,5.0,4.3,0.13,-1.0,-1.3
ENG-Premier League,1819,Manchester Utd,Juan Mata,ESP,"FW,MF",30.0,14.3,3,19,6,31.6,1.33,0.42,0.16,0.5,18.7,3,0,0,1.5,1.5,0.08,1.5,1.5
ENG-Premier League,1819,Manchester Utd,Luke Shaw,ENG,DF,23.0,28.8,1,20,6,30.0,0.69,0.21,0.05,0.17,19.9,0,0,0,1.0,1.0,0.05,0.0,0.0
ENG-Premier League,1819,Manchester Utd,Marcos Rojo,ARG,DF,28.0,2.4,0,6,3,50.0,2.55,1.27,0.0,0.0,25.3,1,0,0,0.2,0.2,0.04,-0.2,-0.2
ENG-Premier League,1819,Manchester Utd,Marcus Rashford,ENG,FW,20.0,25.9,10,84,39,46.4,3.24,1.5,0.12,0.26,19.4,12,0,0,9.1,9.1,0.11,0.9,0.9
ENG-Premier League,1819,Manchester Utd,Marouane Fellaini,BEL,MF,30.0,8.4,0,7,3,42.9,0.84,0.36,0.0,0.0,15.1,0,0,0,0.3,0.3,0.04,-0.3,-0.3
ENG-Premier League,1819,Manchester Utd,Mason Greenwood,ENG,"FW,MF",16.0,1.3,0,7,4,57.1,5.38,3.08,0.0,0.0,13.1,0,0,0,0.9,0.9,0.12,-0.9,-0.9
ENG-Premier League,1819,Manchester Utd,Matteo Darmian,ITA,DF,28.0,4.9,0,1,1,100.0,0.2,0.2,0.0,0.0,23.8,0,0,0,0.1,0.1,0.05,-0.1,-0.1
ENG-Premier League,1819,Manchester Utd,Nemanja Matić,SRB,MF,29.0,27.1,1,12,3,25.0,0.44,0.11,0.08,0.33,16.4,0,0,0,1.6,1.6,0.13,-0.6,-0.6
ENG-Premier League,1819,Manchester Utd,Opponent Total,,,26.9,38.0,51,492,170,34.6,12.95,4.47,0.09,0.26,17.9,20,6,6,46.6,42.0,0.09,4.4,3.0
ENG-Premier League,1819,Manchester Utd,Paul Pogba,FRA,MF,25.0,33.4,13,95,38,40.0,2.84,1.14,0.06,0.16,21.9,6,7,10,14.7,7.0,0.07,-1.7,-1.0
ENG-Premier League,1819,Manchester Utd,Phil Jones,ENG,DF,26.0,14.0,0,5,2,40.0,0.36,0.14,0.0,0.0,15.8,0,0,0,0.6,0.6,0.11,-0.6,-0.6
ENG-Premier League,1819,Manchester Utd,Romelu Lukaku,BEL,FW,25.0,23.7,12,56,32,57.1,2.36,1.35,0.21,0.38,11.0,0,0,0,11.0,11.0,0.2,1.0,1.0
ENG-Premier League,1819,Manchester Utd,Scott McTominay,SCO,"MF,DF",21.0,9.6,2,15,6,40.0,1.56,0.62,0.13,0.33,17.6,0,0,0,1.0,1.0,0.07,1.0,1.0
ENG-Premier League,1819,Manchester Utd,Squad Total,,,26.3,38.0,65,514,208,40.5,13.53,5.47,0.11,0.27,18.1,27,9,12,58.4,49.2,0.1,6.6,6.8
ENG-Premier League,1819,Manchester Utd,Tahith Chong,NED,FW,18.0,0.4,0,2,1,50.0,4.74,2.37,0.0,0.0,13.1,0,0,0,0.1,0.1,0.04,-0.1,-0.1
ENG-Premier League,1819,Manchester Utd,Victor Lindelöf,SWE,DF,24.0,28.9,1,7,1,14.3,0.24,0.03,0.14,1.0,7.2,0,0,0,0.8,0.8,0.11,0.2,0.2
ENG-Premier League,1819,Newcastle Utd,Antonio Barreca,ITA,DF,23.0,0.1,0,0,0,,0.0,0.0,,,,0,0,0,0.0,0.0,,0.0,0.0
ENG-Premier League,1819,Newcastle Utd,Ayoze Pérez,ESP,"MF,FW",25.0,32.4,12,54,26,48.1,1.67,0.8,0.22,0.46,13.3,0,0,0,7.9,7.9,0.15,4.1,4.1
ENG-Premier League,1819,Newcastle Utd,Christian Atsu,GHA,"MF,FW",26.0,16.6,1,28,14,50.0,1.69,0.84,0.04,0.07,18.7,0,0,0,2.0,2.0,0.07,-1.0,-1.0
ENG-Premier League,1819,Newcastle Utd,Ciaran Clark,IRL,DF,28.0,9.5,3,6,3,50.0,0.63,0.31,0.5,1.0,8.5,0,0,0,0.5,0.5,0.08,2.5,2.5
ENG-Premier League,1819,Newcastle Utd,DeAndre Yedlin,USA,DF,25.0,27.5,1,11,2,18.2,0.4,0.07,0.09,0.5,24.7,0,0,0,1.0,1.0,0.09,0.0,0.0
ENG-Premier League,1819,Newcastle Utd,Fabian Schär,SUI,DF,26.0,22.2,4,23,8,34.8,1.04,0.36,0.17,0.5,19.6,1,0,0,1.6,1.6,0.07,2.4,2.4
ENG-Premier League,1819,Newcastle Utd,Federico Fernández,ARG,DF,29.0,16.5,0,4,1,25.0,0.24,0.06,0.0,0.0,12.0,0,0,0,0.3,0.3,0.06,-0.3,-0.3
ENG-Premier League,1819,Newcastle Utd,Florian Lejeune,FRA,DF,27.0,11.7,0,7,2,28.6,0.6,0.17,0.0,0.0,14.5,0,0,0,0.5,0.5,0.07,-0.5,-0.5
ENG-Premier League,1819,Newcastle Utd,Isaac Hayden,ENG,MF,23.0,20.7,1,20,5,25.0,0.97,0.24,0.05,0.2,21.4,0,0,0,0.8,0.8,0.04,0.2,0.2
ENG-Premier League,1819,Newcastle Utd,Jacob Murphy,ENG,"MF,DF",23.0,3.4,0,2,1,50.0,0.6,0.3,0.0,0.0,26.6,0,0,0,0.1,0.1,0.03,-0.1,-0.1
ENG-Premier League,1819,Newcastle Utd,Jamaal Lascelles,ENG,DF,24.0,30.5,0,11,1,9.1,0.36,0.03,0.0,0.0,9.7,0,0,0,0.6,0.6,0.06,-0.6,-0.6
ENG-Premier League,1819,Newcastle Utd,Javier Manquillo,ESP,DF,24.0,12.2,0,2,1,50.0,0.16,0.08,0.0,0.0,19.4,0,0,0,0.1,0.1,0.03,-0.1,-0.1
ENG-Premier League,1819,Newcastle Utd,Jonjo Shelvey,ENG,MF,26.0,10.5,1,23,8,34.8,2.18,0.76,0.04,0.13,28.1,4,0,0,0.9,0.9,0.04,0.1,0.1
ENG-Premier League,1819,Newcastle Utd,Joselu,ESP,FW,28.0,6.6,2,17,5,29.4,2.57,0.76,0.12,0.4,13.6,0,0,0,1.8,1.8,0.11,0.2,0.2
ENG-Premier League,1819,Newcastle Utd,Kenedy,BRA,"MF,DF",22.0,15.0,1,30,5,16.7,2.0,0.33,0.03,0.2,21.8,1,0,1,2.3,1.6,0.05,-1.3,-0.6
ENG-Premier League,1819,Newcastle Utd,Ki Sung-yueng,KOR,MF,29.0,14.5,0,9,2,22.2,0.62,0.14,0.0,0.0,28.2,1,0,0,0.2,0.2,0.02,-0.2,-0.2
ENG-Premier League,1819,Newcastle Utd,Martin Dúbravka,SVK,GK,29.0,38.0,0,0,0,,0.0,0.0,,,,0,0,0,0.0,0.0,,0.0,0.0
ENG-Premier League,1819,Newcastle Utd,Matt Ritchie,SCO,"DF,MF",28.0,32.5,2,38,7,18.4,1.17,0.22,0.03,0.14,18.9,0,1,2,4.6,3.1,0.08,-2.6,-2.1
ENG-Premier League,1819,Newcastle Utd,Miguel Almirón,PAR,"FW,MF",24.0,8.4,0,19,8,42.1,2.25,0.95,0.0,0.0,19.1,0,0,0,1.7,1.6,0.09,-1.7,-1.6
ENG-Premier League,1819,Newcastle Utd,Mohamed Diamé,SEN,MF,31.0,24.1,0,21,3,14.3,0.87,0.12,0.0,0.0,22.8,0,0,0,0.9,0.9,0.04,-0.9,-0.9
ENG-Premier League,1819,Newcastle Utd,Opponent Total,,,26.8,38.0,47,486,133,27.4,12.79,3.5,0.08,0.31,15.9,31,6,6,53.2,48.7,0.1,-6.2,-7.7
ENG-Premier League,1819,Newcastle Utd,Paul Dummett,WAL,DF,26.0,22.1,0,9,1,11.1,0.41,0.05,0.0,0.0,21.8,0,0,0,0.2,0.2,0.03,-0.2,-0.2
ENG-Premier League,1819,Newcastle Utd,Salomón Rondón,VEN,FW,28.0,28.9,11,90,28,31.1,3.11,0.97,0.12,0.39,15.0,9,0,0,10.8,10.8,0.12,0.2,0.2
ENG-Premier League,1819,Newcastle Utd,Sean Longstaff,ENG,MF,20.0,7.6,1,8,2,25.0,1.05,0.26,0.13,0.5,22.9,0,0,0,0.4,0.4,0.05,0.6,0.6
ENG-Premier League,1819,Newcastle Utd,Squad Total,,,26.9,38.0,41,438,136,31.1,11.53,3.58,0.09,0.29,18.1,16,1,3,39.1,36.8,0.09,1.9,3.2
ENG-Premier League,1819,Newcastle Utd,Yoshinori Mutō,JPN,"FW,MF",26.0,5.8,1,6,3,50.0,1.03,0.52,0.17,0.33,9.8,0,0,0,1.1,1.1,0.19,-0.1,-0.1
ENG-Premier League,1819,Southampton,Alex McCarthy,ENG,GK,28.0,25.0,0,0,0,,0.0,0.0,,,,0,0,0,0.0,0.0,,0.0,0.0
ENG-Premier League,1819,Southampton,Angus Gunn,ENG,GK,22.0,12.0,0,0,0,,0.0,0.0,,,,0,0,0,0.0,0.0,,0.0,0.0
ENG-Premier League,1819,Southampton,Callum Slattery,ENG,MF,19.0,1.2,0,2,0,0.0,1.61,0.0,0.0,,11.0,0,0,0,0.2,0.2,0.12,-0.2,-0.2
ENG-Premier League,1819,Southampton,Charlie Austin,ENG,FW,29.0,10.9,2,32,7,21.9,2.93,0.64,0.06,0.29,15.1,0,0,1,3.5,3.0,0.09,-1.5,-1.0
ENG-Premier League,1819,Southampton,Cédric Soares,POR,DF,26.0,16.6,1,10,3,30.0,0.6,0.18,0.1,0.33,27.6,1,0,0,0.2,0.2,0.02,0.8,0.8
ENG-Premier League,1819,Southampton,Danny Ings,ENG,FW,26.0,18.3,7,53,19,35.8,2.89,1.04,0.08,0.21,14.5,0,3,3,9.5,7.2,0.14,-2.5,-3.2
ENG-Premier League,1819,Southampton,Fraser Forster,ENG,GK,30.0,1.0,0,0,0,,0.0,0.0,,,,0,0,0,0.0,0.0,,0.0,0.0
ENG-Premier League,1819,Southampton,Jack Stephens,ENG,DF,24.0,18.9,1,7,5,71.4,0.37,0.26,0.14,0.2,7.8,0,0,0,0.7,0.7,0.1,0.3,0.3
ENG-Premier League,1819,Southampton,James Ward-Prowse,ENG,"MF,DF",23.0,21.6,7,30,14,46.7,1.39,0.65,0.2,0.43,20.5,7,1,1,3.8,3.0,0.1,3.2,3.0
ENG-Premier League,1819,Southampton,Jan Bednarek,POL,DF,22.0,23.9,0,5,1,20.0,0.21,0.04,0.0,0.0,6.4,0,0,0,0.5,0.5,0.11,-0.5,-0.5
ENG-Premier League,1819,Southampton,Jannik Vestergaard,DEN,DF,25.0,22.5,0,14,1,7.1,0.62,0.04,0.0,0.0,15.6,2,0,0,0.5,0.5,0.04,-0.5,-0.5
ENG-Premier League,1819,Southampton,Josh Sims,ENG,"FW,MF",21.0,2.4,0,5,1,20.0,2.12,0.42,0.0,0.0,16.3,0,0,0,0.6,0.6,0.12,-0.6,-0.6
ENG-Premier League,1819,Southampton,Kayne Ramsey,ENG,DF,17.0,1.0,0,0,0,,0.0,0.0,,,,0,0,0,0.0,0.0,,0.0,0.0
ENG-Premier League,1819,Southampton,Manolo Gabbiadini,ITA,FW,26.0,5.3,1,22,8,36.4,4.16,1.51,0.05,0.13,22.4,1,0,0,2.5,2.5,0.11,-1.5,-1.5
ENG-Premier League,1819,Southampton,Mario Lemina,GAB,MF,24.0,17.9,1,25,5,20.0,1.39,0.28,0.04,0.2,21.3,0,0,0,1.1,1.1,0.04,-0.1,-0.1
ENG-Premier League,1819,Southampton,Matt Targett,ENG,DF,22.0,13.2,1,12,3,25.0,0.91,0.23,0.08,0.33,17.6,1,0,0,0.7,0.7,0.06,0.3,0.3
ENG-Premier League,1819,Southampton,Maya Yoshida,JPN,DF,29.0,16.9,0,14,3,21.4,0.83,0.18,0.0,0.0,8.6,0,0,0,2.0,2.0,0.14,-2.0,-2.0
ENG-Premier League,1819,Southampton,Michael Obafemi,IRL,FW,18.0,1.5,1,7,3,42.9,4.6,1.97,0.14,0.33,12.6,0,0,0,1.5,1.5,0.22,-0.5,-0.5
ENG-Premier League,1819,Southampton,Mohamed Elyounoussi,NOR,"MF,FW",23.0,8.8,0,20,6,30.0,2.27,0.68,0.0,0.0,16.7,0,0,0,2.2,2.2,0.11,-2.2,-2.2
ENG-Premier League,1819,Southampton,Nathan Redmond,ENG,"FW,MF",24.0,36.3,6,75,24,32.0,2.06,0.66,0.08,0.25,19.1,3,0,0,6.6,6.6,0.09,-0.6,-0.6
ENG-Premier League,1819,Southampton,Opponent Total,,,26.7,38.0,62,519,172,33.1,13.66,4.53,0.12,0.35,16.8,12,2,3,55.4,53.2,0.1,6.6,6.8
ENG-Premier League,1819,Southampton,Oriol Romeu,ESP,MF,26.0,23.7,1,10,4,40.0,0.42,0.17,0.1,0.25,20.9,0,0,0,0.8,0.8,0.09,0.2,0.2
ENG-Premier League,1819,Southampton,Pierre Højbjerg,DEN,MF,22.0,30.7,4,52,19,36.5,1.7,0.62,0.08,0.21,23.4,2,0,0,2.5,2.5,0.05,1.5,1.5
ENG-Premier League,1819,Southampton,Ryan Bertrand,ENG,DF,28.0,24.0,1,16,2,12.5,0.67,0.08,0.06,0.5,22.0,3,0,0,0.9,0.9,0.06,0.1,0.1
ENG-Premier League,1819,Southampton,Sam Gallagher,ENG,"FW,DF",22.0,0.4,0,0,0,,0.0,0.0,,,,0,0,0,0.0,0.0,,0.0,0.0
ENG-Premier League,1819,Southampton,Shane Long,IRL,"FW,MF",31.0,14.1,5,31,10,32.3,2.19,0.71,0.16,0.5,14.1,0,0,0,4.7,4.7,0.16,0.3,0.3
ENG-Premier League,1819,Southampton,Squad Total,,,25.4,38.0,44,486,156,32.1,12.79,4.11,0.08,0.26,18.1,20,4,5,47.2,43.7,0.09,-3.2,-3.7
ENG-Premier League,1819,Southampton,Steven Davis,NIR,MF,33.0,1.1,0,0,0,,0.0,0.0,,,,0,0,0,0.0,0.0,,0.0,0.0
ENG-Premier League,1819,Southampton,Stuart Armstrong,SCO,"MF,FW",26.0,15.9,3,32,12,37.5,2.01,0.75,0.09,0.25,20.7,0,0,0,2.1,2.1,0.07,0.9,0.9
ENG-Premier League,1819,Southampton,Tyreke Johnson,ENG,FW,19.0,0.0,0,0,0,,0.0,0.0,,,,0,0,0,0.0,0.0,,0.0,0.0
ENG-Premier League,1819,Southampton,Wesley Hoedt,NED,DF,24.0,13.0,0,6,1,16.7,0.46,0.08,0.0,0.0,15.0,0,0,0,0.5,0.5,0.08,-0.5,-0.5
ENG-Premier League,1819,Southampton,Yan Valery,FRA,DF,19.0,19.0,2,6,5,83.3,0.32,0.26,0.33,0.4,12.7,0,0,0,0.6,0.6,0.1,1.4,1.4
ENG-Premier League,1819,Tottenham,Ben Davies,WAL,DF,25.0,20.5,0,15,1,6.7,0.73,0.05,0.0,0.0,19.2,0,0,0,0.9,0.9,0.06,-0.9,-0.9
ENG-Premier League,1819,Tottenham,Christian Eriksen,DEN,MF,26.0,30.8,8,85,31,36.5,2.76,1.01,0.09,0.26,22.1,12,0,0,5.7,5.7,0.07,2.3,2.3
ENG-Premier League,1819,Tottenham,Danny Rose,ENG,"DF,MF",28.0,20.0,0,15,2,13.3,0.75,0.1,0.0,0.0,18.1,0,0,0,0.9,0.9,0.06,-0.9,-0.9
ENG-Premier League,1819,Tottenham,Davinson Sánchez,COL,DF,22.0,21.6,1,13,3,23.1,0.6,0.14,0.08,0.33,7.9,0,0,0,1.7,1.7,0.13,-0.7,-0.7
ENG-Premier League,1819,Tottenham,Dele Alli,ENG,MF,22.0,20.3,5,40,19,47.5,1.97,0.94,0.13,0.26,13.9,1,0,0,6.1,6.1,0.15,-1.1,-1.1
ENG-Premier League,1819,Tottenham,Eric Dier,ENG,"MF,DF",24.0,16.7,3,9,3,33.3,0.54,0.18,0.33,1.0,10.1,0,0,0,1.7,1.7,0.19,1.3,1.3
ENG-Premier League,1819,Tottenham,Fernando Llorente,ESP,FW,33.0,7.7,1,24,5,20.8,3.11,0.65,0.04,0.2,9.6,0,0,0,3.1,3.1,0.13,-2.1,-2.1
ENG-Premier League,1819,Tottenham,Georges-Kévin N'Koudou,FRA,FW,23.0,0.1,0,0,0,,0.0,0.0,,,,0,0,0,0.0,0.0,,0.0,0.0
ENG-Premier League,1819,Tottenham,Harry Kane,ENG,FW,25.0,26.9,17,97,42,43.3,3.6,1.56,0.13,0.31,16.2,4,4,4,13.9,10.9,0.11,3.1,2.1
ENG-Premier League,1819,Tottenham,Harry Winks,ENG,MF,22.0,17.7,1,9,2,22.2,0.51,0.11,0.11,0.5,20.8,0,0,0,0.7,0.7,0.08,0.3,0.3
ENG-Premier League,1819,Tottenham,Hugo Lloris,FRA,GK,31.0,33.0,0,0,0,,0.0,0.0,,,,0,0,0,0.0,0.0,,0.0,0.0
ENG-Premier League,1819,Tottenham,Jan Vertonghen,BEL,DF,31.0,21.2,1,16,2,12.5,0.75,0.09,0.06,0.5,18.4,0,0,0,1.8,1.8,0.12,-0.8,-0.8
ENG-Premier League,1819,Tottenham,Juan Foyth,ARG,DF,20.0,9.9,1,5,1,20.0,0.51,0.1,0.2,1.0,11.9,0,0,0,0.8,0.8,0.15,0.2,0.2
ENG-Premier League,1819,Tottenham,Kieran Trippier,ENG,DF,27.0,25.3,1,8,3,37.5,0.32,0.12,0.13,0.33,20.8,4,0,0,0.6,0.6,0.08,0.4,0.4
ENG-Premier League,1819,Tottenham,Kyle Walker-Peters,ENG,DF,21.0,4.2,0,2,0,0.0,0.48,0.0,0.0,,14.3,0,0,0,0.4,0.4,0.19,-0.4,-0.4
ENG-Premier League,1819,Tottenham,Lucas Moura,BRA,"FW,MF",25.0,23.6,10,45,20,44.4,1.91,0.85,0.22,0.5,16.8,0,0,0,5.6,5.6,0.12,4.4,4.4
ENG-Premier League,1819,Tottenham,Luke Amos,ENG,MF,21.0,0.0,0,0,0,,0.0,0.0,,,,0,0,0,0.0,0.0,,0.0,0.0
ENG-Premier League,1819,Tottenham,Michel Vorm,NED,GK,34.0,2.0,0,0,0,,0.0,0.0,,,,0,0,0,0.0,0.0,,0.0,0.0
ENG-Premier League,1819,Tottenham,Mousa Dembélé,BEL,MF,31.0,5.7,0,1,0,0.0,0.17,0.0,0.0,,26.0,0,0,0,0.0,0.0,0.04,0.0,0.0
ENG-Premier League,1819,Tottenham,Moussa Sissoko,FRA,MF,28.0,25.9,0,15,3,20.0,0.58,0.12,0.0,0.0,23.7,0,0,0,1.2,1.2,0.08,-1.2,-1.2
ENG-Premier League,1819,Tottenham,Oliver Skipp,ENG,MF,17.0,2.4,0,2,0,0.0,0.82,0.0,0.0,,14.2,0,0,0,0.1,0.1,0.03,-0.1,-0.1
ENG-Premier League,1819,Tottenham,Opponent Total,,,26.7,38.0,36,457,147,32.2,12.03,3.87,0.07,0.22,16.5,13,3,5,45.4,41.5,0.09,-9.4,-8.5
ENG-Premier League,1819,Tottenham,Paulo Gazzaniga,ARG,GK,26.0,3.0,0,0,0,,0.0,0.0,,,,0,0,0,0.0,0.0,,0.0,0.0
ENG-Premier League,1819,Tottenham,Serge Aurier,CIV,"DF,MF",25.0,6.3,0,4,1,25.0,0.64,0.16,0.0,0.0,16.9,0,0,0,0.1,0.1,0.03,-0.1,-0.1
ENG-Premier League,1819,Tottenham,Son Heung-min,KOR,"FW,MF",26.0,22.7,12,74,28,37.8,3.27,1.24,0.16,0.43,18.9,1,0,0,7.6,7.6,0.1,4.4,4.4
ENG-Premier League,1819,Tottenham,Squad Total,,,26.8,38.0,66,536,187,34.9,14.11,4.92,0.12,0.33,17.2,23,4,4,58.3,55.3,0.1,7.7,6.7
ENG-Premier League,1819,Tottenham,Toby Alderweireld,BEL,DF,29.0,32.5,0,18,6,33.3,0.55,0.18,0.0,0.0,12.7,0,0,0,1.5,1.5,0.08,-1.5,-1.5
ENG-Premier League,1819,Tottenham,Victor Wanyama,KEN,MF,27.0,5.7,1,7,2,28.6,1.22,0.35,0.14,0.5,18.5,0,0,0,1.0,1.0,0.14,0.0,0.0
ENG-Premier League,1819,Tottenham,Vincent Janssen,NED,FW,24.0,0.4,0,3,2,66.7,6.92,4.62,0.0,0.0,12.7,0,0,0,0.3,0.3,0.11,-0.3,-0.3
ENG-Premier League,1819,Tottenham,Érik Lamela,ARG,"FW,MF",26.0,10.8,4,29,11,37.9,2.68,1.02,0.14,0.36,15.7,1,0,0,3.3,3.3,0.11,0.7,0.7
ENG-Premier League,1819,Watford,Abdoulaye Doucouré,MLI,MF,25.0,34.0,5,52,16,30.8,1.53,0.47,0.1,0.31,16.6,0,0,0,6.0,6.0,0.12,-1.0,-1.0
ENG-Premier League,1819,Watford,Adam Masina,MAR,DF,24.0,11.2,0,3,0,0.0,0.27,0.0,0.0,,31.2,0,0,0,0.1,0.1,0.02,-0.1,-0.1
ENG-Premier League,1819,Watford,Adrian Mariappa,JAM,DF,31.0,21.4,0,8,1,12.5,0.37,0.05,0.0,0.0,8.5,0,0,0,0.9,0.9,0.12,-0.9,-0.9
ENG-Premier League,1819,Watford,Andre Gray,JAM,FW,27.0,15.2,7,36,15,41.7,2.37,0.99,0.19,0.47,13.8,0,0,0,5.9,5.9,0.17,1.1,1.1
ENG-Premier League,1819,Watford,Ben Foster,ENG,GK,35.0,38.0,0,1,0,0.0,0.03,0.0,0.0,,23.5,0,0,0,0.0,0.0,0.02,0.0,0.0
ENG-Premier League,1819,Watford,Ben Wilmot,ENG,"MF,DF",18.0,0.3,0,0,0,,0.0,0.0,,,,0,0,0,0.0,0.0,,0.0,0.0
ENG-Premier League,1819,Watford,Christian Kabasele,BEL,DF,27.0,17.6,0,6,1,16.7,0.34,0.06,0.0,0.0,7.2,0,0,0,0.7,0.7,0.12,-0.7,-0.7
ENG-Premier League,1819,Watford,Craig Cathcart,NIR,DF,29.0,34.4,3,14,5,35.7,0.41,0.15,0.21,0.6,9.4,0,0,0,1.6,1.6,0.11,1.4,1.4
ENG-Premier League,1819,Watford,Daryl Janmaat,NED,DF,29.0,16.9,0,11,1,9.1,0.65,0.06,0.0,0.0,20.9,0,0,0,0.4,0.4,0.04,-0.4,-0.4
ENG-Premier League,1819,Watford,Domingos Quina,POR,MF,18.0,3.8,1,5,1,20.0,1.33,0.27,0.2,1.0,24.1,0,0,0,0.2,0.2,0.05,0.8,0.8
ENG-Premier League,1819,Watford,Gerard Deulofeu,ESP,FW,24.0,23.0,10,60,22,36.7,2.61,0.96,0.17,0.45,16.4,6,0,0,8.0,8.0,0.13,2.0,2.0
ENG-Premier League,1819,Watford,Isaac Success,NGA,"FW,MF",22.0,11.7,1,27,10,37.0,2.31,0.86,0.04,0.1,16.8,0,0,0,2.4,2.4,0.09,-1.4,-1.4
ENG-Premier League,1819,Watford,José Holebas,GRE,DF,34.0,26.6,3,17,6,35.3,0.64,0.23,0.18,0.5,23.7,4,0,0,1.1,1.1,0.06,1.9,1.9
ENG-Premier League,1819,Watford,Ken Sema,SWE,"MF,FW",24.0,8.4,1,12,4,33.3,1.43,0.48,0.08,0.25,15.6,0,0,0,1.1,1.1,0.09,-0.1,-0.1
ENG-Premier League,1819,Watford,Kiko Femenía,ESP,DF,27.0,22.8,1,6,2,33.3,0.26,0.09,0.17,0.5,25.0,0,0,0,0.4,0.4,0.07,0.6,0.6
ENG-Premier League,1819,Watford,Marc Navarro,ESP,DF,23.0,0.9,0,0,0,,0.0,0.0,,,,0,0,0,0.0,0.0,,0.0,0.0
ENG-Premier League,1819,Watford,Miguel Britos,URU,DF,33.0,2.1,0,0,0,,0.0,0.0,,,,0,0,0,0.0,0.0,,0.0,0.0
ENG-Premier League,1819,Watford,Nathaniel Chalobah,ENG,MF,23.0,3.0,0,2,1,50.0,0.67,0.33,0.0,0.0,25.2,0,0,0,0.1,0.1,0.06,-0.1,-0.1
ENG-Premier League,1819,Watford,Opponent Total,,,26.8,38.0,56,482,171,35.5,12.68,4.5,0.11,0.3,16.3,18,4,5,54.9,51.1,0.11,1.1,0.9
ENG-Premier League,1819,Watford,Roberto Pereyra,ARG,MF,27.0,31.3,6,57,21,36.8,1.82,0.67,0.11,0.29,16.6,6,0,0,5.5,5.5,0.1,0.5,0.5
ENG-Premier League,1819,Watford,Sebastian Prödl,AUT,DF,31.0,0.1,0,0,0,,0.0,0.0,,,,0,0,0,0.0,0.0,,0.0,0.0
ENG-Premier League,1819,Watford,Squad Total,,,28.5,38.0,51,434,149,34.3,11.42,3.92,0.12,0.34,16.6,22,1,1,47.6,46.8,0.11,3.4,3.2
ENG-Premier League,1819,Watford,Stefano Okaka,ITA,"MF,FW",28.0,0.3,0,2,0,0.0,7.5,0.0,0.0,,11.1,0,0,0,0.2,0.2,0.1,-0.2,-0.2
ENG-Premier League,1819,Watford,Tom Cleverley,ENG,MF,28.0,5.3,1,4,2,50.0,0.75,0.38,0.25,0.5,20.3,1,0,0,0.2,0.2,0.06,0.8,0.8
ENG-Premier League,1819,Watford,Troy Deeney,ENG,FW,30.0,28.3,9,62,29,46.8,2.19,1.03,0.13,0.28,13.8,0,1,1,9.7,8.9,0.14,-0.7,-0.9
ENG-Premier League,1819,Watford,Will Hughes,ENG,"MF,FW",23.0,26.9,2,31,8,25.8,1.15,0.3,0.06,0.25,16.6,0,0,0,2.4,2.4,0.08,-0.4,-0.4
ENG-Premier League,1819,Watford,Étienne Capoue,FRA,MF,30.0,32.7,1,18,4,22.2,0.55,0.12,0.06,0.25,26.6,5,0,0,1.1,1.1,0.06,-0.1,-0.1
ENG-Premier League,1819,West Ham,Aaron Cresswell,ENG,DF,28.0,17.7,0,11,0,0.0,0.62,0.0,0.0,,23.6,2,0,0,0.4,0.4,0.04,-0.4,-0.4
ENG-Premier League,1819,West Ham,Andriy Yarmolenko,UKR,"MF,FW",28.0,5.1,2,9,3,33.3,1.76,0.59,0.22,0.67,16.0,0,0,0,1.1,1.1,0.12,0.9,0.9
ENG-Premier League,1819,West Ham,Andy Carroll,ENG,FW,29.0,5.1,0,14,6,42.9,2.73,1.17,0.0,0.0,11.3,0,0,0,1.4,1.4,0.1,-1.4,-1.4
ENG-Premier League,1819,West Ham,Angelo Ogbonna,ITA,DF,30.0,20.8,1,13,5,38.5,0.62,0.24,0.08,0.2,8.8,0,0,0,1.3,1.3,0.1,-0.3,-0.3
ENG-Premier League,1819,West Ham,Arthur Masuaku,COD,DF,24.0,19.5,0,4,1,25.0,0.2,0.05,0.0,0.0,27.6,0,0,0,0.1,0.1,0.02,-0.1,-0.1
ENG-Premier League,1819,West Ham,Ben Johnson,ENG,DF,18.0,0.7,0,0,0,,0.0,0.0,,,,0,0,0,0.0,0.0,,0.0,0.0
ENG-Premier League,1819,West Ham,Carlos Sánchez,COL,MF,32.0,2.7,0,3,0,0.0,1.1,0.0,0.0,,25.9,0,0,0,0.1,0.1,0.03,-0.1,-0.1
ENG-Premier League,1819,West Ham,Declan Rice,ENG,MF,19.0,33.4,2,23,5,21.7,0.69,0.15,0.09,0.4,17.3,0,0,0,1.1,1.1,0.05,0.9,0.9
ENG-Premier League,1819,West Ham,Fabián Balbuena,PAR,DF,26.0,22.4,1,18,2,11.1,0.8,0.09,0.06,0.5,8.2,0,0,0,1.7,1.7,0.1,-0.7,-0.7
ENG-Premier League,1819,West Ham,Felipe Anderson,BRA,"MF,FW",25.0,33.8,9,59,24,40.7,1.74,0.71,0.15,0.38,18.5,5,0,0,4.9,4.9,0.08,4.1,4.1
ENG-Premier League,1819,West Ham,Grady Diangana,ENG,"MF,FW",20.0,6.8,0,10,3,30.0,1.48,0.44,0.0,0.0,16.5,0,0,0,0.7,0.7,0.07,-0.7,-0.7
ENG-Premier League,1819,West Ham,Issa Diop,FRA,DF,21.0,33.0,1,14,4,28.6,0.42,0.12,0.07,0.25,8.8,0,0,0,1.1,1.1,0.08,-0.1,-0.1
ENG-Premier League,1819,West Ham,Jack Wilshere,ENG,MF,26.0,4.4,0,3,1,33.3,0.69,0.23,0.0,0.0,14.9,0,0,0,0.3,0.3,0.1,-0.3,-0.3
ENG-Premier League,1819,West Ham,Javier Hernández,MEX,FW,30.0,14.8,7,36,16,44.4,2.43,1.08,0.19,0.44,12.2,0,0,0,5.6,5.6,0.16,1.4,1.4
ENG-Premier League,1819,West Ham,Lucas Pérez,ESP,FW,29.0,5.3,3,9,3,33.3,1.71,0.57,0.33,1.0,12.5,0,0,0,1.9,1.9,0.21,1.1,1.1
ENG-Premier League,1819,West Ham,Manuel Lanzini,ARG,MF,25.0,7.6,1,11,4,36.4,1.44,0.52,0.09,0.25,19.0,3,0,0,1.3,1.3,0.12,-0.3,-0.3
ENG-Premier League,1819,West Ham,Mark Noble,ENG,MF,31.0,25.5,5,13,5,38.5,0.51,0.2,0.08,0.2,27.7,0,4,4,3.8,0.8,0.06,1.2,0.2
ENG-Premier League,1819,West Ham,Marko Arnautović,AUT,FW,29.0,22.1,10,61,30,49.2,2.76,1.36,0.15,0.3,17.1,3,1,1,9.7,9.0,0.15,0.3,0.0
ENG-Premier League,1819,West Ham,Michail Antonio,JAM,"FW,MF",28.0,23.4,6,65,25,38.5,2.78,1.07,0.09,0.24,15.7,0,0,0,7.0,7.0,0.11,-1.0,-1.0
ENG-Premier League,1819,West Ham,Opponent Total,,,26.7,38.0,54,518,192,37.1,13.63,5.05,0.1,0.26,16.4,19,4,5,61.3,57.5,0.12,-7.3,-7.5
ENG-Premier League,1819,West Ham,Pablo Zabaleta,ARG,DF,33.0,23.2,0,7,1,14.3,0.3,0.04,0.0,0.0,24.0,0,0,0,0.1,0.1,0.02,-0.1,-0.1
ENG-Premier League,1819,West Ham,Pedro Obiang,EQG,MF,26.0,12.5,0,16,1,6.3,1.28,0.08,0.0,0.0,21.9,0,0,0,0.5,0.5,0.03,-0.5,-0.5
ENG-Premier League,1819,West Ham,Robert Snodgrass,SCO,MF,30.0,24.7,2,30,7,23.3,1.22,0.28,0.07,0.29,19.1,4,0,0,2.4,2.4,0.08,-0.4,-0.4
ENG-Premier League,1819,West Ham,Ryan Fredericks,ENG,DF,25.0,12.1,1,5,2,40.0,0.41,0.17,0.2,0.5,20.0,0,0,0,0.5,0.5,0.09,0.5,0.5
ENG-Premier League,1819,West Ham,Samir Nasri,FRA,MF,31.0,2.7,0,3,0,0.0,1.1,0.0,0.0,,19.5,0,0,0,0.1,0.1,0.05,-0.1,-0.1
ENG-Premier League,1819,West Ham,Squad Total,,,27.6,38.0,51,439,148,33.7,11.55,3.89,0.1,0.31,16.6,17,5,5,46.9,43.2,0.1,4.1,2.8
ENG-Premier League,1819,West Ham,Xande Silva,POR,MF,21.0,0.2,0,2,0,0.0,10.0,0.0,0.0,,14.7,0,0,0,0.1,0.1,0.04,-0.1,-0.1
ENG-Premier League,1819,West Ham,Łukasz Fabiański,POL,GK,33.0,38.0,0,0,0,,0.0,0.0,,,,0,0,0,0.0,0.0,,0.0,0.0
ENG-Premier League,1819,Wolves,Adama Traoré,ESP,"FW,DF",22.0,10.0,1,19,7,36.8,1.9,0.7,0.05,0.14,18.5,0,0,0,1.1,1.1,0.06,-0.1,-0.1
ENG-Premier League,1819,Wolves,Conor Coady,ENG,DF,25.0,38.0,0,1,0,0.0,0.03,0.0,0.0,,11.7,0,0,0,0.0,0.0,0.01,0.0,0.0
ENG-Premier League,1819,Wolves,Diogo Jota,POR,"FW,MF",21.0,26.2,9,58,23,39.7,2.22,0.88,0.16,0.39,13.8,0,0,0,8.3,8.3,0.14,0.7,0.7
ENG-Premier League,1819,Wolves,Hélder Costa,ANG,"FW,MF",24.0,14.9,1,25,7,28.0,1.68,0.47,0.04,0.14,19.0,0,0,0,2.2,2.2,0.09,-1.2,-1.2
ENG-Premier League,1819,Wolves,Ivan Cavaleiro,POR,FW,24.0,7.7,3,12,4,33.3,1.56,0.52,0.25,0.75,15.6,0,0,0,2.5,2.5,0.21,0.5,0.5
ENG-Premier League,1819,Wolves,John Ruddy,ENG,GK,31.0,1.0,0,0,0,,0.0,0.0,,,,0,0,0,0.0,0.0,,0.0,0.0
ENG-Premier League,1819,Wolves,Jonny Castro,ESP,DF,24.0,30.8,1,25,7,28.0,0.81,0.23,0.04,0.14,19.8,0,0,0,1.6,1.6,0.07,-0.6,-0.6
ENG-Premier League,1819,Wolves,João Moutinho,POR,MF,31.0,33.7,1,19,3,15.8,0.56,0.09,0.05,0.33,25.4,1,0,0,0.6,0.6,0.03,0.4,0.4
ENG-Premier League,1819,Wolves,Leander Dendoncker,BEL,MF,23.0,16.3,2,16,9,56.3,0.98,0.55,0.13,0.22,12.3,0,0,0,2.5,2.5,0.16,-0.5,-0.5
ENG-Premier League,1819,Wolves,Léo Bonatini,BRA,FW,24.0,1.5,0,8,1,12.5,5.33,0.67,0.0,0.0,12.4,0,0,0,1.4,1.4,0.17,-1.4,-1.4
ENG-Premier League,1819,Wolves,Matt Doherty,IRL,DF,26.0,34.9,4,46,16,34.8,1.32,0.46,0.09,0.25,12.5,0,0,0,5.2,5.2,0.11,-1.2,-1.2
ENG-Premier League,1819,Wolves,Max Kilman,ENG,DF,21.0,0.0,0,0,0,,0.0,0.0,,,,0,0,0,0.0,0.0,,0.0,0.0
ENG-Premier League,1819,Wolves,Morgan Gibbs-White,ENG,"MF,FW",18.0,7.4,0,8,1,12.5,1.09,0.14,0.0,0.0,18.4,0,0,0,0.9,0.9,0.12,-0.9,-0.9
ENG-Premier League,1819,Wolves,Opponent Total,,,26.8,38.0,42,458,139,30.3,12.05,3.66,0.09,0.28,18.3,19,3,4,39.2,36.2,0.08,2.8,2.8
ENG-Premier League,1819,Wolves,Raúl Jiménez,MEX,FW,27.0,34.6,13,112,31,27.7,3.24,0.9,0.1,0.35,14.2,0,2,2,13.8,12.3,0.11,-0.8,-1.3
ENG-Premier League,1819,Wolves,Romain Saïss,MAR,"MF,DF",28.0,12.8,2,11,5,45.5,0.86,0.39,0.18,0.4,18.3,0,0,0,1.8,1.8,0.16,0.2,0.2
ENG-Premier League,1819,Wolves,Rui Patrício,POR,GK,30.0,37.0,0,0,0,,0.0,0.0,,,,0,0,0,0.0,0.0,,0.0,0.0
ENG-Premier League,1819,Wolves,Ryan Bennett,ENG,DF,28.0,34.0,1,15,3,20.0,0.44,0.09,0.07,0.33,10.8,0,0,0,1.0,1.0,0.07,0.0,0.0
ENG-Premier League,1819,Wolves,Rúben Neves,POR,MF,21.0,33.4,4,71,14,19.7,2.13,0.42,0.03,0.14,28.7,11,2,2,3.4,1.9,0.03,0.6,0.1
ENG-Premier League,1819,Wolves,Rúben Vinagre,POR,DF,19.0,7.9,0,4,2,50.0,0.51,0.25,0.0,0.0,19.6,0,0,0,0.3,0.3,0.07,-0.3,-0.3
ENG-Premier League,1819,Wolves,Squad Total,,,26.1,38.0,46,471,139,29.5,12.39,3.66,0.09,0.3,17.2,12,4,4,48.7,45.7,0.1,-2.7,-3.7
ENG-Premier League,1819,Wolves,Will Norris,ENG,GK,24.0,0.0,0,0,0,,0.0,0.0,,,,0,0,0,0.0,0.0,,0.0,0.0
ENG-Premier League,1819,Wolves,Willy Boly,CIV,DF,27.0,35.2,4,21,6,28.6,0.6,0.17,0.19,0.67,10.1,0,0,0,2.7,2.7,0.13,1.3,1.3
