,,,,Nation,Pos,Age,90s,Att,Pass Types,Pass Types,Pass Types,Pass Types,Pass Types,Pass Types,Pass Types,Pass Types,Corner Kicks,Corner Kicks,Corner Kicks,Height,Height,Height,Body Parts,Body Parts,Body Parts,Body Parts,Body Parts,Outcomes,Outcomes,Outcomes,Outcomes,Outcomes
,,,,,,,,,Live,Dead,FK,TB,Press,Sw,Crs,CK,In,Out,Str,Ground,Low,High,Left,Right,Head,TI,Other,Cmp,Off,Out,Int,Blocks
league,season,team,player,,,,,,,,,,,,,,,,,,,,,,,,,,,,,
ENG-Premier League,1920,Arsenal,Ainsley Maitland-Niles,ENG,DF,21.0,15.4,999,816,183,18,0,159,14,20,0,0,0,0,630,231,138,128,673,21,165,6,825,1,24,24,31
ENG-Premier League,1920,Arsenal,Alexandre Lacazette,FRA,FW,28.0,20.8,499,458,41,1,4,125,9,17,0,0,0,0,337,98,64,73,405,9,0,4,387,0,14,10,24
ENG-Premier League,1920,Arsenal,Bernd Leno,GER,GK,27.0,29.4,990,680,310,59,0,127,22,0,0,0,0,0,612,52,326,153,631,4,0,174,742,5,22,3,1
ENG-Premier League,1920,Arsenal,Bukayo Saka,ENG,"DF,FW",17.0,19.5,844,718,126,13,2,176,19,45,11,3,4,3,529,178,137,575,144,16,102,0,659,4,20,20,37
ENG-Premier League,1920,Arsenal,Calum Chambers,ENG,DF,24.0,12.2,865,773,92,8,0,159,15,27,0,0,0,0,594,144,127,54,684,27,83,1,702,1,10,9,31
ENG-Premier League,1920,Arsenal,Cédric Soares,POR,DF,27.0,2.8,133,112,21,3,0,16,6,17,0,0,0,0,66,29,38,19,83,10,18,1,94,0,1,1,7
ENG-Premier League,1920,Arsenal,Dani Ceballos,ESP,MF,22.0,18.8,1301,1199,102,35,4,200,54,22,63,12,19,9,949,149,203,73,1198,16,4,3,1096,3,17,19,36
ENG-Premier League,1920,Arsenal,David Luiz,BRA,DF,32.0,31.2,1713,1611,102,98,6,251,72,5,0,0,0,0,1235,161,317,409,1228,48,4,10,1481,7,31,9,14
ENG-Premier League,1920,Arsenal,Eddie Nketiah,ENG,FW,20.0,7.0,140,129,11,0,0,22,0,3,0,0,0,0,111,17,12,22,109,6,0,1,111,0,2,3,7
ENG-Premier League,1920,Arsenal,Emile Smith Rowe,ENG,MF,19.0,1.1,36,36,0,0,0,8,1,1,0,0,0,0,27,6,3,3,32,1,0,0,30,0,1,1,1
ENG-Premier League,1920,Arsenal,Emiliano Martínez,ARG,GK,26.0,8.6,293,211,82,21,1,30,7,0,0,0,0,0,171,10,112,33,190,1,0,46,212,0,14,0,1
ENG-Premier League,1920,Arsenal,Granit Xhaka,SUI,MF,26.0,28.7,1886,1822,64,52,3,379,76,13,0,0,0,0,1330,288,268,1477,281,80,12,4,1656,8,21,24,26
ENG-Premier League,1920,Arsenal,Henrikh Mkhitaryan,ARM,FW,30.0,1.2,77,73,4,1,2,13,3,3,2,0,2,0,62,6,9,20,52,2,1,0,58,2,3,0,5
ENG-Premier League,1920,Arsenal,Héctor Bellerín,ESP,DF,24.0,12.9,686,557,129,16,2,98,5,22,0,0,0,0,420,159,107,50,488,26,113,0,558,2,8,11,29
ENG-Premier League,1920,Arsenal,Joe Willock,ENG,"MF,FW",19.0,9.5,368,358,10,1,0,72,8,12,6,1,0,0,272,46,50,42,301,14,2,4,299,5,6,6,8
ENG-Premier League,1920,Arsenal,Kieran Tierney,SCO,DF,22.0,11.0,544,457,87,7,1,76,12,36,0,0,0,0,304,111,129,379,50,30,80,0,414,3,16,4,21
ENG-Premier League,1920,Arsenal,Lucas Torreira,URU,MF,23.0,16.8,906,867,39,25,1,182,10,5,12,3,3,3,616,147,143,87,749,59,2,2,793,2,7,10,17
ENG-Premier League,1920,Arsenal,Martinelli,BRA,FW,18.0,7.4,138,136,2,1,1,41,1,16,0,0,0,0,78,32,28,23,102,7,1,1,86,0,0,5,13
ENG-Premier League,1920,Arsenal,Mattéo Guendouzi,FRA,MF,20.0,19.4,1144,1108,36,26,3,224,29,6,1,0,0,0,929,112,103,62,1032,34,8,5,1018,3,6,18,32
ENG-Premier League,1920,Arsenal,Mesut Özil,GER,MF,30.0,16.0,891,801,90,30,0,181,17,19,57,15,22,13,644,116,131,778,94,10,0,7,754,5,5,12,22
ENG-Premier League,1920,Arsenal,Nacho Monreal,ESP,DF,33.0,3.0,201,175,26,1,0,41,1,3,0,0,0,0,145,38,18,162,11,1,25,1,182,1,0,1,5
ENG-Premier League,1920,Arsenal,Nicolas Pépé,CIV,FW,24.0,22.3,803,722,81,11,3,177,32,59,63,26,19,8,576,81,146,683,79,20,7,3,616,1,14,11,36
ENG-Premier League,1920,Arsenal,Opponent Total,,,26.6,38.0,17221,15434,1787,466,26,3279,568,501,230,78,68,38,10876,2610,3735,4693,10474,676,739,230,13754,43,316,236,458
ENG-Premier League,1920,Arsenal,Pablo Marí,ESP,DF,25.0,1.3,91,90,1,1,0,4,3,0,0,0,0,0,61,15,15,80,9,2,0,0,81,0,2,0,1
ENG-Premier League,1920,Arsenal,Pierre-Emerick Aubameyang,GAB,FW,30.0,34.8,888,856,32,0,1,243,10,84,2,0,0,0,558,173,157,99,735,23,2,3,612,2,23,23,50
ENG-Premier League,1920,Arsenal,Reiss Nelson,ENG,FW,19.0,7.0,234,214,20,4,1,51,9,12,14,6,6,0,164,35,35,31,198,3,1,1,186,0,2,8,9
ENG-Premier League,1920,Arsenal,Rob Holding,ENG,DF,23.0,6.5,338,329,9,8,1,39,12,1,0,0,0,0,269,20,49,41,275,14,1,0,292,2,10,3,2
ENG-Premier League,1920,Arsenal,Sead Kolašinac,BIH,DF,26.0,18.9,1031,917,114,3,0,157,10,29,0,0,0,0,703,154,174,739,104,59,111,3,869,4,17,14,25
ENG-Premier League,1920,Arsenal,Shkodran Mustafi,GER,DF,27.0,13.4,790,773,17,16,0,109,29,0,0,0,0,0,592,66,132,33,682,48,1,4,663,0,15,4,14
ENG-Premier League,1920,Arsenal,Sokratis Papastathopoulos,GRE,DF,31.0,18.8,973,932,41,31,0,150,42,1,0,0,0,0,748,103,122,34,893,17,10,2,873,2,10,5,7
ENG-Premier League,1920,Arsenal,Squad Total,,,25.8,38.0,19802,17930,1872,490,36,3510,528,478,231,66,75,36,13732,2777,3293,6362,11512,608,753,286,16349,63,321,258,512
ENG-Premier League,1920,Aston Villa,Ahmed Elmohamady,EGY,DF,31.0,11.5,633,533,100,6,0,101,12,50,0,0,0,0,304,136,193,7,482,30,94,1,484,3,9,18,14
ENG-Premier League,1920,Aston Villa,Anwar El Ghazi,NED,"FW,MF",24.0,22.8,615,574,41,3,0,154,30,68,17,7,5,0,331,134,150,95,450,29,16,4,402,4,28,9,47
ENG-Premier League,1920,Aston Villa,Björn Engels,BEL,DF,24.0,16.1,605,586,19,17,0,91,29,3,0,0,0,0,399,68,138,53,491,31,2,1,503,2,9,5,4
ENG-Premier League,1920,Aston Villa,Borja Bastón,ESP,"MF,FW",26.0,0.2,5,5,0,0,0,2,0,0,0,0,0,0,2,1,2,0,4,0,0,0,4,0,0,0,0
ENG-Premier League,1920,Aston Villa,Conor Hourihane,IRL,MF,28.0,17.0,721,564,157,72,2,89,36,45,55,22,19,0,455,101,165,626,55,18,11,2,542,2,15,12,23
ENG-Premier League,1920,Aston Villa,Danny Drinkwater,ENG,MF,29.0,2.9,167,163,4,4,0,32,7,1,0,0,0,0,96,44,27,35,126,3,0,0,136,0,5,2,6
ENG-Premier League,1920,Aston Villa,Douglas Luiz,BRA,MF,21.0,29.0,1216,1151,65,44,2,177,58,17,3,0,1,0,696,246,274,123,979,70,6,13,984,2,28,14,12
ENG-Premier League,1920,Aston Villa,Ezri Konsa,ENG,DF,21.0,22.7,853,748,105,18,0,117,18,8,0,0,0,0,498,138,217,83,600,44,87,5,674,0,20,10,15
ENG-Premier League,1920,Aston Villa,Frederic Guilbert,FRA,DF,24.0,22.7,1026,807,219,13,1,139,26,64,1,0,0,0,439,225,362,94,629,68,205,7,687,8,35,18,51
ENG-Premier League,1920,Aston Villa,Henri Lansbury,ENG,"MF,FW",28.0,2.2,81,80,1,0,0,15,6,2,0,0,0,0,46,15,20,7,62,10,0,1,60,0,3,1,3
ENG-Premier League,1920,Aston Villa,Indiana Vassilev,USA,"FW,MF",18.0,0.6,11,10,1,0,0,5,0,0,0,0,0,0,9,0,2,6,3,1,1,0,8,0,0,1,1
ENG-Premier League,1920,Aston Villa,Jack Grealish,ENG,"FW,MF",23.0,35.9,1538,1335,203,74,5,345,83,67,78,48,6,9,1071,214,253,103,1363,20,30,7,1217,5,24,27,50
ENG-Premier League,1920,Aston Villa,Jed Steer,ENG,GK,26.0,0.1,2,1,1,0,0,0,0,0,0,0,0,0,1,0,1,2,0,0,0,0,1,0,0,0,0
ENG-Premier League,1920,Aston Villa,John McGinn,SCO,MF,24.0,25.7,772,700,72,30,3,168,74,42,25,16,4,2,446,113,213,550,174,25,4,4,584,7,17,10,23
ENG-Premier League,1920,Aston Villa,Jonathan Kodjia,CIV,"FW,MF",29.0,1.3,30,24,6,0,0,7,0,0,0,0,0,0,21,4,5,2,24,1,0,0,19,0,1,1,1
ENG-Premier League,1920,Aston Villa,Jota,ESP,"FW,MF",28.0,3.7,98,93,5,2,3,24,1,1,1,1,0,0,63,14,21,83,10,3,2,0,73,1,1,2,2
ENG-Premier League,1920,Aston Villa,Keinan Davis,ENG,FW,21.0,6.1,142,136,6,0,0,57,0,2,0,0,0,0,101,22,19,98,20,6,1,2,107,0,3,1,5
ENG-Premier League,1920,Aston Villa,Kortney Hause,ENG,DF,24.0,17.2,789,743,46,25,0,141,26,0,0,0,0,0,418,125,246,569,77,61,21,1,591,4,20,12,15
ENG-Premier League,1920,Aston Villa,Marvelous Nakamba,ZIM,MF,25.0,20.4,792,768,24,20,0,172,17,1,0,0,0,0,600,102,90,636,103,34,3,2,669,2,15,13,11
ENG-Premier League,1920,Aston Villa,Matt Targett,ENG,DF,23.0,25.5,1219,978,241,33,0,219,34,55,10,7,0,2,605,290,324,789,133,77,198,5,894,4,25,18,41
ENG-Premier League,1920,Aston Villa,Mbwana Samatta,TAN,FW,26.0,10.5,179,171,8,0,1,52,1,3,0,0,0,0,94,36,49,22,103,21,1,6,127,0,4,3,6
ENG-Premier League,1920,Aston Villa,Neil Taylor,WAL,DF,30.0,12.1,513,414,99,6,0,94,4,9,0,0,0,0,286,128,99,276,123,16,93,0,410,2,9,5,14
ENG-Premier League,1920,Aston Villa,Opponent Total,,,26.6,38.0,19746,17868,1878,481,43,3234,640,577,242,91,106,6,12624,3047,4075,4952,12469,719,801,277,15965,36,322,248,517
ENG-Premier League,1920,Aston Villa,Pepe Reina,ESP,GK,36.0,12.0,395,254,141,48,0,47,16,0,0,0,0,0,139,28,228,33,290,0,0,47,272,3,13,1,0
ENG-Premier League,1920,Aston Villa,Squad Total,,,25.7,38.0,15353,13360,1993,558,20,2717,590,492,200,106,37,13,8757,2527,4069,5444,7695,697,788,253,11530,60,379,218,402
ENG-Premier League,1920,Aston Villa,Tom Heaton,ENG,GK,33.0,19.9,614,342,272,76,0,62,17,0,0,0,0,0,210,22,382,28,461,1,0,95,350,2,22,1,0
ENG-Premier League,1920,Aston Villa,Trézéguet,EGY,"FW,MF",24.0,21.7,445,425,20,2,1,90,22,41,10,5,2,0,254,86,105,22,361,28,8,9,295,2,17,11,23
ENG-Premier League,1920,Aston Villa,Tyrone Mings,ENG,DF,26.0,32.2,1333,1283,50,47,2,193,58,6,0,0,0,0,890,128,315,1071,157,67,3,3,1055,3,42,16,23
ENG-Premier League,1920,Aston Villa,Wesley Moraes,BRA,FW,22.0,19.8,377,361,16,0,0,115,12,7,0,0,0,0,221,94,62,16,282,33,2,10,277,3,6,6,11
ENG-Premier League,1920,Aston Villa,Ørjan Nyland,NOR,GK,28.0,6.0,182,111,71,18,0,9,3,0,0,0,0,0,62,13,107,15,133,0,0,28,105,1,8,1,1
ENG-Premier League,1920,Bournemouth,Aaron Ramsdale,ENG,GK,21.0,37.0,1124,702,422,133,1,107,32,0,0,0,0,0,423,50,651,57,813,1,0,184,648,4,46,3,5
ENG-Premier League,1920,Bournemouth,Adam Smith,ENG,DF,28.0,22.8,1061,856,205,21,1,178,13,21,1,1,0,0,597,201,263,67,734,50,183,2,845,3,22,13,38
ENG-Premier League,1920,Bournemouth,Andrew Surman,ENG,MF,32.0,2.6,127,118,9,7,0,20,7,1,2,1,1,0,69,29,29,95,13,15,0,0,102,0,2,1,1
ENG-Premier League,1920,Bournemouth,Arnaut Groeneveld,NED,MF,22.0,7.0,227,221,6,1,0,63,5,6,3,2,1,0,160,41,26,30,184,10,2,0,181,1,4,5,14
ENG-Premier League,1920,Bournemouth,Callum Wilson,ENG,FW,27.0,32.3,535,508,27,0,5,163,9,31,0,0,0,0,277,164,94,58,385,33,1,17,345,2,8,9,47
ENG-Premier League,1920,Bournemouth,Charlie Daniels,ENG,DF,32.0,1.4,49,39,10,4,0,6,4,3,0,0,0,0,25,9,15,42,1,0,6,0,35,2,4,0,0
ENG-Premier League,1920,Bournemouth,Chris Mepham,WAL,DF,21.0,10.1,483,475,8,8,0,85,13,0,0,0,0,0,363,37,83,55,377,29,0,4,414,1,12,4,4
ENG-Premier League,1920,Bournemouth,Dan Gosling,ENG,MF,29.0,14.0,510,500,10,4,0,124,6,3,0,0,0,0,325,111,74,50,415,26,1,2,405,1,12,10,21
ENG-Premier League,1920,Bournemouth,David Brooks,WAL,MF,22.0,5.6,179,157,22,3,1,21,7,14,12,6,4,0,93,49,37,132,44,2,1,0,121,1,5,2,8
ENG-Premier League,1920,Bournemouth,Diego Rico,ESP,DF,26.0,25.9,1483,1103,380,61,4,206,38,77,72,36,23,6,643,368,472,1060,70,84,247,2,1012,5,40,35,63
ENG-Premier League,1920,Bournemouth,Dominic Solanke,ENG,"FW,MF",21.0,18.3,429,404,25,1,0,136,3,9,0,0,0,0,268,94,67,40,307,37,1,9,317,1,6,9,19
ENG-Premier League,1920,Bournemouth,Harry Wilson,WAL,"MF,FW",22.0,18.3,609,552,57,10,7,134,30,22,20,12,0,1,368,119,122,511,61,20,9,3,454,0,11,18,34
ENG-Premier League,1920,Bournemouth,Jack Simpson,ENG,DF,22.0,2.7,100,86,14,0,0,17,3,0,0,0,0,0,53,27,20,68,15,1,14,0,70,1,8,3,3
ENG-Premier League,1920,Bournemouth,Jack Stacey,ENG,DF,23.0,17.2,780,625,155,6,0,156,8,16,1,1,0,0,373,191,216,65,497,54,148,1,560,3,13,19,37
ENG-Premier League,1920,Bournemouth,Jefferson Lerma,COL,MF,24.0,30.0,1377,1348,29,24,0,279,40,3,0,0,0,0,816,246,315,143,1080,110,5,2,1092,4,34,22,24
ENG-Premier League,1920,Bournemouth,Jordon Ibe,ENG,DF,23.0,0.6,22,18,4,1,0,4,1,1,1,0,1,0,13,3,6,5,13,2,2,0,17,0,0,0,2
ENG-Premier League,1920,Bournemouth,Joshua King,NOR,"FW,MF",27.0,22.3,498,485,13,1,4,145,5,25,1,0,0,0,324,103,71,47,396,17,2,6,362,2,9,14,31
ENG-Premier League,1920,Bournemouth,Junior Stanislas,ENG,"MF,DF",29.0,7.9,310,275,35,12,1,63,11,13,16,8,5,1,190,61,59,26,263,4,6,2,222,1,7,4,16
ENG-Premier League,1920,Bournemouth,Lewis Cook,ENG,MF,22.0,15.0,719,698,21,12,5,131,18,9,1,0,0,0,434,161,124,41,633,24,7,1,560,5,11,14,24
ENG-Premier League,1920,Bournemouth,Lloyd Kelly,ENG,DF,20.0,7.1,231,194,37,6,0,29,0,10,0,0,0,0,129,36,66,161,14,19,31,0,168,1,6,2,7
ENG-Premier League,1920,Bournemouth,Mark Travers,IRL,GK,20.0,1.0,32,23,9,1,0,4,0,0,0,0,0,0,16,3,13,3,24,0,0,5,23,0,1,0,0
ENG-Premier League,1920,Bournemouth,Nathan Aké,NED,DF,24.0,27.8,1183,1130,53,33,1,148,15,2,0,0,0,0,852,134,197,840,209,92,20,1,1042,2,11,6,13
ENG-Premier League,1920,Bournemouth,Opponent Total,,,26.8,38.0,20747,18911,1836,413,48,3933,577,486,251,105,88,22,13163,3323,4261,5322,13060,760,844,222,16584,69,331,274,528
ENG-Premier League,1920,Bournemouth,Philip Billing,DEN,MF,23.0,28.1,1179,1120,59,20,4,283,20,18,0,0,0,0,700,218,261,828,130,100,39,5,878,5,41,19,29
ENG-Premier League,1920,Bournemouth,Ryan Fraser,SCO,"MF,FW",25.0,23.0,950,818,132,35,9,203,29,98,64,25,20,8,516,180,254,195,697,27,19,5,648,4,18,16,38
ENG-Premier League,1920,Bournemouth,Sam Surridge,ENG,"FW,MF",21.0,0.3,10,10,0,0,1,4,0,1,0,0,0,0,4,2,4,1,4,2,0,0,4,1,0,0,0
ENG-Premier League,1920,Bournemouth,Simon Francis,ENG,DF,34.0,10.8,544,504,40,11,1,123,18,13,0,0,0,0,272,126,146,48,403,34,29,2,425,0,10,9,6
ENG-Premier League,1920,Bournemouth,Squad Total,,,25.2,38.0,15973,14132,1841,456,47,3010,356,399,194,92,55,16,9058,2918,3997,4711,8799,888,791,253,11943,54,363,244,496
ENG-Premier League,1920,Bournemouth,Steve Cook,ENG,DF,28.0,27.0,1222,1163,59,41,2,178,21,3,0,0,0,0,755,155,312,43,1017,95,18,0,993,4,22,7,12
ENG-Premier League,1920,Brighton,Aaron Connolly,IRL,FW,19.0,14.0,163,148,15,0,1,50,0,7,0,0,0,0,90,52,21,27,107,13,1,6,126,0,1,4,10
ENG-Premier League,1920,Brighton,Aaron Mooy,AUS,"MF,FW",28.0,23.2,1075,992,83,23,4,229,47,53,53,23,21,7,674,180,221,184,850,24,6,3,825,7,14,19,43
ENG-Premier League,1920,Brighton,Adam Webster,ENG,DF,24.0,29.6,1824,1740,84,52,1,298,47,9,0,0,0,0,1269,241,314,333,1298,105,31,5,1547,5,26,19,17
ENG-Premier League,1920,Brighton,Alexis Mac Allister,ARG,"MF,FW",20.0,3.9,130,99,31,10,0,27,3,9,17,8,6,1,72,26,32,15,107,4,0,0,84,0,3,2,4
ENG-Premier League,1920,Brighton,Alireza Jahanbakhsh,IRN,"FW,MF",25.0,3.5,140,136,4,0,0,21,2,20,1,0,0,0,87,31,22,16,116,4,3,1,84,0,5,4,10
ENG-Premier League,1920,Brighton,Bernardo,BRA,DF,24.0,7.5,383,332,51,1,0,81,1,14,0,0,0,0,199,92,92,254,32,25,50,2,286,0,12,9,14
ENG-Premier League,1920,Brighton,Dale Stephens,ENG,MF,30.0,28.1,1641,1624,17,12,4,297,57,5,0,0,0,0,1100,284,257,175,1376,63,4,6,1421,4,24,26,25
ENG-Premier League,1920,Brighton,Dan Burn,ENG,DF,27.0,32.0,1841,1565,276,12,1,344,21,40,1,0,0,1,999,367,475,1211,162,111,263,2,1389,4,43,22,62
ENG-Premier League,1920,Brighton,Davy Pröpper,NED,MF,27.0,31.4,1785,1760,25,18,6,323,34,28,0,0,0,0,1295,272,218,147,1548,64,4,7,1483,6,37,40,47
ENG-Premier League,1920,Brighton,Ezequiel Schelotto,ITA,DF,30.0,4.0,169,129,40,1,0,31,3,14,0,0,0,0,71,57,41,12,105,8,39,0,121,0,3,3,7
ENG-Premier League,1920,Brighton,Florin Andone,ROU,"MF,FW",26.0,0.8,12,11,1,0,0,5,0,1,1,0,0,0,8,2,2,2,6,2,0,1,8,0,0,1,1
ENG-Premier League,1920,Brighton,Gaëtan Bong,CMR,"MF,DF",31.0,0.7,35,32,3,1,0,3,1,5,0,0,0,0,23,2,10,32,1,0,2,0,24,0,1,1,3
ENG-Premier League,1920,Brighton,Glenn Murray,ENG,FW,35.0,8.9,177,170,7,1,1,52,3,11,0,0,0,0,85,51,41,17,118,15,2,7,116,0,5,1,11
ENG-Premier League,1920,Brighton,Jürgen Locadia,NED,"MF,FW",25.0,1.0,19,19,0,0,0,10,0,0,0,0,0,0,11,3,5,2,14,2,0,0,9,1,0,0,3
ENG-Premier League,1920,Brighton,Leandro Trossard,BEL,"FW,MF",24.0,22.3,795,752,43,17,3,173,45,69,10,5,4,1,447,173,175,174,583,15,13,8,567,3,15,22,45
ENG-Premier League,1920,Brighton,Lewis Dunk,ENG,DF,27.0,35.9,2192,2094,98,66,1,262,116,2,0,0,0,0,1529,264,399,137,1858,106,32,19,1913,7,51,22,9
ENG-Premier League,1920,Brighton,Martín Montoya,ESP,DF,28.0,21.1,1255,1014,241,13,0,214,36,46,1,0,1,0,642,326,287,142,824,47,227,1,1006,2,7,30,44
ENG-Premier League,1920,Brighton,Mathew Ryan,AUS,GK,27.0,38.0,1462,1129,333,59,0,219,47,0,0,0,0,0,797,100,565,175,990,3,0,233,1173,7,47,5,5
ENG-Premier League,1920,Brighton,Neal Maupay,FRA,FW,22.0,30.7,688,624,64,4,3,181,13,15,0,0,0,0,491,145,52,122,507,24,10,14,540,6,8,20,33
ENG-Premier League,1920,Brighton,Opponent Total,,,26.5,38.0,18051,16193,1858,434,61,2958,626,443,204,87,58,23,11375,2800,3876,5238,10594,734,835,254,14228,63,343,288,469
ENG-Premier League,1920,Brighton,Pascal Groß,GER,"FW,MF",28.0,20.0,1028,888,140,48,3,195,66,65,80,22,31,19,605,152,271,179,802,26,3,4,762,9,16,16,37
ENG-Premier League,1920,Brighton,Shane Duffy,IRL,DF,27.0,13.8,613,577,36,32,0,98,35,1,0,0,0,0,391,86,136,39,482,48,4,8,515,1,16,3,7
ENG-Premier League,1920,Brighton,Solly March,ENG,"DF,FW",25.0,12.7,601,516,85,8,0,129,33,48,14,7,3,2,325,115,161,459,45,24,60,3,435,1,15,11,29
ENG-Premier League,1920,Brighton,Squad Total,,,26.4,38.0,19549,17758,1791,397,29,3508,644,492,178,65,66,31,12239,3308,4002,3985,13135,792,849,339,15696,66,372,308,507
ENG-Premier League,1920,Brighton,Steven Alzate,COL,"MF,DF",20.0,13.2,664,609,55,5,1,135,9,11,0,0,0,0,471,133,60,30,540,33,50,1,564,1,5,15,16
ENG-Premier League,1920,Brighton,Tariq Lamptey,ENG,DF,18.0,6.5,235,188,47,4,0,26,1,13,0,0,0,0,125,51,59,52,127,9,43,2,173,0,8,3,15
ENG-Premier League,1920,Brighton,Yves Bissouma,MLI,MF,22.0,14.0,622,610,12,10,0,105,24,6,0,0,0,0,433,103,86,49,537,17,2,6,525,2,10,10,10
ENG-Premier League,1920,Burnley,Aaron Lennon,ENG,MF,32.0,5.5,131,129,2,0,0,32,5,9,1,1,0,0,91,21,19,11,112,4,1,0,92,0,3,2,10
ENG-Premier League,1920,Burnley,Ashley Barnes,ENG,FW,29.0,15.0,253,244,9,0,1,97,1,1,0,0,0,0,123,59,71,46,142,22,1,8,155,1,10,9,13
ENG-Premier League,1920,Burnley,Ashley Westwood,ENG,MF,29.0,35.0,1854,1653,201,65,10,283,90,47,91,80,1,2,1004,324,526,102,1663,66,3,5,1381,11,39,19,36
ENG-Premier League,1920,Burnley,Ben Mee,ENG,DF,29.0,32.0,1172,1114,58,53,0,226,37,3,0,0,0,0,642,149,381,901,135,73,5,4,875,5,36,8,12
ENG-Premier League,1920,Burnley,Charlie Taylor,ENG,DF,25.0,21.6,1035,754,281,11,2,157,25,66,0,0,0,0,356,260,419,660,19,57,270,2,726,5,28,9,48
ENG-Premier League,1920,Burnley,Chris Wood,NZL,FW,27.0,27.1,483,470,13,0,0,163,4,5,0,0,0,0,207,153,123,60,249,69,2,20,312,4,12,13,14
ENG-Premier League,1920,Burnley,Danny Drinkwater,ENG,MF,29.0,0.6,20,19,1,1,0,3,1,0,0,0,0,0,9,2,9,3,14,3,0,0,11,0,2,0,1
ENG-Premier League,1920,Burnley,Dwight McNeil,ENG,MF,19.0,37.1,1277,1151,126,56,4,296,109,130,60,52,4,2,741,158,378,1146,51,45,9,4,874,9,26,24,73
ENG-Premier League,1920,Burnley,Erik Pieters,NED,"DF,MF",30.0,20.9,923,737,186,10,2,182,20,27,1,1,0,0,455,191,277,623,56,44,175,4,687,4,17,14,34
ENG-Premier League,1920,Burnley,Jack Cork,ENG,MF,30.0,29.0,933,926,7,3,3,244,26,8,0,0,0,0,589,148,196,101,723,59,4,3,743,6,13,9,16
ENG-Premier League,1920,Burnley,James Tarkowski,ENG,DF,26.0,38.0,1250,1222,28,25,0,246,32,2,0,0,0,0,618,209,423,153,839,130,3,6,913,6,49,12,19
ENG-Premier League,1920,Burnley,Jay Rodriguez,ENG,FW,30.0,22.4,495,481,14,2,1,150,10,12,0,0,0,0,245,151,99,20,355,45,1,18,345,0,6,10,26
ENG-Premier League,1920,Burnley,Jeff Hendrick,IRL,MF,27.0,21.5,575,548,27,3,0,135,12,10,6,6,0,0,370,79,126,60,461,29,7,6,420,5,15,11,40
ENG-Premier League,1920,Burnley,Josh Brownhill,ENG,MF,23.0,8.9,340,332,8,4,0,48,6,2,0,0,0,0,207,56,77,41,246,31,3,2,276,3,7,3,3
ENG-Premier League,1920,Burnley,Jóhann Berg Guðmundsson,ISL,MF,28.0,6.9,192,185,7,0,0,40,16,27,6,6,0,0,99,33,60,151,28,9,1,0,132,0,3,1,5
ENG-Premier League,1920,Burnley,Kevin Long,IRL,DF,28.0,6.3,186,183,3,2,0,22,4,0,0,0,0,0,108,19,59,11,132,29,1,0,141,0,5,0,1
ENG-Premier League,1920,Burnley,Matthew Lowton,ENG,DF,30.0,17.0,726,562,164,12,2,144,20,28,0,0,0,0,294,162,270,51,477,35,152,2,497,5,20,17,19
ENG-Premier League,1920,Burnley,Matěj Vydra,CZE,FW,27.0,9.1,138,135,3,0,0,47,0,5,0,0,0,0,72,49,17,22,78,20,1,2,102,0,5,1,5
ENG-Premier League,1920,Burnley,Max Thompson,ENG,FW,17.0,0.0,0,0,0,0,0,0,0,0,0,0,0,0,0,0,0,0,0,0,0,0,0,0,0,0,0
ENG-Premier League,1920,Burnley,Nick Pope,ENG,GK,27.0,38.0,1180,718,462,155,1,105,31,0,1,1,0,0,217,69,894,59,838,3,1,168,536,8,63,5,4
ENG-Premier League,1920,Burnley,Opponent Total,,,26.5,38.0,20032,18046,1986,468,31,3368,565,528,238,64,82,26,12394,3179,4459,5548,11758,953,920,295,15724,40,360,245,520
ENG-Premier League,1920,Burnley,Phil Bardsley,SCO,DF,34.0,21.0,897,662,235,16,2,94,23,20,0,0,0,0,335,182,380,71,529,60,219,1,599,6,30,6,29
ENG-Premier League,1920,Burnley,Robbie Brady,IRL,MF,27.0,5.0,167,158,9,3,0,49,4,8,4,4,0,0,87,29,51,119,21,14,2,0,108,1,5,6,4
ENG-Premier League,1920,Burnley,Squad Total,,,28.0,38.0,14227,12383,1844,421,28,2763,476,410,170,151,5,4,6869,2503,4855,4411,7168,847,861,255,9925,79,394,179,412
ENG-Premier League,1920,Chelsea,Andreas Christensen,DEN,DF,23.0,19.5,1258,1224,34,29,1,170,33,0,0,0,0,0,1047,83,128,80,1108,31,5,3,1166,3,16,7,6
ENG-Premier League,1920,Chelsea,Antonio Rüdiger,GER,DF,26.0,19.0,1449,1416,33,25,0,185,59,4,0,0,0,0,1056,151,242,274,1079,50,8,6,1272,6,24,5,13
ENG-Premier League,1920,Chelsea,Armando Broja,ALB,FW,17.0,0.1,2,2,0,0,0,2,0,0,0,0,0,0,1,1,0,0,1,0,0,1,2,0,0,0,0
ENG-Premier League,1920,Chelsea,Billy Gilmour,SCO,MF,18.0,2.2,169,168,1,1,0,37,7,0,0,0,0,0,119,30,20,10,144,12,0,0,151,0,1,2,1
ENG-Premier League,1920,Chelsea,Callum Hudson-Odoi,ENG,FW,18.0,9.6,476,449,27,2,1,139,30,49,18,5,7,0,302,77,97,57,392,16,7,1,384,2,12,7,15
ENG-Premier League,1920,Chelsea,Christian Pulisic,USA,FW,20.0,19.1,700,690,10,4,4,213,16,26,4,3,0,0,502,105,93,139,521,28,2,2,546,2,10,8,35
ENG-Premier League,1920,Chelsea,César Azpilicueta,ESP,DF,29.0,35.9,2838,2436,402,25,1,401,45,110,0,0,0,0,1721,514,603,280,2009,109,377,8,2267,8,40,39,96
ENG-Premier League,1920,Chelsea,Emerson Palmieri,ITA,DF,24.0,11.4,853,720,133,11,2,146,15,34,21,8,3,2,556,151,146,663,43,32,101,1,706,2,9,9,20
ENG-Premier League,1920,Chelsea,Faustino Anjorin,ENG,FW,17.0,0.2,7,7,0,0,0,1,0,0,0,0,0,0,7,0,0,0,7,0,0,0,7,0,0,0,0
ENG-Premier League,1920,Chelsea,Fikayo Tomori,ENG,DF,21.0,14.3,1098,1078,20,10,1,130,15,1,0,0,0,0,884,73,141,274,765,35,10,0,981,0,17,6,14
ENG-Premier League,1920,Chelsea,Jorginho,ITA,MF,27.0,26.4,2221,2163,58,53,5,426,67,3,0,0,0,0,1543,329,349,127,2028,46,5,5,1955,6,15,21,19
ENG-Premier League,1920,Chelsea,Kepa Arrizabalaga,ESP,GK,24.0,33.0,1086,832,254,54,0,119,22,0,0,0,0,0,703,61,322,157,772,2,1,145,877,5,14,9,2
ENG-Premier League,1920,Chelsea,Kurt Zouma,FRA,DF,24.0,26.0,1982,1952,30,25,0,212,90,0,0,0,0,0,1553,139,290,353,1513,66,5,2,1772,3,31,13,13
ENG-Premier League,1920,Chelsea,Marcos Alonso,ESP,DF,28.0,15.9,1108,941,167,8,0,228,21,51,1,1,0,0,674,231,203,788,93,44,158,0,916,1,15,11,30
ENG-Premier League,1920,Chelsea,Mason Mount,ENG,"MF,FW",20.0,31.9,1380,1233,147,52,4,255,59,66,80,36,14,10,968,202,210,161,1165,28,9,6,1116,5,21,14,48
ENG-Premier League,1920,Chelsea,Mateo Kovačić,CRO,MF,25.0,23.0,1846,1798,48,40,5,337,81,14,0,0,0,0,1441,230,175,80,1723,25,8,4,1666,3,14,24,21
ENG-Premier League,1920,Chelsea,Michy Batshuayi,BEL,FW,25.0,2.7,76,70,6,0,0,16,2,1,0,0,0,0,53,14,9,23,48,0,0,1,61,0,0,3,3
ENG-Premier League,1920,Chelsea,N'Golo Kanté,FRA,MF,28.0,19.2,1140,1131,9,7,0,241,18,22,0,0,0,0,817,173,150,149,920,48,1,7,975,5,13,18,34
ENG-Premier League,1920,Chelsea,Olivier Giroud,FRA,FW,32.0,11.0,306,281,25,0,2,93,1,2,0,0,0,0,135,116,55,183,42,37,0,16,207,0,4,8,12
ENG-Premier League,1920,Chelsea,Opponent Total,,,26.4,38.0,16131,14379,1752,434,34,3072,454,330,132,52,42,16,9518,2814,3799,4282,9607,750,764,236,12299,40,356,256,475
ENG-Premier League,1920,Chelsea,Pedro,ESP,FW,32.0,7.3,331,328,3,1,3,89,9,10,1,0,1,0,223,61,47,102,211,13,1,3,259,0,5,6,12
ENG-Premier League,1920,Chelsea,Reece James,ENG,DF,19.0,16.8,1268,1077,191,26,3,203,29,68,10,4,6,0,803,227,238,104,951,31,155,4,1055,3,24,10,37
ENG-Premier League,1920,Chelsea,Ross Barkley,ENG,MF,25.0,12.3,616,606,10,5,2,158,27,9,3,1,1,0,477,76,63,82,513,10,2,2,540,2,6,10,8
ENG-Premier League,1920,Chelsea,Ruben Loftus-Cheek,ENG,"MF,FW",23.0,2.3,131,129,2,2,1,12,4,1,0,0,0,0,104,16,11,14,109,6,0,1,116,0,3,2,1
ENG-Premier League,1920,Chelsea,Squad Total,,,25.5,38.0,24532,22698,1834,399,41,4316,740,567,248,85,87,22,17110,3396,4026,4351,17936,723,868,255,20665,61,321,262,517
ENG-Premier League,1920,Chelsea,Tammy Abraham,ENG,FW,21.0,24.6,412,360,52,0,0,149,5,10,0,0,0,0,259,81,72,31,306,17,0,17,288,1,6,8,26
ENG-Premier League,1920,Chelsea,Tariq Lamptey,ENG,DF,18.0,0.4,14,9,5,0,1,0,0,0,0,0,0,0,5,4,5,4,5,0,5,0,12,0,0,0,2
ENG-Premier League,1920,Chelsea,Willian,BRA,FW,30.0,28.9,1600,1464,136,16,5,339,82,86,110,27,55,10,1079,245,276,186,1356,37,8,5,1247,4,19,22,49
ENG-Premier League,1920,Chelsea,Willy Caballero,ARG,GK,37.0,5.0,165,134,31,3,0,15,3,0,0,0,0,0,78,6,81,30,112,0,0,15,121,0,2,0,0
ENG-Premier League,1920,Crystal Palace,Andros Townsend,ENG,MF,28.0,14.4,460,431,29,8,2,119,21,44,9,7,0,0,286,63,111,333,113,1,9,1,325,2,12,7,23
ENG-Premier League,1920,Crystal Palace,Brandon Pierrick,ENG,"DF,FW",17.0,0.2,9,9,0,0,0,4,0,0,0,0,0,0,6,3,0,0,9,0,0,0,5,0,0,0,3
ENG-Premier League,1920,Crystal Palace,Cenk Tosun,TUR,FW,28.0,2.0,47,47,0,0,1,19,0,1,0,0,0,0,23,11,13,13,27,2,0,1,29,2,2,3,2
ENG-Premier League,1920,Crystal Palace,Cheikhou Kouyaté,SEN,"MF,DF",29.0,28.1,860,844,16,10,0,204,6,9,0,0,0,0,553,151,156,72,639,74,5,14,653,1,19,15,31
ENG-Premier League,1920,Crystal Palace,Christian Benteke,BEL,FW,28.0,14.0,326,313,13,0,2,145,5,8,0,0,0,0,143,85,98,21,165,37,0,9,190,0,5,11,14
ENG-Premier League,1920,Crystal Palace,Connor Wickham,ENG,"FW,MF",26.0,1.1,44,42,2,0,0,17,2,1,0,0,0,0,13,15,16,5,16,12,1,1,29,0,0,1,3
ENG-Premier League,1920,Crystal Palace,Gary Cahill,ENG,DF,33.0,24.1,953,914,39,36,0,157,26,0,0,0,0,0,659,115,179,93,747,63,3,7,826,0,20,3,9
ENG-Premier League,1920,Crystal Palace,James McArthur,SCO,MF,31.0,34.3,1474,1404,70,5,4,371,22,34,1,0,0,0,994,219,261,351,992,61,30,11,1153,3,34,23,60
ENG-Premier League,1920,Crystal Palace,James McCarthy,IRL,MF,28.0,18.7,818,746,72,41,0,138,50,9,22,14,6,2,466,133,219,218,528,45,6,10,630,3,27,11,22
ENG-Premier League,1920,Crystal Palace,James Tomkins,ENG,DF,30.0,17.6,626,597,29,26,0,106,24,0,0,0,0,0,377,96,153,81,474,34,3,0,505,2,14,6,5
ENG-Premier League,1920,Crystal Palace,Jaïro Riedewald,NED,"DF,MF",22.0,8.5,400,324,76,11,0,58,6,6,0,0,0,0,226,72,102,281,27,23,65,0,301,1,7,11,3
ENG-Premier League,1920,Crystal Palace,Jeffrey Schlupp,GHA,MF,26.0,11.5,342,320,22,3,1,80,8,8,0,0,0,0,218,58,66,229,58,15,19,3,256,3,5,11,10
ENG-Premier League,1920,Crystal Palace,Joel Ward,ENG,DF,29.0,26.5,1260,979,281,14,0,217,19,33,0,0,0,0,608,328,324,92,793,72,267,10,932,5,37,29,53
ENG-Premier League,1920,Crystal Palace,Jordan Ayew,GHA,"FW,MF",27.0,35.0,838,801,37,2,2,247,10,20,1,0,0,0,588,154,96,50,685,31,12,15,686,3,9,18,32
ENG-Premier League,1920,Crystal Palace,Luka Milivojević,SRB,MF,28.0,27.9,1506,1257,249,137,1,241,107,35,99,61,25,6,895,208,403,204,1201,62,6,12,1161,2,41,21,21
ENG-Premier League,1920,Crystal Palace,Mamadou Sakho,FRA,DF,29.0,10.3,516,498,18,17,0,70,10,0,0,0,0,0,390,49,77,384,94,21,1,4,451,1,3,3,5
ENG-Premier League,1920,Crystal Palace,Martin Kelly,ENG,DF,29.0,17.2,669,541,128,13,0,124,9,13,0,0,0,0,337,143,189,65,448,27,115,1,493,3,16,20,19
ENG-Premier League,1920,Crystal Palace,Max Meyer,GER,"MF,FW",23.0,7.3,213,211,2,1,1,52,0,8,0,0,0,0,160,31,22,68,132,11,1,0,160,1,1,7,14
ENG-Premier League,1920,Crystal Palace,Opponent Total,,,26.5,38.0,19852,17968,1884,447,36,3226,675,511,235,112,76,24,12695,3017,4140,5144,12371,744,881,228,15988,25,365,266,525
ENG-Premier League,1920,Crystal Palace,Patrick van Aanholt,NED,DF,28.0,27.9,1558,1175,383,62,0,222,35,44,45,23,15,3,930,322,306,997,256,21,275,3,1227,8,14,36,47
ENG-Premier League,1920,Crystal Palace,Scott Dann,ENG,DF,32.0,14.1,555,526,29,28,0,70,14,2,0,0,0,0,352,87,116,65,416,51,1,3,461,0,5,7,9
ENG-Premier League,1920,Crystal Palace,Squad Total,,,29.4,38.0,15940,13980,1960,509,16,3107,435,364,177,105,46,11,9554,2586,3800,3945,9628,678,873,278,12142,49,337,279,463
ENG-Premier League,1920,Crystal Palace,Tyrick Mitchell,ENG,DF,19.0,2.2,119,91,28,0,0,14,1,4,0,0,0,0,69,22,28,84,5,2,28,0,96,0,1,2,6
ENG-Premier League,1920,Crystal Palace,Vicente Guaita,ESP,GK,32.0,35.0,1053,698,355,81,0,114,28,0,0,0,0,0,306,68,679,78,732,1,1,164,591,6,49,0,0
ENG-Premier League,1920,Crystal Palace,Víctor Camarasa,ESP,MF,25.0,0.1,3,3,0,0,0,1,0,0,0,0,0,0,3,0,0,0,3,0,0,0,3,0,0,0,0
ENG-Premier League,1920,Crystal Palace,Wayne Hennessey,WAL,GK,32.0,3.0,103,51,52,13,0,4,2,0,0,0,0,0,13,1,89,9,83,0,0,6,44,1,4,0,0
ENG-Premier League,1920,Crystal Palace,Wilfried Zaha,CIV,"MF,FW",26.0,36.4,1188,1158,30,1,2,313,30,85,0,0,0,0,939,152,97,152,985,12,25,3,935,2,12,34,72
ENG-Premier League,1920,Everton,Alex Iwobi,NGA,"MF,FW",23.0,17.7,614,603,11,3,5,112,26,34,1,0,0,0,414,104,96,66,528,9,3,3,462,3,12,14,34
ENG-Premier League,1920,Everton,André Gomes,POR,MF,26.0,16.2,859,833,26,16,1,121,65,8,1,0,1,0,563,133,163,226,589,28,2,3,719,2,24,11,18
ENG-Premier League,1920,Everton,Anthony Gordon,ENG,"MF,FW",18.0,4.9,124,114,10,6,1,16,2,8,0,0,0,0,99,12,13,8,112,3,0,1,96,1,2,1,4
ENG-Premier League,1920,Everton,Bernard,BRA,"MF,FW",26.0,14.2,573,559,14,2,4,116,12,30,6,5,0,0,419,77,77,148,408,11,1,4,426,0,14,15,31
ENG-Premier League,1920,Everton,Cenk Tosun,TUR,FW,28.0,3.2,62,61,1,0,0,19,3,2,0,0,0,0,28,21,13,17,34,6,0,3,42,0,2,2,5
ENG-Premier League,1920,Everton,Djibril Sidibé,FRA,DF,27.0,20.3,1165,965,200,18,0,184,35,49,1,0,0,0,667,269,229,140,774,47,181,2,909,4,20,26,45
ENG-Premier League,1920,Everton,Dominic Calvert-Lewin,ENG,FW,22.0,29.2,594,568,26,3,3,215,7,19,0,0,0,0,272,178,144,60,323,60,1,23,393,3,9,7,25
ENG-Premier League,1920,Everton,Fabian Delph,ENG,MF,29.0,13.2,778,763,15,11,2,122,28,4,0,0,0,0,550,113,115,483,250,28,2,3,676,2,13,6,7
ENG-Premier League,1920,Everton,Gylfi Sigurðsson,ISL,MF,29.0,28.4,1109,974,135,42,3,160,51,47,71,29,35,5,711,184,214,175,870,38,3,6,867,3,20,14,34
ENG-Premier League,1920,Everton,Jarrad Branthwaite,ENG,DF,17.0,3.3,212,206,6,4,0,9,5,0,0,0,0,0,173,10,29,148,55,7,0,0,187,0,8,0,0
ENG-Premier League,1920,Everton,Jean-Philippe Gbamin,CIV,MF,23.0,1.5,67,64,3,3,0,9,3,0,0,0,0,0,46,7,14,7,55,4,0,0,50,0,6,0,5
ENG-Premier League,1920,Everton,Jordan Pickford,ENG,GK,25.0,38.0,1373,956,417,144,1,137,67,0,0,0,0,0,540,75,758,865,236,0,0,179,895,5,59,5,1
ENG-Premier League,1920,Everton,Leighton Baines,ENG,DF,34.0,4.5,209,158,51,5,0,18,8,12,11,4,2,5,115,40,54,141,20,9,35,0,168,2,0,2,9
ENG-Premier League,1920,Everton,Lucas Digne,FRA,DF,26.0,33.7,1946,1407,539,64,3,294,73,153,108,53,39,8,809,436,701,1282,103,112,367,7,1353,6,33,35,90
ENG-Premier League,1920,Everton,Mason Holgate,ENG,DF,22.0,22.8,991,954,37,25,1,127,44,2,0,0,0,0,712,99,180,149,758,53,11,0,855,1,23,8,11
ENG-Premier League,1920,Everton,Michael Keane,ENG,DF,26.0,28.4,1379,1336,43,39,2,195,37,3,0,0,0,0,982,159,238,215,1003,85,4,5,1167,5,35,10,14
ENG-Premier League,1920,Everton,Moise Kean,ITA,FW,19.0,9.5,142,137,5,1,2,36,2,8,0,0,0,0,82,39,21,22,102,7,1,7,104,0,2,5,11
ENG-Premier League,1920,Everton,Morgan Schneiderlin,FRA,MF,29.0,11.1,567,550,17,10,0,97,30,4,0,0,0,0,338,117,112,77,452,22,0,3,494,0,4,6,9
ENG-Premier League,1920,Everton,Opponent Total,,,26.6,38.0,18039,16093,1946,503,64,3075,587,404,181,75,69,16,11142,2914,3983,4601,11083,696,894,239,14146,74,340,269,457
ENG-Premier League,1920,Everton,Oumar Niasse,SEN,FW,29.0,0.2,5,5,0,0,0,2,0,1,0,0,0,0,3,2,0,1,3,0,0,1,3,0,0,1,0
ENG-Premier League,1920,Everton,Richarlison,BRA,FW,22.0,34.1,823,800,23,2,4,257,11,35,2,0,1,0,499,199,125,187,540,43,7,7,543,2,28,24,75
ENG-Premier League,1920,Everton,Squad Total,,,25.5,38.0,17176,15298,1878,463,42,2854,608,501,203,92,79,18,10253,2893,4030,4826,9869,775,842,266,13239,48,377,260,540
ENG-Premier League,1920,Everton,Séamus Coleman,IRL,DF,30.0,20.4,1058,835,223,13,1,170,15,34,0,0,0,0,540,237,281,118,671,44,210,1,813,3,18,21,46
ENG-Premier League,1920,Everton,Theo Walcott,ENG,"MF,FW",30.0,14.3,405,394,11,1,3,65,8,40,2,1,1,0,243,92,70,28,341,21,8,2,266,0,11,22,30
ENG-Premier League,1920,Everton,Tom Davies,ENG,MF,21.0,22.5,870,840,30,17,6,161,26,4,0,0,0,0,558,150,162,101,675,59,5,5,681,3,17,12,26
ENG-Premier League,1920,Everton,Yerry Mina,COL,DF,24.0,25.4,1251,1216,35,34,0,212,50,4,0,0,0,0,890,140,221,162,967,79,1,1,1070,3,17,13,10
ENG-Premier League,1920,Leicester City,Ayoze Pérez,ESP,"MF,FW",26.0,22.3,773,753,20,5,8,198,9,23,0,0,0,0,537,157,79,70,650,18,6,13,616,2,13,13,41
ENG-Premier League,1920,Leicester City,Ben Chilwell,ENG,DF,22.0,26.4,1955,1652,303,32,3,324,40,78,7,0,3,0,1165,381,409,1414,183,52,264,4,1527,3,42,32,63
ENG-Premier League,1920,Leicester City,Christian Fuchs,AUT,DF,33.0,8.6,630,544,86,12,1,87,17,11,0,0,0,0,389,122,119,457,60,25,74,1,510,1,12,11,12
ENG-Premier League,1920,Leicester City,Demarai Gray,ENG,"MF,FW",23.0,6.9,327,313,14,4,3,71,11,22,6,3,1,1,244,49,34,27,287,2,4,5,271,2,4,3,15
ENG-Premier League,1920,Leicester City,Dennis Praet,BEL,MF,25.0,12.6,539,532,7,3,2,106,10,9,0,0,0,0,359,95,85,39,451,39,3,3,446,1,7,6,18
ENG-Premier League,1920,Leicester City,George Hirst,ENG,FW,20.0,0.1,8,8,0,0,0,4,0,0,0,0,0,0,4,1,3,0,5,0,0,1,5,0,0,0,0
ENG-Premier League,1920,Leicester City,Hamza Choudhury,ENG,MF,21.0,9.9,494,481,13,12,0,65,5,4,0,0,0,0,389,45,60,35,418,34,0,1,428,0,4,8,9
ENG-Premier League,1920,Leicester City,Harvey Barnes,ENG,"MF,FW",21.0,23.1,729,725,4,2,3,181,8,37,0,0,0,0,505,122,102,107,570,22,2,9,559,4,10,21,34
ENG-Premier League,1920,Leicester City,James Justin,ENG,DF,21.0,11.2,801,687,114,12,1,106,10,26,0,0,0,0,500,173,128,121,530,37,102,2,650,0,15,8,33
ENG-Premier League,1920,Leicester City,James Maddison,ENG,MF,22.0,29.2,1674,1422,252,82,16,264,93,65,157,43,76,15,1052,247,375,158,1462,31,7,11,1282,8,30,36,39
ENG-Premier League,1920,Leicester City,Jamie Vardy,ENG,FW,32.0,33.7,462,403,59,0,2,97,9,35,0,0,0,0,275,100,87,82,301,37,5,7,314,0,10,12,28
ENG-Premier League,1920,Leicester City,Jonny Evans,NIR,DF,31.0,37.6,2372,2285,87,72,2,305,60,5,0,0,0,0,1764,220,388,590,1585,117,15,5,2088,2,44,12,12
ENG-Premier League,1920,Leicester City,Kasper Schmeichel,DEN,GK,32.0,38.0,1178,820,358,116,1,110,65,0,0,0,0,0,614,100,464,55,917,3,0,152,904,6,42,4,3
ENG-Premier League,1920,Leicester City,Kelechi Iheanacho,NGA,"FW,MF",22.0,10.7,268,262,6,0,7,84,4,4,0,0,0,0,209,40,19,231,23,9,0,3,217,0,3,6,16
ENG-Premier League,1920,Leicester City,Luke Thomas,ENG,DF,18.0,3.0,190,162,28,2,0,13,3,13,0,0,0,0,119,40,31,138,17,9,26,0,156,0,4,1,5
ENG-Premier League,1920,Leicester City,Marc Albrighton,ENG,"MF,DF",29.0,9.6,507,472,35,0,1,81,25,49,10,2,6,0,292,82,133,51,411,16,25,3,344,0,14,10,30
ENG-Premier League,1920,Leicester City,Matty James,ENG,MF,28.0,0.1,6,6,0,0,0,2,0,0,0,0,0,0,5,1,0,1,5,0,0,0,6,0,0,0,0
ENG-Premier League,1920,Leicester City,Nampalys Mendy,SEN,MF,27.0,3.2,212,211,1,1,0,29,4,1,0,0,0,0,172,21,19,20,187,4,0,0,194,1,3,2,1
ENG-Premier League,1920,Leicester City,Opponent Total,,,26.6,38.0,16041,14049,1992,447,25,3168,583,376,175,88,51,24,9310,2721,4010,4366,9253,713,974,235,12137,56,336,299,494
ENG-Premier League,1920,Leicester City,Ricardo Pereira,POR,DF,25.0,28.0,1875,1553,322,17,3,335,20,41,0,0,0,0,1095,399,381,195,1312,41,305,4,1513,3,18,46,67
ENG-Premier League,1920,Leicester City,Ryan Bennett,ENG,DF,29.0,3.7,221,200,21,1,0,31,5,1,0,0,0,0,128,26,67,21,162,11,20,1,174,0,6,2,4
ENG-Premier League,1920,Leicester City,Squad Total,,,26.1,38.0,21149,19239,1910,490,63,3443,566,475,221,55,106,21,14241,3153,3755,4775,14115,721,878,254,17329,55,361,291,518
ENG-Premier League,1920,Leicester City,Wes Morgan,JAM,DF,35.0,4.8,238,234,4,4,0,22,0,0,0,0,0,0,203,16,19,29,192,11,0,2,220,2,2,0,2
ENG-Premier League,1920,Leicester City,Wilfred Ndidi,NGA,MF,22.0,29.7,1648,1625,23,23,1,306,50,2,0,0,0,0,1175,264,209,180,1341,74,0,4,1416,2,33,26,29
ENG-Premier League,1920,Leicester City,Youri Tielemans,BEL,MF,22.0,31.4,1804,1703,101,46,9,363,65,45,41,7,20,5,1246,256,302,318,1393,45,12,14,1455,10,21,21,38
ENG-Premier League,1920,Leicester City,Çağlar Söyüncü,TUR,DF,23.0,33.7,2238,2186,52,44,0,259,53,4,0,0,0,0,1800,196,242,436,1653,84,8,9,2034,8,24,11,19
ENG-Premier League,1920,Liverpool,Adam Lallana,ENG,"MF,FW",31.0,4.2,270,268,2,1,0,48,4,5,0,0,0,0,204,38,28,77,170,13,1,3,229,2,0,4,9
ENG-Premier League,1920,Liverpool,Adrián,ESP,GK,32.0,9.7,314,219,95,27,0,40,12,0,0,0,0,0,150,24,140,31,217,1,0,49,227,0,9,0,1
ENG-Premier League,1920,Liverpool,Alex Oxlade-Chamberlain,ENG,"MF,FW",25.0,16.5,748,733,15,1,4,136,32,29,0,0,0,0,464,124,160,87,609,27,6,7,592,3,22,17,23
ENG-Premier League,1920,Liverpool,Alisson,BRA,GK,26.0,28.3,925,701,224,54,1,131,28,0,0,0,0,0,590,85,250,65,688,2,0,132,794,2,19,3,0
ENG-Premier League,1920,Liverpool,Andrew Robertson,SCO,DF,25.0,34.6,2928,2536,392,49,5,319,85,130,43,7,26,1,1834,521,573,2332,186,93,300,2,2370,4,44,36,82
ENG-Premier League,1920,Liverpool,Curtis Jones,ENG,MF,18.0,1.4,128,128,0,0,0,23,3,0,0,0,0,0,103,13,12,16,105,5,0,0,111,0,1,2,2
ENG-Premier League,1920,Liverpool,Dejan Lovren,CRO,DF,30.0,8.6,603,587,16,15,1,64,16,0,0,0,0,0,411,80,112,114,433,41,1,1,530,0,12,3,5
ENG-Premier League,1920,Liverpool,Divock Origi,BEL,FW,24.0,8.0,219,217,2,0,0,66,13,16,0,0,0,0,139,37,43,29,165,10,1,3,158,1,6,4,8
ENG-Premier League,1920,Liverpool,Fabinho,BRA,MF,25.0,23.1,1528,1505,23,16,5,242,38,6,0,0,0,0,1051,211,266,105,1318,68,4,2,1334,2,18,9,15
ENG-Premier League,1920,Liverpool,Georginio Wijnaldum,NED,MF,28.0,32.6,1628,1600,28,15,4,276,31,6,0,0,0,0,1298,196,134,171,1359,53,13,7,1477,1,9,17,27
ENG-Premier League,1920,Liverpool,Harvey Elliott,ENG,DF,16.0,0.1,15,11,4,0,0,0,1,2,3,0,2,0,8,3,4,13,1,0,1,0,12,0,0,0,0
ENG-Premier League,1920,Liverpool,James Milner,ENG,"MF,DF",33.0,10.4,773,707,66,12,4,114,35,14,8,3,2,1,522,135,116,78,633,15,34,3,664,3,13,10,15
ENG-Premier League,1920,Liverpool,Joe Gomez,ENG,DF,22.0,22.3,1960,1910,50,35,1,211,63,5,0,0,0,0,1469,187,304,128,1669,89,15,1,1743,2,22,5,11
ENG-Premier League,1920,Liverpool,Jordan Henderson,ENG,MF,29.0,24.9,1879,1834,45,16,14,275,73,48,1,0,0,0,1224,270,385,209,1565,68,13,4,1582,4,20,15,40
ENG-Premier League,1920,Liverpool,Joël Matip,CMR,DF,27.0,7.8,514,498,16,12,0,74,13,0,0,0,0,0,384,62,68,56,417,23,4,1,448,0,14,7,3
ENG-Premier League,1920,Liverpool,Mohamed Salah,EGY,FW,27.0,32.0,1004,952,52,4,13,240,19,35,28,3,15,3,712,159,133,792,166,18,8,11,746,3,15,27,47
ENG-Premier League,1920,Liverpool,Naby Keïta,GUI,MF,24.0,9.1,684,676,8,2,5,114,9,7,2,0,0,0,514,112,58,86,567,18,3,2,608,1,8,10,15
ENG-Premier League,1920,Liverpool,Neco Williams,WAL,DF,18.0,2.6,205,166,39,4,1,18,10,7,3,1,2,0,115,32,58,8,155,9,32,0,165,0,6,2,9
ENG-Premier League,1920,Liverpool,Opponent Total,,,26.3,38.0,14771,13024,1747,375,44,2905,474,382,160,72,36,19,8120,2486,4165,3982,8569,776,739,242,10739,135,378,238,407
ENG-Premier League,1920,Liverpool,Roberto Firmino,BRA,FW,27.0,33.2,1171,1141,30,3,8,306,8,16,0,0,0,0,874,205,92,152,927,55,11,13,931,3,7,51,55
ENG-Premier League,1920,Liverpool,Sadio Mané,SEN,FW,27.0,30.5,1162,1141,21,8,10,244,26,52,0,0,0,0,766,243,153,235,839,39,10,15,933,3,17,29,50
ENG-Premier League,1920,Liverpool,Squad Total,,,26.6,38.0,25110,23231,1879,437,92,3723,882,569,256,60,122,13,16785,3604,4721,5544,17096,885,877,270,20887,48,390,303,541
ENG-Premier League,1920,Liverpool,Takumi Minamino,JPN,"FW,MF",24.0,2.8,111,110,1,1,0,26,2,4,0,0,0,0,89,9,13,20,84,1,0,1,98,0,1,0,1
ENG-Premier League,1920,Liverpool,Trent Alexander-Arnold,ENG,DF,20.0,35.3,3147,2495,652,86,8,413,227,183,162,43,74,8,1472,567,1108,313,2330,83,404,7,2254,11,84,35,111
ENG-Premier League,1920,Liverpool,Virgil van Dijk,NED,DF,28.0,38.0,3085,3000,85,74,8,322,131,0,0,0,0,0,2330,265,490,345,2476,152,11,6,2791,1,43,13,10
ENG-Premier League,1920,Liverpool,Xherdan Shaqiri,SUI,"FW,MF",27.0,2.1,109,96,13,2,0,21,3,4,6,3,1,0,62,26,21,82,17,2,5,0,90,2,0,4,2
ENG-Premier League,1920,Manchester City,Angeliño,ESP,DF,22.0,4.7,426,377,49,3,0,70,7,30,0,0,0,0,267,78,81,342,15,18,46,1,335,1,9,5,14
ENG-Premier League,1920,Manchester City,Aymeric Laporte,ESP,DF,25.0,12.2,1113,1093,20,13,0,126,37,0,0,0,0,0,914,99,100,838,201,42,7,6,1040,0,5,4,10
ENG-Premier League,1920,Manchester City,Benjamin Mendy,FRA,DF,25.0,16.6,1285,1158,127,13,0,160,33,69,0,0,0,0,900,225,160,1036,103,21,114,1,1108,5,14,18,32
ENG-Premier League,1920,Manchester City,Bernardo Silva,POR,"FW,MF",24.0,22.6,1451,1394,57,11,3,252,24,65,19,1,1,0,1105,207,139,1282,94,40,24,2,1262,2,6,15,39
ENG-Premier League,1920,Manchester City,Claudio Bravo,CHI,GK,36.0,3.9,132,96,36,8,0,20,5,0,0,0,0,0,69,15,48,11,105,0,0,13,101,0,4,2,0
ENG-Premier League,1920,Manchester City,David Silva,ESP,MF,33.0,20.3,1512,1454,58,18,11,269,12,26,10,1,2,0,1233,182,97,1290,190,16,5,6,1319,6,14,34,40
ENG-Premier League,1920,Manchester City,Ederson,BRA,GK,25.0,34.1,1064,878,186,46,1,116,38,0,0,0,0,0,791,59,214,737,144,3,1,161,928,3,17,4,1
ENG-Premier League,1920,Manchester City,Eric García,ESP,DF,18.0,8.8,705,698,7,6,0,50,17,1,0,0,0,0,641,29,35,63,625,11,1,1,672,1,3,2,4
ENG-Premier League,1920,Manchester City,Fernandinho,BRA,DF,34.0,26.6,2190,2134,56,44,2,249,76,3,0,0,0,0,1709,193,288,243,1801,83,12,9,1985,6,23,12,22
ENG-Premier League,1920,Manchester City,Gabriel Jesus,BRA,FW,22.0,22.6,608,589,19,0,2,145,8,5,1,0,0,0,467,92,49,70,486,17,4,11,532,1,6,13,18
ENG-Premier League,1920,Manchester City,John Stones,ENG,DF,25.0,12.5,1016,1001,15,11,0,135,36,0,0,0,0,0,847,72,97,103,839,43,4,3,966,1,4,2,4
ENG-Premier League,1920,Manchester City,João Cancelo,POR,DF,25.0,13.4,1147,1044,103,6,4,141,27,36,1,0,1,0,825,189,133,142,868,28,96,3,1008,4,14,16,21
ENG-Premier League,1920,Manchester City,Kevin De Bruyne,BEL,MF,28.0,31.0,2244,1976,268,52,32,365,136,143,177,62,51,17,1475,310,459,263,1886,41,36,4,1674,13,38,61,96
ENG-Premier League,1920,Manchester City,Kyle Walker,ENG,DF,29.0,26.6,2143,1921,222,27,2,252,85,50,1,0,0,0,1519,348,276,57,1801,51,194,19,1883,4,25,28,45
ENG-Premier League,1920,Manchester City,Leroy Sané,GER,FW,23.0,0.1,7,7,0,0,0,0,0,0,0,0,0,0,7,0,0,6,1,0,0,0,6,0,0,0,0
ENG-Premier League,1920,Manchester City,Nicolás Otamendi,ARG,DF,31.0,19.1,1488,1474,14,10,0,143,37,1,0,0,0,0,1255,99,134,113,1298,38,4,3,1382,2,12,12,12
ENG-Premier League,1920,Manchester City,Oleksandr Zinchenko,UKR,DF,22.0,14.2,1347,1231,116,9,2,156,20,33,3,0,0,1,987,207,153,1091,90,44,104,4,1198,4,7,14,22
ENG-Premier League,1920,Manchester City,Opponent Total,,,26.5,38.0,14000,12415,1585,403,39,2684,379,289,97,42,38,4,8518,2079,3403,3714,8573,527,569,219,10688,77,312,226,368
ENG-Premier League,1920,Manchester City,Phil Foden,ENG,"FW,MF",19.0,10.0,508,494,14,4,4,74,17,22,6,2,1,0,398,51,59,450,37,11,4,2,431,0,6,2,15
ENG-Premier League,1920,Manchester City,Raheem Sterling,ENG,FW,24.0,29.5,1217,1197,20,1,4,290,4,63,1,0,0,0,965,150,102,133,1027,19,13,14,983,1,13,33,55
ENG-Premier League,1920,Manchester City,Riyad Mahrez,ALG,"FW,MF",28.0,21.6,1188,1113,75,11,23,202,50,52,55,25,3,6,890,138,160,1039,114,15,9,3,1009,5,16,19,27
ENG-Premier League,1920,Manchester City,Rodri,ESP,MF,23.0,27.6,2537,2505,32,30,0,477,100,4,0,0,0,0,1978,272,287,339,2056,87,2,12,2363,1,21,17,19
ENG-Premier League,1920,Manchester City,Sergio Agüero,ARG,FW,31.0,16.1,368,349,19,1,5,90,1,8,0,0,0,0,275,70,23,42,303,11,1,9,285,0,4,11,15
ENG-Premier League,1920,Manchester City,Squad Total,,,26.9,38.0,27672,26097,1575,353,106,4131,814,619,297,101,63,26,21054,3335,3283,10234,15453,681,686,290,24268,63,274,348,535
ENG-Premier League,1920,Manchester City,Thomas Doyle,ENG,MF,17.0,0.2,19,18,1,1,0,1,0,0,0,0,0,0,19,0,0,4,15,0,0,0,19,0,0,0,0
ENG-Premier League,1920,Manchester City,İlkay Gündoğan,GER,MF,28.0,22.4,1957,1896,61,28,11,348,44,8,23,10,4,2,1518,250,189,540,1354,42,5,3,1779,3,13,24,24
ENG-Premier League,1920,Manchester Utd,Aaron Wan-Bissaka,ENG,DF,21.0,34.1,2064,1680,384,16,0,299,16,71,0,0,0,0,1334,407,323,79,1558,43,368,2,1676,5,23,35,94
ENG-Premier League,1920,Manchester Utd,Andreas Pereira,BRA,"MF,FW",23.0,16.5,770,692,78,23,1,157,30,29,37,14,12,3,518,125,127,89,634,23,9,3,566,4,11,22,27
ENG-Premier League,1920,Manchester Utd,Angel Gomes,ENG,MF,18.0,0.2,13,13,0,0,1,0,1,0,0,0,0,0,10,0,3,0,13,0,0,0,11,0,2,0,0
ENG-Premier League,1920,Manchester Utd,Anthony Martial,FRA,FW,23.0,29.2,721,692,29,4,5,204,3,20,0,0,0,0,587,94,40,123,560,12,4,6,575,2,7,14,43
ENG-Premier League,1920,Manchester Utd,Ashley Young,ENG,DF,34.0,10.6,735,553,182,28,1,114,39,24,35,13,14,6,406,130,199,86,502,17,119,5,565,4,21,17,19
ENG-Premier League,1920,Manchester Utd,Axel Tuanzebe,ENG,DF,21.0,2.1,141,129,12,1,0,16,3,1,0,0,0,0,104,24,13,18,104,5,11,1,127,0,0,1,2
ENG-Premier League,1920,Manchester Utd,Brandon Williams,ENG,DF,18.0,11.2,636,553,83,7,1,91,6,14,1,0,0,0,452,98,86,157,380,15,75,1,531,3,8,15,12
ENG-Premier League,1920,Manchester Utd,Bruno Fernandes,POR,MF,24.0,13.2,853,751,102,27,4,140,53,22,55,15,24,7,528,138,187,64,768,13,5,2,608,3,12,23,39
ENG-Premier League,1920,Manchester Utd,Daniel James,WAL,FW,21.0,25.4,803,789,14,4,3,183,21,72,3,1,1,0,588,118,97,99,681,14,5,1,586,3,18,15,63
ENG-Premier League,1920,Manchester Utd,David de Gea,ESP,GK,28.0,38.0,934,590,344,78,0,108,23,0,0,0,0,0,545,80,309,55,695,0,1,148,726,1,18,3,5
ENG-Premier League,1920,Manchester Utd,Diogo Dalot,POR,"DF,MF",20.0,0.7,64,50,14,0,0,8,0,2,1,0,0,0,34,20,10,7,40,2,13,1,51,0,1,2,1
ENG-Premier League,1920,Manchester Utd,Eric Bailly,CIV,DF,25.0,1.7,72,72,0,0,0,7,1,0,0,0,0,0,47,14,11,10,52,5,0,1,64,0,0,0,1
ENG-Premier League,1920,Manchester Utd,Fred,BRA,MF,26.0,24.0,1714,1608,106,53,3,344,83,27,42,15,16,0,1231,232,251,1200,466,29,8,6,1463,2,18,20,37
ENG-Premier League,1920,Manchester Utd,Harry Maguire,ENG,DF,26.0,38.0,2403,2327,76,66,1,362,91,1,0,0,0,0,1787,268,348,320,1862,119,10,11,2127,5,45,21,11
ENG-Premier League,1920,Manchester Utd,James Garner,ENG,MF,18.0,0.1,15,15,0,0,0,6,1,0,0,0,0,0,15,0,0,2,12,0,0,1,15,0,0,0,0
ENG-Premier League,1920,Manchester Utd,Jesse Lingard,ENG,"MF,FW",26.0,10.4,409,389,20,3,1,81,4,5,2,0,0,0,327,54,28,19,366,9,6,8,351,3,5,8,11
ENG-Premier League,1920,Manchester Utd,Juan Mata,ESP,"MF,FW",31.0,8.4,523,494,29,8,2,116,11,14,10,5,1,2,377,67,79,444,64,4,6,2,442,2,3,6,15
ENG-Premier League,1920,Manchester Utd,Luke Shaw,ENG,DF,24.0,19.3,1296,1137,159,19,1,243,14,24,5,4,0,0,910,203,183,972,111,55,135,3,1121,1,12,19,37
ENG-Premier League,1920,Manchester Utd,Marcos Rojo,ARG,DF,29.0,1.4,55,45,10,2,0,6,2,2,0,0,0,0,25,12,18,39,5,1,8,0,37,0,3,0,0
ENG-Premier League,1920,Manchester Utd,Marcus Rashford,ENG,FW,21.0,29.4,988,961,27,2,8,162,26,29,9,5,1,2,742,120,126,89,833,28,8,14,758,3,18,26,43
ENG-Premier League,1920,Manchester Utd,Mason Greenwood,ENG,FW,17.0,14.7,488,485,3,0,0,101,12,13,2,0,1,0,391,51,46,382,93,9,0,0,416,1,6,7,11
ENG-Premier League,1920,Manchester Utd,Nemanja Matić,SRB,MF,30.0,17.6,1240,1210,30,26,1,220,30,2,0,0,0,0,979,125,136,1029,147,40,4,5,1095,1,11,17,22
ENG-Premier League,1920,Manchester Utd,Odion Ighalo,NGA,FW,30.0,1.1,23,23,0,0,0,4,0,0,0,0,0,0,18,3,2,3,19,1,0,0,21,0,0,0,0
ENG-Premier League,1920,Manchester Utd,Opponent Total,,,26.7,38.0,16853,15030,1823,452,23,2823,561,416,186,71,49,28,10251,2734,3868,4433,10348,710,773,201,13013,61,356,290,512
ENG-Premier League,1920,Manchester Utd,Paul Pogba,FRA,MF,26.0,13.4,1026,998,28,27,6,214,63,7,0,0,0,0,735,136,155,112,864,24,1,7,880,5,10,16,23
ENG-Premier League,1920,Manchester Utd,Phil Jones,ENG,DF,27.0,1.5,89,86,3,2,0,22,3,1,0,0,0,0,67,14,8,7,73,3,1,2,79,0,2,1,1
ENG-Premier League,1920,Manchester Utd,Scott McTominay,SCO,MF,22.0,19.7,995,966,29,28,2,158,47,9,0,0,0,0,745,111,139,44,878,45,1,5,816,2,18,21,25
ENG-Premier League,1920,Manchester Utd,Squad Total,,,24.8,38.0,21170,19343,1827,470,43,3648,614,392,202,72,70,20,15138,2857,3175,5731,13433,596,817,249,17542,52,308,337,564
ENG-Premier League,1920,Manchester Utd,Tahith Chong,NED,"FW,DF",19.0,0.4,14,14,0,0,0,2,0,0,0,0,0,0,13,1,0,14,0,0,0,0,9,0,1,2,1
ENG-Premier League,1920,Manchester Utd,Timothy Fosu-Mensah,NED,DF,21.0,1.5,73,66,7,0,0,4,1,2,0,0,0,0,51,13,9,15,47,4,7,0,62,0,2,1,1
ENG-Premier League,1920,Manchester Utd,Victor Lindelöf,SWE,DF,25.0,34.4,2013,1955,58,46,2,276,30,1,0,0,0,0,1572,199,242,253,1606,76,12,14,1764,2,33,25,20
ENG-Premier League,1920,Newcastle Utd,Allan Saint-Maximin,FRA,"MF,FW",22.0,20.7,490,481,9,1,3,121,19,50,0,0,0,0,338,86,66,59,409,8,6,2,356,3,8,12,28
ENG-Premier League,1920,Newcastle Utd,Andy Carroll,ENG,FW,30.0,7.0,207,202,5,0,1,102,7,6,0,0,0,0,78,63,66,81,45,13,0,11,134,1,7,2,4
ENG-Premier League,1920,Newcastle Utd,Christian Atsu,GHA,"FW,MF",27.0,8.3,208,198,10,2,1,45,8,15,6,2,2,0,147,20,41,168,26,9,1,0,163,2,5,4,6
ENG-Premier League,1920,Newcastle Utd,Ciaran Clark,IRL,DF,29.0,13.2,322,297,25,10,0,58,7,2,0,0,0,0,182,43,97,227,42,24,15,1,253,0,9,2,4
ENG-Premier League,1920,Newcastle Utd,Danny Rose,ENG,DF,29.0,9.6,419,358,61,14,0,49,8,6,0,0,0,0,247,86,86,298,49,18,47,0,325,2,6,5,15
ENG-Premier League,1920,Newcastle Utd,DeAndre Yedlin,USA,DF,26.0,10.4,316,274,42,1,0,49,5,19,0,0,0,0,142,73,101,14,234,20,41,3,228,0,7,3,10
ENG-Premier League,1920,Newcastle Utd,Dwight Gayle,ENG,FW,28.0,9.4,150,135,15,1,1,47,4,5,0,0,0,0,83,33,34,20,95,14,2,2,110,1,5,2,4
ENG-Premier League,1920,Newcastle Utd,Emil Krafth,SWE,DF,24.0,11.3,433,358,75,7,0,51,8,11,0,0,0,0,243,73,117,21,316,20,68,2,316,3,5,11,21
ENG-Premier League,1920,Newcastle Utd,Fabian Schär,SUI,"DF,MF",27.0,18.6,767,697,70,48,0,125,72,9,0,0,0,0,400,107,260,97,593,40,22,0,576,8,20,8,10
ENG-Premier League,1920,Newcastle Utd,Federico Fernández,ARG,DF,30.0,29.1,1184,1052,132,41,1,167,51,16,0,0,0,0,717,146,321,69,937,56,90,1,907,4,39,19,24
ENG-Premier League,1920,Newcastle Utd,Florian Lejeune,FRA,DF,28.0,4.9,187,169,18,6,0,41,8,1,0,0,0,0,106,23,58,40,120,7,12,0,136,0,7,3,2
ENG-Premier League,1920,Newcastle Utd,Isaac Hayden,ENG,MF,24.0,24.7,833,784,49,15,3,199,12,27,0,0,0,0,548,116,169,104,622,53,12,5,630,2,15,14,36
ENG-Premier League,1920,Newcastle Utd,Jamaal Lascelles,ENG,DF,25.0,23.1,810,795,15,15,1,143,22,0,0,0,0,0,539,89,182,117,579,76,0,2,668,4,10,7,9
ENG-Premier League,1920,Newcastle Utd,Javier Manquillo,ESP,DF,25.0,17.8,632,502,130,4,0,104,13,34,0,0,0,0,313,126,193,49,405,39,126,2,452,2,15,9,24
ENG-Premier League,1920,Newcastle Utd,Jetro Willems,NED,DF,25.0,16.6,582,450,132,10,0,98,13,27,1,1,0,0,306,95,181,336,91,21,121,3,408,4,9,17,27
ENG-Premier League,1920,Newcastle Utd,Joelinton,BRA,FW,22.0,29.8,801,761,40,1,4,316,11,9,0,0,0,0,488,174,139,126,486,62,5,16,640,4,15,11,21
ENG-Premier League,1920,Newcastle Utd,Jonjo Shelvey,ENG,MF,27.0,23.5,1091,964,127,50,6,230,108,25,61,26,24,4,574,157,360,117,925,32,2,4,790,12,23,19,21
ENG-Premier League,1920,Newcastle Utd,Kelland Watts,ENG,DF,19.0,0.2,4,4,0,0,0,1,0,0,0,0,0,0,1,0,3,2,2,0,0,0,1,0,0,0,0
ENG-Premier League,1920,Newcastle Utd,Ki Sung-yueng,KOR,MF,30.0,1.5,67,61,6,3,0,13,8,2,3,3,0,0,45,11,11,5,57,3,0,0,59,0,0,1,0
ENG-Premier League,1920,Newcastle Utd,Martin Dúbravka,SVK,GK,30.0,38.0,1093,607,486,148,0,122,34,0,0,0,0,0,267,38,788,48,849,1,1,122,595,7,34,6,2
ENG-Premier League,1920,Newcastle Utd,Matt Ritchie,SCO,"DF,MF",29.0,14.6,691,533,158,27,0,143,47,38,57,23,24,3,338,148,205,466,111,25,74,4,474,3,11,9,30
ENG-Premier League,1920,Newcastle Utd,Matthew Longstaff,ENG,MF,19.0,6.4,237,232,5,3,0,34,5,3,0,0,0,0,161,30,46,21,200,13,0,0,193,0,4,6,4
ENG-Premier League,1920,Newcastle Utd,Miguel Almirón,PAR,"MF,FW",25.0,33.6,894,881,13,2,2,207,22,38,1,0,1,0,635,145,114,777,67,29,8,8,682,3,16,31,40
ENG-Premier League,1920,Newcastle Utd,Nabil Bentaleb,ALG,MF,24.0,8.3,404,392,12,12,0,63,19,2,0,0,0,0,292,57,55,308,60,18,0,3,347,1,9,8,7
ENG-Premier League,1920,Newcastle Utd,Opponent Total,,,26.5,38.0,23041,21257,1784,424,44,3439,680,553,252,112,83,20,15985,3204,3852,6316,14306,772,820,309,19265,46,334,282,464
ENG-Premier League,1920,Newcastle Utd,Paul Dummett,WAL,DF,27.0,13.6,502,450,52,11,0,104,11,14,0,0,0,0,262,71,169,382,30,29,41,3,358,2,12,6,16
ENG-Premier League,1920,Newcastle Utd,Sean Longstaff,ENG,MF,21.0,15.3,657,605,52,39,1,120,36,20,11,5,3,0,425,94,138,115,477,51,1,3,515,1,16,8,13
ENG-Premier League,1920,Newcastle Utd,Squad Total,,,26.5,38.0,14206,12436,1770,476,24,2793,563,383,151,61,58,12,8013,2145,4048,4099,7994,687,709,199,10500,70,309,228,382
ENG-Premier League,1920,Newcastle Utd,Valentino Lazaro,AUT,"DF,MF",23.0,5.3,194,165,29,4,0,30,5,3,11,1,4,5,113,35,46,22,148,6,14,1,158,1,2,5,3
ENG-Premier League,1920,Newcastle Utd,Yoshinori Mutō,JPN,"FW,MF",27.0,2.4,31,29,2,1,0,11,0,1,0,0,0,0,23,6,2,10,19,0,0,1,26,0,0,0,1
ENG-Premier League,1920,Norwich City,Adam Idah,IRL,"FW,MF",18.0,2.5,48,43,5,0,0,16,0,0,0,0,0,0,28,16,4,6,34,3,1,2,37,0,1,1,2
ENG-Premier League,1920,Norwich City,Akin Famewo,ENG,MF,20.0,0.0,0,0,0,0,0,0,0,0,0,0,0,0,0,0,0,0,0,0,0,0,0,0,0,0,0
ENG-Premier League,1920,Norwich City,Alexander Tettey,NOR,"MF,DF",33.0,26.0,1242,1229,13,11,1,280,19,1,1,0,0,0,968,143,131,163,963,79,1,9,1100,0,12,11,13
ENG-Premier League,1920,Norwich City,Ben Godfrey,ENG,DF,21.0,29.4,1606,1559,47,35,1,255,76,2,0,0,0,0,1244,162,200,139,1369,53,12,2,1413,1,35,18,16
ENG-Premier League,1920,Norwich City,Christoph Zimmermann,GER,DF,26.0,15.9,609,588,21,18,0,124,16,0,0,0,0,0,372,80,157,77,484,31,3,2,492,0,14,5,8
ENG-Premier League,1920,Norwich City,Dennis Srbeny,GER,"MF,FW",25.0,0.5,23,23,0,0,0,4,0,0,0,0,0,0,16,6,1,6,12,3,0,1,17,0,1,0,1
ENG-Premier League,1920,Norwich City,Emi Buendía,ARG,"FW,MF",22.0,27.4,1534,1343,191,66,16,378,87,43,108,46,50,10,1039,202,293,199,1272,29,17,2,1144,8,27,37,52
ENG-Premier League,1920,Norwich City,Grant Hanley,SCO,DF,27.0,14.0,639,606,33,33,0,97,21,1,0,0,0,0,464,64,111,66,527,32,0,1,538,2,14,4,6
ENG-Premier League,1920,Norwich City,Ibrahim Amadou,FRA,"DF,MF",26.0,8.4,361,354,7,4,0,68,5,1,0,0,0,0,285,35,41,23,314,17,2,1,310,1,4,7,5
ENG-Premier League,1920,Norwich City,Jamal Lewis,NIR,DF,21.0,25.6,1306,1050,256,14,1,214,19,35,0,0,0,0,766,325,215,901,128,26,242,1,1036,3,22,30,53
ENG-Premier League,1920,Norwich City,Jordan Thomas,ENG,FW,18.0,0.0,0,0,0,0,0,0,0,0,0,0,0,0,0,0,0,0,0,0,0,0,0,0,0,0,0
ENG-Premier League,1920,Norwich City,Josh Martin,ENG,"FW,MF",17.0,0.4,16,16,0,0,0,7,0,0,0,0,0,0,13,1,2,5,11,0,0,0,12,0,0,1,1
ENG-Premier League,1920,Norwich City,Josip Drmić,SUI,"FW,MF",26.0,7.2,164,152,12,0,0,49,5,3,2,2,0,0,102,44,18,20,120,7,1,9,125,0,4,4,3
ENG-Premier League,1920,Norwich City,Kenny McLean,SCO,MF,27.0,33.0,1689,1600,89,48,4,378,58,30,20,8,12,0,1078,323,288,1199,314,77,18,8,1324,8,35,36,36
ENG-Premier League,1920,Norwich City,Lukas Rupp,GER,"FW,MF",28.0,7.7,260,252,8,2,2,62,2,4,0,0,0,0,154,65,41,50,193,9,4,0,196,0,3,9,13
ENG-Premier League,1920,Norwich City,Marco Stiepermann,GER,MF,28.0,13.1,405,385,20,0,3,120,4,10,0,0,0,0,284,67,54,342,37,15,2,2,291,1,10,10,26
ENG-Premier League,1920,Norwich City,Mario Vrančić,BIH,MF,30.0,7.1,432,419,13,10,2,95,9,5,1,1,0,0,273,72,87,325,69,25,2,2,337,3,4,11,7
ENG-Premier League,1920,Norwich City,Max Aarons,ENG,DF,19.0,36.0,1684,1356,328,27,1,290,10,54,0,0,0,0,1018,391,275,219,1102,45,301,2,1316,0,33,22,70
ENG-Premier League,1920,Norwich City,Michael McGovern,NIR,GK,35.0,1.8,51,32,19,5,0,5,2,0,0,0,0,0,24,1,26,4,36,0,0,10,31,0,1,0,0
ENG-Premier League,1920,Norwich City,Moritz Leitner,GER,MF,26.0,7.6,553,527,26,20,2,96,15,3,1,1,0,0,434,60,59,88,449,5,4,3,472,5,7,7,13
ENG-Premier League,1920,Norwich City,Ondrej Duda,SVK,MF,24.0,8.0,382,345,37,10,0,73,17,8,24,8,15,0,226,82,74,41,309,13,1,11,298,0,7,7,13
ENG-Premier League,1920,Norwich City,Onel Hernández,CUB,"FW,MF",26.0,15.4,335,326,9,0,1,86,2,26,1,0,0,0,252,52,31,59,253,11,7,2,248,0,1,6,18
ENG-Premier League,1920,Norwich City,Opponent Total,,,26.5,38.0,19132,17334,1798,385,40,3340,616,550,266,115,79,27,12057,2959,4116,5286,11507,772,845,229,15279,37,319,262,515
ENG-Premier League,1920,Norwich City,Patrick Roberts,ENG,"FW,MF",22.0,0.3,10,9,1,0,0,1,1,0,0,0,0,0,7,2,1,9,1,0,0,0,7,0,0,1,0
ENG-Premier League,1920,Norwich City,Ralf Fährmann,GER,GK,30.0,0.2,10,7,3,0,0,0,0,0,0,0,0,0,6,1,3,2,6,0,0,2,7,0,1,0,0
ENG-Premier League,1920,Norwich City,Sam Byram,ENG,DF,25.0,14.4,763,624,139,11,0,145,2,3,0,0,0,0,406,199,158,107,450,54,128,5,625,2,17,7,16
ENG-Premier League,1920,Norwich City,Squad Total,,,26.0,38.0,18286,16433,1853,462,38,3625,466,259,162,66,78,10,12107,2918,3261,5432,10795,649,767,285,14610,44,348,275,448
ENG-Premier League,1920,Norwich City,Teemu Pukki,FIN,FW,29.0,32.1,522,455,67,0,3,137,3,14,0,0,0,0,381,100,41,96,378,27,2,16,421,0,4,8,25
ENG-Premier League,1920,Norwich City,Tim Krul,NED,GK,31.0,36.0,1550,1111,439,105,0,225,38,0,0,0,0,0,697,127,726,1001,301,1,1,178,1047,3,46,5,4
ENG-Premier League,1920,Norwich City,Timm Klose,SUI,DF,31.0,6.5,389,375,14,11,0,33,10,0,0,0,0,0,288,39,62,114,232,28,3,4,331,1,4,5,4
ENG-Premier League,1920,Norwich City,Todd Cantwell,ENG,"FW,MF",21.0,27.7,1106,1069,37,13,1,259,29,16,4,0,1,0,818,181,107,93,950,30,15,9,884,6,35,23,38
ENG-Premier League,1920,Norwich City,Tom Trybull,GER,MF,26.0,12.6,597,578,19,19,0,128,16,0,0,0,0,0,464,78,55,78,481,29,0,1,551,0,6,0,5
ENG-Premier League,1920,Sheffield Utd,Ben Osborn,ENG,"MF,DF",24.0,6.6,259,245,14,2,1,64,5,11,3,0,1,1,146,61,52,198,33,11,9,1,179,2,10,4,13
ENG-Premier League,1920,Sheffield Utd,Billy Sharp,ENG,FW,33.0,11.7,222,216,6,0,1,69,2,15,0,0,0,0,134,57,31,21,170,18,0,5,162,1,3,7,12
ENG-Premier League,1920,Sheffield Utd,Callum Robinson,IRL,"FW,MF",24.0,7.5,155,146,9,0,1,38,9,12,0,0,0,0,105,26,24,31,114,4,1,2,117,0,5,3,7
ENG-Premier League,1920,Sheffield Utd,Chris Basham,ENG,DF,31.0,36.0,1461,1290,171,20,0,247,35,38,0,0,0,0,773,252,436,117,1003,139,151,5,1084,5,48,13,28
ENG-Premier League,1920,Sheffield Utd,David McGoldrick,IRL,FW,31.0,20.2,623,609,14,1,4,166,18,11,0,0,0,0,407,116,100,57,462,37,1,8,475,10,16,10,20
ENG-Premier League,1920,Sheffield Utd,Dean Henderson,ENG,GK,22.0,36.0,1035,658,377,119,0,74,26,0,0,0,0,0,131,58,846,61,739,0,0,100,424,3,57,3,6
ENG-Premier League,1920,Sheffield Utd,Enda Stevens,IRL,DF,29.0,37.2,1895,1572,323,7,1,349,28,84,0,0,0,0,1022,424,449,1351,136,70,316,2,1405,6,31,38,89
ENG-Premier League,1920,Sheffield Utd,George Baldock,ENG,DF,26.0,38.0,1552,1249,303,7,1,271,25,96,1,1,0,0,766,372,414,51,1108,69,295,7,1173,4,32,17,88
ENG-Premier League,1920,Sheffield Utd,Jack O'Connell,ENG,DF,25.0,32.4,1555,1467,88,30,2,248,71,42,0,0,0,0,875,212,468,1269,61,110,58,4,1156,5,42,9,39
ENG-Premier League,1920,Sheffield Utd,Jack Robinson,ENG,DF,25.0,5.6,257,230,27,9,1,23,9,7,0,0,0,0,160,22,75,184,32,16,18,1,193,0,13,1,7
ENG-Premier League,1920,Sheffield Utd,Jack Rodwell,ENG,MF,28.0,0.2,2,2,0,0,0,0,0,0,0,0,0,0,1,1,0,1,1,0,0,0,2,0,0,0,0
ENG-Premier League,1920,Sheffield Utd,John Egan,IRL,DF,26.0,35.4,1213,1181,32,28,0,188,49,3,0,0,0,0,768,155,290,142,894,116,4,4,1017,2,30,2,6
ENG-Premier League,1920,Sheffield Utd,John Fleck,SCO,MF,27.0,28.0,1164,1030,134,31,3,224,66,58,77,50,10,5,680,215,269,987,96,57,7,8,854,8,23,22,48
ENG-Premier League,1920,Sheffield Utd,John Lundstram,ENG,MF,25.0,27.3,1202,1179,23,8,4,262,51,33,3,2,0,1,759,229,214,320,800,54,3,6,966,9,28,20,32
ENG-Premier League,1920,Sheffield Utd,Kieron Freeman,WAL,FW,27.0,0.1,2,2,0,0,0,1,0,0,0,0,0,0,1,1,0,0,2,0,0,0,2,0,0,0,0
ENG-Premier League,1920,Sheffield Utd,Leon Clarke,ENG,"FW,MF",34.0,0.4,7,7,0,0,0,2,0,1,0,0,0,0,2,3,2,2,2,1,0,0,5,0,0,0,0
ENG-Premier League,1920,Sheffield Utd,Luke Freeman,ENG,MF,27.0,4.1,150,143,7,0,0,37,3,4,7,4,1,0,92,31,27,124,18,4,0,0,110,0,7,2,11
ENG-Premier League,1920,Sheffield Utd,Lys Mousset,FRA,FW,23.0,13.8,239,231,8,0,1,72,1,10,0,0,0,0,173,42,24,24,191,11,1,4,176,1,6,6,11
ENG-Premier League,1920,Sheffield Utd,Muhamed Bešić,BIH,MF,26.0,2.8,106,104,2,2,0,24,5,1,0,0,0,0,69,20,17,14,80,8,0,0,86,0,0,3,5
ENG-Premier League,1920,Sheffield Utd,Oliver McBurnie,SCO,FW,23.0,23.5,629,613,16,0,0,264,3,11,0,0,0,0,276,180,173,24,341,95,3,18,406,4,6,14,30
ENG-Premier League,1920,Sheffield Utd,Oliver Norwood,NIR,MF,28.0,34.3,2148,1928,220,92,2,347,205,73,121,85,17,8,1122,367,659,76,1914,112,7,4,1664,12,71,24,30
ENG-Premier League,1920,Sheffield Utd,Opponent Total,,,26.7,38.0,21964,19980,1984,453,36,3587,749,421,218,80,76,25,14323,3312,4329,5781,13513,899,939,286,17700,53,359,250,493
ENG-Premier League,1920,Sheffield Utd,Phil Jagielka,ENG,DF,36.0,2.7,73,70,3,0,0,11,3,1,0,0,0,0,47,6,20,11,54,2,3,0,59,0,4,0,1
ENG-Premier League,1920,Sheffield Utd,Ravel Morrison,JAM,MF,26.0,0.1,6,6,0,0,0,2,0,0,0,0,0,0,5,1,0,1,5,0,0,0,4,0,0,1,1
ENG-Premier League,1920,Sheffield Utd,Richairo Živković,NED,FW,22.0,1.2,18,15,3,0,0,4,0,1,0,0,0,0,12,3,3,3,15,0,0,0,16,0,1,0,0
ENG-Premier League,1920,Sheffield Utd,Sander Berge,NOR,MF,21.0,10.5,386,377,9,6,0,106,9,16,0,0,0,0,262,68,56,36,302,19,3,2,298,0,12,4,14
ENG-Premier League,1920,Sheffield Utd,Simon Moore,ENG,GK,29.0,2.0,48,25,23,12,0,1,3,0,0,0,0,0,8,1,39,3,33,0,0,4,19,0,3,1,0
ENG-Premier League,1920,Sheffield Utd,Squad Total,,,26.9,38.0,16407,14595,1812,374,22,3094,626,528,212,142,29,15,8796,2923,4688,5108,8606,953,880,185,12052,72,448,204,498
ENG-Premier League,1920,Southampton,Alex McCarthy,ENG,GK,29.0,28.0,815,535,280,103,0,99,34,0,0,0,0,0,215,46,554,88,570,0,0,74,442,5,32,3,2
ENG-Premier League,1920,Southampton,Angus Gunn,ENG,GK,23.0,10.0,256,144,112,33,0,19,9,0,0,0,0,0,58,11,187,8,202,0,0,24,111,0,10,2,0
ENG-Premier League,1920,Southampton,Che Adams,SCO,FW,23.0,12.3,265,257,8,0,3,73,8,12,0,0,0,0,160,67,38,18,211,11,0,5,184,1,9,8,20
ENG-Premier League,1920,Southampton,Cédric Soares,POR,DF,27.0,14.5,724,527,197,11,0,117,19,41,0,0,0,0,271,208,245,64,414,44,186,3,522,3,12,11,14
ENG-Premier League,1920,Southampton,Danny Ings,ENG,FW,27.0,31.2,678,663,15,0,3,179,17,32,0,0,0,0,351,152,175,87,508,51,1,7,437,7,19,15,34
ENG-Premier League,1920,Southampton,Jack Stephens,ENG,DF,25.0,27.2,1199,1149,50,37,4,197,35,3,0,0,0,0,719,120,360,62,1010,92,13,2,906,6,37,8,23
ENG-Premier League,1920,Southampton,Jake Vokins,ENG,DF,19.0,1.0,73,61,12,1,1,11,1,4,0,0,0,0,31,19,23,48,10,2,11,2,60,0,0,1,1
ENG-Premier League,1920,Southampton,James Ward-Prowse,ENG,"MF,DF",24.0,38.0,1971,1609,362,87,6,293,97,62,182,82,74,19,1033,324,614,170,1534,152,53,10,1458,4,29,26,40
ENG-Premier League,1920,Southampton,Jan Bednarek,POL,DF,23.0,34.0,1434,1371,63,28,1,178,25,0,0,0,0,0,906,153,375,224,975,140,34,4,1143,3,26,13,15
ENG-Premier League,1920,Southampton,Jannik Vestergaard,DEN,DF,26.0,16.6,799,753,46,20,2,139,21,1,0,0,0,0,536,81,182,235,447,59,26,3,641,1,22,3,6
ENG-Premier League,1920,Southampton,Kevin Danso,AUT,DF,20.0,3.1,159,125,34,1,0,32,4,6,0,0,0,0,93,24,42,10,105,6,33,0,115,0,4,5,3
ENG-Premier League,1920,Southampton,Kyle Walker-Peters,ENG,DF,22.0,7.8,436,333,103,9,1,50,3,8,0,0,0,0,252,77,107,35,291,13,94,1,337,0,5,5,17
ENG-Premier League,1920,Southampton,Maya Yoshida,JPN,DF,30.0,6.2,247,239,8,5,0,32,8,0,0,0,0,0,171,24,52,49,174,14,3,4,207,1,7,3,3
ENG-Premier League,1920,Southampton,Michael Obafemi,IRL,FW,19.0,7.4,144,142,2,0,1,50,1,5,0,0,0,0,92,37,15,14,112,7,0,5,112,0,3,6,9
ENG-Premier League,1920,Southampton,Moussa Djenepo,MLI,"MF,DF",21.0,10.3,264,254,10,0,3,56,5,16,0,0,0,0,169,62,33,60,176,11,9,5,191,1,7,8,8
ENG-Premier League,1920,Southampton,Nathan Redmond,ENG,"MF,FW",25.0,30.7,1061,1043,18,1,5,306,37,48,0,0,0,0,702,189,170,80,925,33,3,3,782,6,25,29,44
ENG-Premier League,1920,Southampton,Nathan Tella,ENG,FW,20.0,0.0,1,1,0,0,0,1,0,0,0,0,0,0,0,0,1,0,0,0,0,0,0,0,0,0,0
ENG-Premier League,1920,Southampton,Opponent Total,,,26.5,38.0,17771,15660,2111,492,56,3597,544,467,221,95,64,8,10077,3121,4573,4893,9994,965,1023,283,13226,57,397,282,551
ENG-Premier League,1920,Southampton,Oriol Romeu,ESP,MF,27.0,20.7,1038,1018,20,19,4,218,21,6,0,0,0,0,673,169,196,190,736,75,1,8,866,1,11,16,10
ENG-Premier League,1920,Southampton,Pierre Højbjerg,DEN,MF,23.0,30.6,1810,1745,65,41,2,374,51,25,1,0,0,0,1115,310,385,308,1298,132,19,16,1413,3,60,18,35
ENG-Premier League,1920,Southampton,Ryan Bertrand,ENG,DF,29.0,30.5,1656,1239,417,48,0,261,45,81,25,7,10,7,833,338,485,1083,88,92,344,6,1244,6,29,29,61
ENG-Premier League,1920,Southampton,Shane Long,IRL,FW,32.0,15.5,405,400,5,0,0,169,9,21,0,0,0,0,134,146,125,48,184,56,1,24,226,1,15,6,28
ENG-Premier League,1920,Southampton,Sofiane Boufal,MAR,"MF,FW",25.0,8.5,325,317,8,1,1,96,8,30,1,0,0,0,222,54,49,62,236,12,6,1,247,0,9,6,14
ENG-Premier League,1920,Southampton,Squad Total,,,25.9,38.0,16900,14943,1957,448,40,3214,479,427,209,89,84,26,9389,2865,4646,3119,10989,1043,947,213,12483,51,404,247,440
ENG-Premier League,1920,Southampton,Stuart Armstrong,SCO,MF,27.0,19.1,612,593,19,0,2,157,8,14,0,0,0,0,390,136,86,131,432,22,15,4,466,2,10,16,32
ENG-Premier League,1920,Southampton,William Smallbone,IRL,MF,19.0,4.4,210,203,7,1,1,42,6,4,0,0,0,0,142,34,34,31,170,4,1,1,175,0,3,3,5
ENG-Premier League,1920,Southampton,Yan Valery,FRA,DF,20.0,8.7,318,222,96,2,0,65,7,8,0,0,0,0,121,84,113,14,181,15,94,1,198,0,20,7,16
ENG-Premier League,1920,Tottenham,Ben Davies,WAL,DF,26.0,15.9,956,786,170,16,1,124,12,29,0,0,0,0,545,199,212,653,80,41,154,2,730,2,14,25,32
ENG-Premier League,1920,Tottenham,Christian Eriksen,DEN,"MF,FW",27.0,12.2,743,659,84,26,4,119,35,24,46,18,16,5,468,111,164,173,532,23,10,2,549,4,9,18,19
ENG-Premier League,1920,Tottenham,Danny Rose,ENG,DF,29.0,9.9,572,480,92,17,0,69,5,31,1,0,1,0,353,91,128,412,67,13,74,0,435,3,1,15,22
ENG-Premier League,1920,Tottenham,Davinson Sánchez,COL,DF,23.0,27.0,1496,1457,39,24,0,214,42,2,0,0,0,0,1142,160,194,201,1181,70,15,4,1298,2,17,13,20
ENG-Premier League,1920,Tottenham,Dele Alli,ENG,"MF,FW",23.0,20.5,805,747,58,9,6,195,8,5,4,0,0,1,587,139,79,33,702,30,17,8,621,6,8,16,37
ENG-Premier League,1920,Tottenham,Eric Dier,ENG,"DF,MF",25.0,14.9,876,857,19,18,0,136,28,1,0,0,0,0,597,100,179,118,653,55,1,2,713,4,13,16,7
ENG-Premier League,1920,Tottenham,Gedson Fernandes,POR,"MF,DF",20.0,0.8,51,44,7,1,0,11,0,3,0,0,0,0,30,14,7,4,39,2,6,0,40,0,1,0,3
ENG-Premier League,1920,Tottenham,Georges-Kévin N'Koudou,FRA,FW,24.0,0.0,0,0,0,0,0,0,0,0,0,0,0,0,0,0,0,0,0,0,0,0,0,0,0,0,0
ENG-Premier League,1920,Tottenham,Giovani Lo Celso,ARG,"MF,FW",23.0,16.6,1005,922,83,37,2,177,45,18,40,18,9,7,684,162,159,847,116,20,6,9,832,4,10,16,21
ENG-Premier League,1920,Tottenham,Harry Kane,ENG,FW,26.0,28.7,592,561,31,5,6,184,17,22,0,0,0,0,315,164,113,63,434,32,6,9,394,2,14,19,33
ENG-Premier League,1920,Tottenham,Harry Winks,ENG,MF,23.0,24.7,1656,1583,73,43,5,237,47,15,7,3,2,1,1282,173,201,206,1389,42,5,5,1466,2,18,22,12
ENG-Premier League,1920,Tottenham,Hugo Lloris,FRA,GK,32.0,20.1,568,381,187,38,0,49,14,0,0,0,0,0,235,38,295,331,113,0,0,82,395,2,9,1,1
ENG-Premier League,1920,Tottenham,Jan Vertonghen,BEL,DF,32.0,18.3,1112,1009,103,38,0,166,28,10,0,0,0,0,764,147,201,726,249,47,65,1,930,1,9,13,23
ENG-Premier League,1920,Tottenham,Japhet Tanganga,ENG,DF,20.0,5.8,232,195,37,4,0,38,5,2,0,0,0,0,135,59,38,21,151,13,33,1,188,0,5,3,11
ENG-Premier League,1920,Tottenham,Juan Foyth,ARG,DF,21.0,0.8,60,52,8,1,0,12,3,0,0,0,0,0,44,8,8,6,46,0,7,0,53,1,1,1,0
ENG-Premier League,1920,Tottenham,Kyle Walker-Peters,ENG,DF,22.0,2.7,214,187,27,4,0,32,3,4,0,0,0,0,154,33,27,15,171,5,23,0,183,1,1,3,6
ENG-Premier League,1920,Tottenham,Lucas Moura,BRA,"FW,MF",26.0,24.9,799,782,17,5,6,218,6,27,4,2,1,0,518,157,124,81,633,37,5,3,581,3,9,20,38
ENG-Premier League,1920,Tottenham,Moussa Sissoko,FRA,MF,29.0,27.2,1279,1212,67,21,2,196,23,21,0,0,0,0,960,186,133,125,1025,47,46,12,1106,3,14,24,23
ENG-Premier League,1920,Tottenham,Oliver Skipp,ENG,"MF,DF",18.0,0.9,38,38,0,0,0,5,1,0,0,0,0,0,31,2,5,2,32,4,0,0,33,0,2,2,0
ENG-Premier League,1920,Tottenham,Opponent Total,,,26.7,38.0,18298,16553,1745,456,48,3256,611,479,207,88,72,18,11476,2809,4013,4906,11116,803,736,241,14460,46,329,251,490
ENG-Premier League,1920,Tottenham,Paulo Gazzaniga,ARG,GK,27.0,17.9,516,350,166,26,1,63,10,0,0,0,0,0,223,15,278,21,393,0,0,58,319,2,14,0,2
ENG-Premier League,1920,Tottenham,Ryan Sessegnon,ENG,DF,19.0,3.8,195,168,27,2,0,39,5,12,1,0,1,0,119,42,34,151,11,4,24,0,145,0,1,4,8
ENG-Premier League,1920,Tottenham,Serge Aurier,CIV,DF,26.0,30.0,1654,1380,274,16,1,271,21,98,0,0,0,0,915,418,321,171,1092,94,258,3,1262,3,27,31,70
ENG-Premier League,1920,Tottenham,Son Heung-min,KOR,"FW,MF",27.0,27.5,882,802,80,12,6,201,33,29,47,20,14,7,629,143,110,118,714,23,15,4,705,1,10,15,43
ENG-Premier League,1920,Tottenham,Squad Total,,,26.7,38.0,19704,17883,1821,464,48,3313,496,387,199,92,52,24,13099,2949,3656,5408,12079,739,784,225,15794,62,266,314,488
ENG-Premier League,1920,Tottenham,Steven Bergwijn,NED,"FW,MF",21.0,7.8,259,247,12,4,0,68,2,9,3,2,0,0,178,50,31,11,224,11,2,5,225,0,5,2,3
ENG-Premier League,1920,Tottenham,Tanguy Ndombele,FRA,MF,22.0,11.2,629,608,21,15,0,137,13,7,6,1,1,2,507,65,57,59,555,10,0,1,532,4,8,10,19
ENG-Premier League,1920,Tottenham,Toby Alderweireld,BEL,DF,30.0,32.9,1895,1814,81,72,6,205,65,8,0,0,0,0,1238,190,467,340,1402,101,9,7,1567,10,39,9,12
ENG-Premier League,1920,Tottenham,Troy Parrott,IRL,"MF,DF",17.0,0.1,5,4,1,0,0,2,0,0,0,0,0,0,3,2,0,2,2,0,1,0,5,0,0,0,0
ENG-Premier League,1920,Tottenham,Victor Wanyama,KEN,MF,28.0,0.3,19,17,2,1,0,2,1,0,0,0,0,0,12,4,3,0,16,2,1,0,18,0,0,0,0
ENG-Premier League,1920,Tottenham,Érik Lamela,ARG,"MF,FW",27.0,13.5,596,541,55,9,2,143,24,10,40,28,7,1,431,77,88,518,57,13,1,7,469,2,7,16,23
ENG-Premier League,1920,Watford,Abdoulaye Doucouré,MLI,MF,26.0,35.1,1658,1645,13,8,2,348,24,27,1,0,0,0,1175,293,190,259,1284,68,0,6,1302,4,19,29,64
ENG-Premier League,1920,Watford,Adam Masina,MAR,DF,25.0,20.2,934,716,218,17,0,162,39,60,8,5,1,1,325,165,444,568,62,67,193,5,582,6,23,8,32
ENG-Premier League,1920,Watford,Adrian Mariappa,JAM,DF,32.0,16.8,585,451,134,7,1,73,12,18,0,0,0,0,253,121,211,44,356,42,127,0,426,2,15,6,10
ENG-Premier League,1920,Watford,Andre Gray,JAM,FW,28.0,8.4,155,147,8,0,2,55,2,8,0,0,0,0,96,41,18,33,101,8,0,5,102,0,4,6,16
ENG-Premier League,1920,Watford,Ben Foster,ENG,GK,36.0,38.0,1201,734,467,174,0,96,55,0,0,0,0,0,175,54,972,793,164,0,1,121,533,13,36,7,3
ENG-Premier League,1920,Watford,Christian Kabasele,BEL,DF,28.0,25.0,636,623,13,11,0,96,25,0,0,0,0,0,341,99,196,47,511,52,2,2,484,1,13,8,7
ENG-Premier League,1920,Watford,Craig Cathcart,NIR,DF,30.0,27.6,860,837,23,18,0,139,32,3,0,0,0,0,521,118,221,196,545,73,5,3,716,2,14,7,5
ENG-Premier League,1920,Watford,Craig Dawson,ENG,DF,29.0,26.2,909,879,30,13,1,151,51,3,0,0,0,0,534,143,232,53,720,63,17,9,731,5,24,8,13
ENG-Premier League,1920,Watford,Danny Welbeck,ENG,"FW,MF",28.0,9.1,168,160,8,0,0,44,1,2,1,0,1,0,113,31,24,8,128,11,2,2,131,0,1,2,6
ENG-Premier League,1920,Watford,Daryl Janmaat,NED,DF,30.0,6.7,341,287,54,1,0,64,9,20,0,0,0,0,173,90,78,43,237,8,53,0,257,0,7,4,17
ENG-Premier League,1920,Watford,Dimitri Foulquier,FRA,"DF,MF",26.0,0.7,13,12,1,0,0,5,0,0,0,0,0,0,7,4,2,2,10,0,1,0,10,0,1,0,1
ENG-Premier League,1920,Watford,Domingos Quina,POR,MF,19.0,0.2,9,9,0,0,0,0,0,0,0,0,0,0,8,1,0,0,9,0,0,0,9,0,0,0,0
ENG-Premier League,1920,Watford,Gerard Deulofeu,ESP,FW,25.0,23.3,823,731,92,30,3,178,25,59,33,14,11,4,544,151,128,66,732,9,8,6,603,4,9,20,48
ENG-Premier League,1920,Watford,Ignacio Pussetto,ARG,"FW,DF",23.0,0.8,31,27,4,1,0,5,1,4,0,0,0,0,9,9,13,4,18,5,3,0,18,0,1,1,0
ENG-Premier League,1920,Watford,Isaac Success,NGA,"FW,MF",23.0,0.8,21,21,0,0,0,12,0,1,0,0,0,0,12,7,2,1,15,1,0,3,14,0,0,1,2
ENG-Premier League,1920,Watford,Ismaila Sarr,SEN,"FW,MF",21.0,22.5,602,592,10,2,3,142,12,92,1,0,1,0,402,112,88,42,525,15,1,5,439,3,13,16,30
ENG-Premier League,1920,Watford,José Holebas,GRE,DF,35.0,11.4,608,422,186,17,0,85,31,32,36,12,17,5,252,133,223,373,48,32,133,0,431,1,11,10,11
ENG-Premier League,1920,Watford,João Pedro,BRA,"FW,MF",17.0,0.3,14,14,0,0,0,5,0,3,0,0,0,0,10,1,3,4,9,0,0,0,10,0,0,0,1
ENG-Premier League,1920,Watford,Kiko Femenía,ESP,DF,28.0,24.9,1292,1010,282,16,0,163,23,56,2,1,1,0,682,301,309,144,810,55,264,4,998,1,21,31,36
ENG-Premier League,1920,Watford,Nathaniel Chalobah,ENG,MF,24.0,10.3,358,335,23,7,2,89,15,4,13,2,2,5,211,76,71,61,259,22,2,0,263,1,7,6,18
ENG-Premier League,1920,Watford,Opponent Total,,,26.5,38.0,20774,18959,1815,509,42,3795,642,496,199,109,53,11,13542,3065,4167,5737,12613,890,758,271,16731,72,366,304,464
ENG-Premier League,1920,Watford,Roberto Pereyra,ARG,"FW,MF",28.0,18.3,654,614,40,5,5,121,15,16,22,9,6,1,410,141,103,91,504,36,12,7,538,1,10,16,18
ENG-Premier League,1920,Watford,Sebastian Prödl,AUT,DF,32.0,0.6,10,10,0,0,0,2,0,0,0,0,0,0,3,2,5,1,6,1,0,0,6,0,1,0,0
ENG-Premier League,1920,Watford,Squad Total,,,28.9,38.0,15407,13605,1802,405,30,2720,493,488,167,68,50,25,8171,2848,4388,3828,9042,861,835,208,11208,62,299,247,428
ENG-Premier League,1920,Watford,Tom Cleverley,ENG,MF,29.0,10.8,469,441,28,14,1,72,14,20,6,1,2,2,282,77,110,54,377,26,5,2,366,3,9,4,10
ENG-Premier League,1920,Watford,Troy Deeney,ENG,FW,31.0,24.7,705,684,21,0,4,256,6,14,1,0,0,0,243,250,212,26,395,121,1,13,404,6,24,17,30
ENG-Premier League,1920,Watford,Will Hughes,ENG,"MF,FW",24.0,25.0,920,856,64,26,2,172,25,32,36,20,5,7,547,183,190,704,146,42,2,6,676,6,19,25,30
ENG-Premier League,1920,Watford,Étienne Capoue,FRA,MF,31.0,29.2,1431,1348,83,38,4,185,76,14,7,4,3,0,843,245,343,211,1071,104,3,9,1159,3,17,15,20
ENG-Premier League,1920,West Ham,Aaron Cresswell,ENG,DF,29.0,30.3,1681,1292,389,45,3,242,38,70,19,11,5,0,796,359,526,1201,81,41,325,1,1241,6,41,19,77
ENG-Premier League,1920,West Ham,Albian Ajeti,SUI,"MF,FW",22.0,1.5,18,17,1,0,0,5,0,0,0,0,0,0,6,8,4,2,12,3,0,0,15,0,0,0,0
ENG-Premier League,1920,West Ham,Andriy Yarmolenko,UKR,"MF,FW",29.0,11.0,424,414,10,4,1,92,20,22,3,2,0,1,283,67,74,308,94,15,3,1,338,0,8,7,12
ENG-Premier League,1920,West Ham,Angelo Ogbonna,ITA,DF,31.0,31.0,945,925,20,20,0,172,24,2,0,0,0,0,577,118,250,568,238,74,0,5,744,5,22,2,8
ENG-Premier League,1920,West Ham,Arthur Masuaku,COD,DF,25.0,10.4,588,500,88,8,1,140,18,21,0,0,0,0,383,112,93,448,33,23,80,0,472,2,7,10,27
ENG-Premier League,1920,West Ham,Ben Johnson,ENG,DF,19.0,3.0,161,132,29,0,0,16,8,6,0,0,0,0,72,34,55,19,102,8,29,0,111,1,5,5,8
ENG-Premier League,1920,West Ham,Carlos Sánchez,COL,"MF,DF",33.0,1.3,55,55,0,0,0,15,1,0,0,0,0,0,28,13,14,14,32,5,0,2,45,0,0,1,1
ENG-Premier League,1920,West Ham,Darren Randolph,IRL,GK,32.0,2.0,40,22,18,4,0,1,0,0,0,0,0,0,4,1,35,0,30,0,0,3,22,1,0,0,0
ENG-Premier League,1920,West Ham,David Martin,ENG,GK,33.0,4.8,124,61,63,19,0,14,1,0,0,0,0,0,14,5,105,1,98,0,0,10,55,0,0,1,0
ENG-Premier League,1920,West Ham,Declan Rice,ENG,MF,20.0,38.0,1717,1685,32,28,2,323,81,22,0,0,0,0,1192,236,289,300,1286,89,4,2,1476,3,36,21,26
ENG-Premier League,1920,West Ham,Fabián Balbuena,PAR,DF,27.0,13.1,487,469,18,13,1,81,21,1,0,0,0,0,288,67,132,69,357,31,5,4,361,3,8,8,13
ENG-Premier League,1920,West Ham,Felipe Anderson,BRA,"MF,FW",26.0,16.6,934,903,31,9,3,188,23,32,5,3,1,0,635,174,125,124,750,31,12,13,725,3,14,28,40
ENG-Premier League,1920,West Ham,Issa Diop,FRA,DF,22.0,30.7,948,906,42,41,0,135,17,1,0,0,0,0,620,102,226,130,686,88,1,2,755,2,29,12,16
ENG-Premier League,1920,West Ham,Jack Wilshere,ENG,MF,27.0,2.4,73,69,4,3,0,15,0,0,0,0,0,0,53,10,10,60,5,1,0,2,61,0,2,2,1
ENG-Premier League,1920,West Ham,Jarrod Bowen,ENG,FW,22.0,10.2,276,247,29,4,1,47,22,31,25,20,1,0,157,38,81,204,59,9,0,1,188,0,8,2,16
ENG-Premier League,1920,West Ham,Javier Hernández,MEX,FW,31.0,1.2,22,18,4,0,0,3,0,1,0,0,0,0,17,3,2,6,14,1,0,1,19,0,0,0,1
ENG-Premier League,1920,West Ham,Jeremy Ngakia,ENG,DF,18.0,4.9,161,116,45,0,0,40,3,9,0,0,0,0,54,34,73,18,84,8,45,1,89,0,4,8,9
ENG-Premier League,1920,West Ham,Manuel Lanzini,ARG,"MF,FW",26.0,15.3,798,737,61,18,3,154,29,14,32,17,11,1,583,118,97,87,680,17,2,9,674,3,12,15,13
ENG-Premier League,1920,West Ham,Mark Noble,ENG,MF,32.0,29.7,1499,1387,112,62,5,268,66,21,14,9,2,1,890,287,322,104,1319,54,9,2,1217,8,28,28,45
ENG-Premier League,1920,West Ham,Michail Antonio,JAM,FW,29.0,19.6,507,467,40,1,5,169,14,52,0,0,0,0,249,133,125,49,335,30,25,15,325,4,10,6,36
ENG-Premier League,1920,West Ham,Nathan Holland,ENG,MF,21.0,0.4,14,13,1,0,0,4,0,2,0,0,0,0,9,4,1,0,13,0,1,0,11,0,0,0,1
ENG-Premier League,1920,West Ham,Opponent Total,,,26.6,38.0,20982,19228,1754,431,63,3576,520,516,218,106,60,16,13813,3264,3905,5591,12961,845,764,287,17073,92,355,280,506
ENG-Premier League,1920,West Ham,Pablo Fornals,ESP,"MF,FW",23.0,24.1,897,860,37,10,6,222,31,37,19,4,9,3,594,167,136,106,753,23,2,5,680,0,13,17,55
ENG-Premier League,1920,West Ham,Pablo Zabaleta,ARG,DF,34.0,6.6,326,258,68,4,0,32,3,12,0,0,0,0,158,56,112,27,201,29,64,0,247,0,3,3,14
ENG-Premier League,1920,West Ham,Robert Snodgrass,SCO,"MF,FW",31.0,16.8,635,529,106,32,2,113,37,52,72,27,24,19,326,103,206,541,53,29,1,2,435,3,6,15,24
ENG-Premier League,1920,West Ham,Roberto,ESP,GK,33.0,7.6,232,155,77,36,0,14,2,0,0,0,0,0,53,13,166,7,181,0,0,26,113,1,4,0,0
ENG-Premier League,1920,West Ham,Ryan Fredericks,ENG,DF,26.0,24.9,1096,884,212,6,0,170,6,53,0,0,0,0,571,175,350,89,716,68,206,2,795,3,15,13,47
ENG-Premier League,1920,West Ham,Squad Total,,,27.4,38.0,16488,14651,1837,439,35,3153,501,470,190,94,53,25,9317,2744,4427,4629,9427,769,816,223,12388,56,308,250,533
ENG-Premier League,1920,West Ham,Sébastien Haller,CIV,FW,25.0,25.2,766,735,31,0,2,322,4,8,0,0,0,0,350,199,217,82,439,58,0,23,522,3,8,21,28
ENG-Premier League,1920,West Ham,Tomáš Souček,CZE,MF,24.0,11.6,392,386,6,3,0,95,11,1,1,1,0,0,227,68,97,44,270,34,2,0,274,1,6,5,12
ENG-Premier League,1920,West Ham,Łukasz Fabiański,POL,GK,34.0,23.5,672,409,263,69,0,61,21,0,0,0,0,0,128,40,504,21,506,0,0,91,378,4,19,1,3
ENG-Premier League,1920,Wolves,Adama Traoré,ESP,"FW,MF",23.0,28.9,942,888,54,0,3,257,36,148,0,0,0,0,514,169,259,85,741,21,54,7,621,1,19,20,70
ENG-Premier League,1920,Wolves,Bruno Jordão,POR,FW,20.0,0.1,5,5,0,0,0,0,0,0,0,0,0,0,3,1,1,1,4,0,0,0,2,0,0,0,2
ENG-Premier League,1920,Wolves,Conor Coady,ENG,DF,26.0,38.0,1782,1748,34,33,3,218,99,0,0,0,0,0,1059,208,515,68,1584,106,1,4,1531,3,25,15,15
ENG-Premier League,1920,Wolves,Daniel Podence,POR,"FW,MF",23.0,3.2,105,102,3,0,1,18,0,5,2,0,1,0,75,13,17,12,90,3,0,0,74,1,3,2,3
ENG-Premier League,1920,Wolves,Diogo Jota,POR,"FW,MF",22.0,25.4,861,822,39,0,0,206,22,36,1,0,0,0,584,164,113,261,548,22,5,7,681,4,14,15,47
ENG-Premier League,1920,Wolves,Jesús Vallejo,ESP,DF,22.0,1.8,104,103,1,1,0,13,3,0,0,0,0,0,70,11,23,5,94,2,0,0,81,0,5,1,1
ENG-Premier League,1920,Wolves,Jonny Castro,ESP,DF,25.0,32.1,1445,1132,313,8,0,267,18,43,2,1,0,0,821,405,219,334,726,52,303,5,1177,3,22,23,47
ENG-Premier League,1920,Wolves,João Moutinho,POR,MF,32.0,34.5,2022,1697,325,148,7,336,134,80,166,35,73,12,1005,414,603,122,1781,92,5,6,1614,4,33,27,38
ENG-Premier League,1920,Wolves,Leander Dendoncker,BEL,"MF,DF",24.0,31.1,1284,1267,17,14,1,191,41,7,0,0,0,0,908,178,198,209,907,103,2,2,1087,4,8,20,25
ENG-Premier League,1920,Wolves,Matt Doherty,IRL,DF,27.0,31.5,1793,1454,339,5,1,293,23,38,0,0,0,0,887,480,426,75,1180,116,334,12,1369,3,27,35,59
ENG-Premier League,1920,Wolves,Max Kilman,ENG,DF,22.0,2.1,90,90,0,0,0,14,1,0,0,0,0,0,67,9,14,76,6,4,0,1,72,2,1,1,1
ENG-Premier League,1920,Wolves,Morgan Gibbs-White,ENG,"MF,FW",19.0,1.4,82,80,2,1,1,17,0,2,0,0,0,0,49,17,16,3,68,5,1,2,66,1,2,1,1
ENG-Premier League,1920,Wolves,Opponent Total,,,26.5,38.0,19500,17732,1768,441,31,3371,531,451,148,61,48,9,12540,3103,3857,5000,12203,751,824,239,15623,38,333,261,481
ENG-Premier League,1920,Wolves,Patrick Cutrone,ITA,FW,21.0,3.3,56,49,7,0,0,21,2,6,0,0,0,0,33,11,12,9,40,1,0,3,38,0,4,1,0
ENG-Premier League,1920,Wolves,Pedro Neto,POR,"FW,MF",19.0,10.4,397,368,29,8,0,91,14,35,12,1,5,0,261,81,55,302,68,16,2,4,303,1,8,7,20
ENG-Premier League,1920,Wolves,Raúl Jiménez,MEX,FW,28.0,36.0,1009,970,39,3,7,300,37,30,1,1,0,0,514,297,198,61,798,46,12,45,732,3,20,27,50
ENG-Premier League,1920,Wolves,Romain Saïss,MAR,DF,29.0,30.1,1540,1493,47,37,1,187,61,7,0,0,0,0,952,226,362,1232,136,97,10,5,1252,4,32,18,31
ENG-Premier League,1920,Wolves,Rui Patrício,POR,GK,31.0,38.0,862,503,359,77,0,52,35,0,0,0,0,0,219,60,583,477,179,3,0,124,550,3,31,5,2
ENG-Premier League,1920,Wolves,Ryan Bennett,ENG,DF,29.0,6.7,239,224,15,3,0,41,8,3,0,0,0,0,134,26,79,14,180,17,12,2,185,1,5,3,1
ENG-Premier League,1920,Wolves,Rúben Neves,POR,MF,22.0,34.0,1974,1913,61,46,5,310,149,16,9,3,4,0,1133,344,497,157,1692,97,6,4,1587,4,46,21,24
ENG-Premier League,1920,Wolves,Rúben Vinagre,POR,DF,20.0,7.2,344,269,75,5,0,64,8,20,0,0,0,0,171,95,78,237,24,7,70,1,257,0,9,4,21
ENG-Premier League,1920,Wolves,Squad Total,,,26.6,38.0,17895,16118,1777,403,34,3044,705,476,193,41,83,12,10117,3312,4466,3843,11601,863,821,237,14072,45,328,255,470
ENG-Premier League,1920,Wolves,Willy Boly,CIV,DF,28.0,22.0,959,941,18,14,4,148,14,0,0,0,0,0,658,103,198,103,755,53,4,3,793,3,14,9,12
