,,,,Nation,Pos,Age,90s,Total,Total,Total,Total,Total,Short,Short,Short,Medium,Medium,Medium,Long,Long,Long,Ast,xA,A-xA,KP,1/3,PPA,CrsPA,Prog
,,,,,,,,Cmp,Att,Cmp%,TotDist,PrgDist,Cmp,Att,Cmp%,Cmp,Att,Cmp%,Cmp,Att,Cmp%,,,,,,,,
league,season,team,player,,,,,,,,,,,,,,,,,,,,,,,,,,
ENG-Premier League,1920,Arsenal,Ainsley Maitland-Niles,ENG,DF,21.0,15.4,825,999,82.6,14121,4762,392,437,89.7,331,385,86.0,84,136,61.8,2,1.5,0.5,10,49,13,5,51
ENG-Premier League,1920,Arsenal,Alexandre Lacazette,FRA,FW,28.0,20.8,387,499,77.6,5867,1064,221,255,86.7,113,142,79.6,32,56,57.1,4,3.1,0.9,22,28,23,6,30
ENG-Premier League,1920,Arsenal,Bernd Leno,GER,GK,27.0,29.4,742,990,74.9,18295,9801,170,171,99.4,392,398,98.5,174,414,42.0,0,0.0,0.0,0,3,0,0,0
ENG-Premier League,1920,Arsenal,Bukayo Saka,ENG,"DF,FW",17.0,19.5,659,844,78.1,10760,3132,337,383,88.0,269,327,82.3,41,84,48.8,5,3.5,1.5,22,38,21,6,61
ENG-Premier League,1920,Arsenal,Calum Chambers,ENG,DF,24.0,12.2,702,865,81.2,14269,4326,226,258,87.6,361,408,88.5,108,168,64.3,1,0.7,0.3,4,36,5,2,45
ENG-Premier League,1920,Arsenal,Cédric Soares,POR,DF,27.0,2.8,94,133,70.7,1744,520,37,46,80.4,44,59,74.6,10,21,47.6,0,0.0,0.0,1,5,2,1,11
ENG-Premier League,1920,Arsenal,Dani Ceballos,ESP,MF,22.0,18.8,1096,1301,84.2,22107,5542,417,451,92.5,483,529,91.3,189,278,68.0,2,1.9,0.1,29,120,30,2,105
ENG-Premier League,1920,Arsenal,David Luiz,BRA,DF,32.0,31.2,1481,1713,86.5,36779,10647,280,305,91.8,793,825,96.1,398,562,70.8,1,0.9,0.1,4,99,9,1,77
ENG-Premier League,1920,Arsenal,Eddie Nketiah,ENG,FW,20.0,7.0,111,140,79.3,1668,248,65,75,86.7,39,47,83.0,5,8,62.5,0,0.6,-0.6,5,6,3,0,9
ENG-Premier League,1920,Arsenal,Emile Smith Rowe,ENG,MF,19.0,1.1,30,36,83.3,391,65,19,21,90.5,9,9,100.0,1,3,33.3,0,0.0,0.0,0,3,0,0,0
ENG-Premier League,1920,Arsenal,Emiliano Martínez,ARG,GK,26.0,8.6,212,293,72.4,5765,3162,44,44,100.0,107,110,97.3,57,134,42.5,0,0.0,0.0,0,6,0,0,0
ENG-Premier League,1920,Arsenal,Granit Xhaka,SUI,MF,26.0,28.7,1656,1886,87.8,34310,8538,559,623,89.7,794,869,91.4,287,359,79.9,2,1.1,0.9,15,191,23,3,160
ENG-Premier League,1920,Arsenal,Henrikh Mkhitaryan,ARM,FW,30.0,1.2,58,77,75.3,938,221,30,32,93.8,20,27,74.1,6,11,54.5,0,0.2,-0.2,2,3,2,0,6
ENG-Premier League,1920,Arsenal,Héctor Bellerín,ESP,DF,24.0,12.9,558,686,81.3,9186,2754,265,298,88.9,248,293,84.6,35,57,61.4,0,0.3,-0.3,2,32,8,2,38
ENG-Premier League,1920,Arsenal,Joe Willock,ENG,"MF,FW",19.0,9.5,299,368,81.3,5215,1448,143,166,86.1,114,131,87.0,31,53,58.5,1,0.8,0.2,12,31,8,2,34
ENG-Premier League,1920,Arsenal,Kieran Tierney,SCO,DF,22.0,11.0,414,544,76.1,8028,2568,173,197,87.8,181,227,79.7,55,97,56.7,1,1.1,-0.1,6,22,8,5,40
ENG-Premier League,1920,Arsenal,Lucas Torreira,URU,MF,23.0,16.8,793,906,87.5,15698,3306,261,288,90.6,401,441,90.9,122,151,80.8,1,1.1,-0.1,14,44,5,0,57
ENG-Premier League,1920,Arsenal,Martinelli,BRA,FW,18.0,7.4,86,138,62.3,1243,373,58,76,76.3,19,39,48.7,7,10,70.0,0,0.3,-0.3,2,2,6,1,10
ENG-Premier League,1920,Arsenal,Mattéo Guendouzi,FRA,MF,20.0,19.4,1018,1144,89.0,20105,5471,389,421,92.4,454,489,92.8,160,193,82.9,1,1.2,-0.2,13,132,19,1,125
ENG-Premier League,1920,Arsenal,Mesut Özil,GER,MF,30.0,16.0,754,891,84.6,12500,3374,383,414,92.5,286,315,90.8,73,131,55.7,2,2.2,-0.2,36,60,25,1,88
ENG-Premier League,1920,Arsenal,Nacho Monreal,ESP,DF,33.0,3.0,182,201,90.5,2684,1130,106,112,94.6,66,71,93.0,6,12,50.0,0,0.3,-0.3,3,8,1,0,7
ENG-Premier League,1920,Arsenal,Nicolas Pépé,CIV,FW,24.0,22.3,616,803,76.7,9870,2374,354,397,89.2,194,245,79.2,56,119,47.1,6,4.4,1.6,39,24,34,9,47
ENG-Premier League,1920,Arsenal,Opponent Total,,,26.6,38.0,13754,17221,79.9,274662,92749,5567,6276,88.7,5817,6717,86.6,2150,3558,60.4,30,35.8,-5.8,396,1088,314,84,1132
ENG-Premier League,1920,Arsenal,Pablo Marí,ESP,DF,25.0,1.3,81,91,89.0,1746,362,29,30,96.7,36,36,100.0,16,23,69.6,0,0.0,0.0,0,4,0,0,4
ENG-Premier League,1920,Arsenal,Pierre-Emerick Aubameyang,GAB,FW,30.0,34.8,612,888,68.9,9377,2584,344,433,79.4,222,323,68.7,33,73,45.2,3,2.9,0.1,23,27,47,14,78
ENG-Premier League,1920,Arsenal,Reiss Nelson,ENG,FW,19.0,7.0,186,234,79.5,2932,811,107,122,87.7,55,64,85.9,17,31,54.8,0,0.7,-0.7,10,9,9,4,16
ENG-Premier League,1920,Arsenal,Rob Holding,ENG,DF,23.0,6.5,292,338,86.4,6532,1724,62,65,95.4,181,194,93.3,47,74,63.5,0,0.0,0.0,0,13,2,0,13
ENG-Premier League,1920,Arsenal,Sead Kolašinac,BIH,DF,26.0,18.9,869,1031,84.3,14326,4428,436,478,91.2,377,446,84.5,48,76,63.2,2,1.0,1.0,9,52,15,5,64
ENG-Premier League,1920,Arsenal,Shkodran Mustafi,GER,DF,27.0,13.4,663,790,83.9,15630,4622,137,160,85.6,364,402,90.5,159,210,75.7,1,0.0,1.0,1,48,1,0,42
ENG-Premier League,1920,Arsenal,Sokratis Papastathopoulos,GRE,DF,31.0,18.8,873,973,89.7,19134,5508,255,271,94.1,439,455,96.5,171,232,73.7,0,0.2,-0.2,1,26,1,0,22
ENG-Premier League,1920,Arsenal,Squad Total,,,25.8,38.0,16349,19802,82.6,321220,94865,6299,7029,89.6,7392,8306,89.0,2428,3776,64.3,35,29.9,5.1,285,1121,320,70,1240
ENG-Premier League,1920,Aston Villa,Ahmed Elmohamady,EGY,DF,31.0,11.5,484,633,76.5,9333,3713,211,232,90.9,189,241,78.4,78,138,56.5,1,2.6,-1.6,19,44,22,16,43
ENG-Premier League,1920,Aston Villa,Anwar El Ghazi,NED,"FW,MF",24.0,22.8,402,615,65.4,6817,1953,220,271,81.2,115,181,63.5,52,107,48.6,4,2.8,1.2,32,15,22,15,43
ENG-Premier League,1920,Aston Villa,Björn Engels,BEL,DF,24.0,16.1,503,605,83.1,11927,3879,124,141,87.9,263,289,91.0,113,168,67.3,0,0.1,-0.1,1,46,1,1,35
ENG-Premier League,1920,Aston Villa,Borja Bastón,ESP,"MF,FW",26.0,0.2,4,5,80.0,81,28,2,3,66.7,0,0,,2,2,100.0,0,0.0,0.0,0,1,0,0,2
ENG-Premier League,1920,Aston Villa,Conor Hourihane,IRL,MF,28.0,17.0,542,721,75.2,10353,3235,209,245,85.3,253,295,85.8,65,146,44.5,5,5.1,-0.1,37,50,14,5,44
ENG-Premier League,1920,Aston Villa,Danny Drinkwater,ENG,MF,29.0,2.9,136,167,81.4,2638,565,57,71,80.3,51,54,94.4,26,35,74.3,0,0.0,0.0,1,16,1,0,10
ENG-Premier League,1920,Aston Villa,Douglas Luiz,BRA,MF,21.0,29.0,984,1216,80.9,20870,4818,356,410,86.8,422,497,84.9,195,284,68.7,2,1.4,0.6,16,114,20,4,99
ENG-Premier League,1920,Aston Villa,Ezri Konsa,ENG,DF,21.0,22.7,674,853,79.0,13926,4931,226,251,90.0,327,386,84.7,113,197,57.4,2,0.5,1.5,9,45,5,2,44
ENG-Premier League,1920,Aston Villa,Frederic Guilbert,FRA,DF,24.0,22.7,687,1026,67.0,13282,5552,278,345,80.6,304,414,73.4,98,220,44.5,2,1.5,0.5,14,67,24,15,76
ENG-Premier League,1920,Aston Villa,Henri Lansbury,ENG,"MF,FW",28.0,2.2,60,81,74.1,1315,254,25,29,86.2,22,33,66.7,12,16,75.0,0,0.1,-0.1,2,9,0,0,5
ENG-Premier League,1920,Aston Villa,Indiana Vassilev,USA,"FW,MF",18.0,0.6,8,11,72.7,80,4,6,8,75.0,1,1,100.0,0,0,,0,0.0,0.0,0,0,0,0,0
ENG-Premier League,1920,Aston Villa,Jack Grealish,ENG,"FW,MF",23.0,35.9,1217,1538,79.1,23156,6423,496,566,87.6,522,602,86.7,167,285,58.6,6,7.0,-1.0,92,94,79,6,176
ENG-Premier League,1920,Aston Villa,Jed Steer,ENG,GK,26.0,0.1,1,2,50.0,26,9,0,0,,1,1,100.0,0,1,0.0,0,0.0,0.0,0,0,0,0,0
ENG-Premier League,1920,Aston Villa,John McGinn,SCO,MF,24.0,25.7,584,772,75.6,13625,3883,190,226,84.1,241,292,82.5,140,216,64.8,3,2.4,0.6,40,71,30,9,90
ENG-Premier League,1920,Aston Villa,Jonathan Kodjia,CIV,"FW,MF",29.0,1.3,19,30,63.3,309,8,9,15,60.0,10,14,71.4,0,0,,0,0.0,0.0,0,1,0,0,0
ENG-Premier League,1920,Aston Villa,Jota,ESP,"FW,MF",28.0,3.7,73,98,74.5,1408,625,35,40,87.5,27,37,73.0,10,17,58.8,1,0.6,0.4,5,11,6,0,19
ENG-Premier League,1920,Aston Villa,Keinan Davis,ENG,FW,21.0,6.1,107,142,75.4,1475,201,65,82,79.3,30,41,73.2,7,8,87.5,0,0.2,-0.2,7,7,2,0,8
ENG-Premier League,1920,Aston Villa,Kortney Hause,ENG,DF,24.0,17.2,591,789,74.9,12375,4892,206,243,84.8,269,323,83.3,108,199,54.3,0,0.2,-0.2,1,42,1,0,40
ENG-Premier League,1920,Aston Villa,Marvelous Nakamba,ZIM,MF,25.0,20.4,669,792,84.5,12496,2647,280,325,86.2,292,322,90.7,86,121,71.1,0,0.4,-0.4,11,37,4,0,38
ENG-Premier League,1920,Aston Villa,Matt Targett,ENG,DF,23.0,25.5,894,1219,73.3,16474,7327,420,473,88.8,356,465,76.6,102,228,44.7,2,2.7,-0.7,26,76,30,12,118
ENG-Premier League,1920,Aston Villa,Mbwana Samatta,TAN,FW,26.0,10.5,127,179,70.9,1883,283,79,100,79.0,36,52,69.2,9,16,56.3,0,0.2,-0.2,7,6,3,1,9
ENG-Premier League,1920,Aston Villa,Neil Taylor,WAL,DF,30.0,12.1,410,513,79.9,6858,2881,194,209,92.8,189,224,84.4,20,59,33.9,0,0.2,-0.2,5,23,4,1,39
ENG-Premier League,1920,Aston Villa,Opponent Total,,,26.6,38.0,15965,19746,80.9,313110,105065,6587,7411,88.9,6737,7716,87.3,2360,3862,61.1,44,44.3,-0.3,443,1301,419,85,1515
ENG-Premier League,1920,Aston Villa,Pepe Reina,ESP,GK,36.0,12.0,272,395,68.9,10107,6875,24,24,100.0,97,98,99.0,148,269,55.0,0,0.0,0.0,0,4,0,0,0
ENG-Premier League,1920,Aston Villa,Squad Total,,,25.7,38.0,11530,15353,75.1,242867,87449,4292,4999,85.9,4958,5923,83.7,2084,3846,54.2,32,30.4,1.6,361,891,286,95,1034
ENG-Premier League,1920,Aston Villa,Tom Heaton,ENG,GK,33.0,19.9,350,614,57.0,12850,9473,42,42,100.0,150,152,98.7,156,418,37.3,0,0.0,0.0,0,8,0,0,0
ENG-Premier League,1920,Aston Villa,Trézéguet,EGY,"FW,MF",24.0,21.7,295,445,66.3,4745,1287,162,197,82.2,102,148,68.9,23,70,32.9,1,0.8,0.2,18,15,12,7,33
ENG-Premier League,1920,Aston Villa,Tyrone Mings,ENG,DF,26.0,32.2,1055,1333,79.1,26161,8291,221,247,89.5,546,590,92.5,281,467,60.2,2,0.7,1.3,7,65,4,1,50
ENG-Premier League,1920,Aston Villa,Wesley Moraes,BRA,FW,22.0,19.8,277,377,73.5,4417,613,147,195,75.4,96,123,78.0,23,34,67.6,1,0.8,0.2,11,21,2,0,12
ENG-Premier League,1920,Aston Villa,Ørjan Nyland,NOR,GK,28.0,6.0,105,182,57.7,3880,2799,8,9,88.9,47,48,97.9,50,125,40.0,0,0.0,0.0,0,3,0,0,1
ENG-Premier League,1920,Bournemouth,Aaron Ramsdale,ENG,GK,21.0,37.0,648,1124,57.7,21849,14847,115,116,99.1,267,271,98.5,264,733,36.0,1,0.1,0.9,2,20,0,0,0
ENG-Premier League,1920,Bournemouth,Adam Smith,ENG,DF,28.0,22.8,845,1061,79.6,13697,5075,449,496,90.5,323,388,83.2,59,128,46.1,1,1.0,0.0,10,61,9,2,68
ENG-Premier League,1920,Bournemouth,Andrew Surman,ENG,MF,32.0,2.6,102,127,80.3,1959,487,39,49,79.6,43,50,86.0,15,23,65.2,0,0.0,0.0,1,6,1,0,7
ENG-Premier League,1920,Bournemouth,Arnaut Groeneveld,NED,MF,22.0,7.0,181,227,79.7,3152,765,80,96,83.3,74,86,86.0,22,29,75.9,0,0.2,-0.2,5,10,5,1,20
ENG-Premier League,1920,Bournemouth,Callum Wilson,ENG,FW,27.0,32.3,345,535,64.5,5192,1143,193,272,71.0,108,156,69.2,25,41,61.0,1,3.1,-2.1,25,32,15,3,36
ENG-Premier League,1920,Bournemouth,Charlie Daniels,ENG,DF,32.0,1.4,35,49,71.4,708,335,13,14,92.9,13,18,72.2,6,14,42.9,0,0.1,-0.1,2,4,1,1,2
ENG-Premier League,1920,Bournemouth,Chris Mepham,WAL,DF,21.0,10.1,414,483,85.7,8782,2801,114,127,89.8,231,255,90.6,66,93,71.0,0,0.1,-0.1,1,16,0,0,23
ENG-Premier League,1920,Bournemouth,Dan Gosling,ENG,MF,29.0,14.0,405,510,79.4,6653,1624,196,229,85.6,161,187,86.1,34,57,59.6,1,1.0,0.0,10,33,7,2,40
ENG-Premier League,1920,Bournemouth,David Brooks,WAL,MF,22.0,5.6,121,179,67.6,1938,694,70,83,84.3,35,53,66.0,14,32,43.8,0,0.4,-0.4,5,7,9,5,20
ENG-Premier League,1920,Bournemouth,Diego Rico,ESP,DF,26.0,25.9,1012,1483,68.2,19401,10506,394,467,84.4,444,594,74.7,151,342,44.2,4,2.9,1.1,33,105,32,13,129
ENG-Premier League,1920,Bournemouth,Dominic Solanke,ENG,"FW,MF",21.0,18.3,317,429,73.9,4429,911,193,224,86.2,84,131,64.1,16,29,55.2,1,0.9,0.1,12,27,10,2,26
ENG-Premier League,1920,Bournemouth,Harry Wilson,WAL,"MF,FW",22.0,18.3,454,609,74.5,8886,2082,207,243,85.2,169,211,80.1,72,117,61.5,0,1.6,-1.6,15,37,27,2,59
ENG-Premier League,1920,Bournemouth,Jack Simpson,ENG,DF,22.0,2.7,70,100,70.0,1208,446,35,38,92.1,28,40,70.0,6,16,37.5,0,0.0,0.0,0,5,0,0,5
ENG-Premier League,1920,Bournemouth,Jack Stacey,ENG,DF,23.0,17.2,560,780,71.8,9315,4004,275,324,84.9,225,295,76.3,47,109,43.1,2,2.2,-0.2,10,42,6,2,48
ENG-Premier League,1920,Bournemouth,Jefferson Lerma,COL,MF,24.0,30.0,1092,1377,79.3,21956,6505,421,498,84.5,466,548,85.0,186,289,64.4,2,1.8,0.2,12,119,16,0,119
ENG-Premier League,1920,Bournemouth,Jordon Ibe,ENG,DF,23.0,0.6,17,22,77.3,329,144,8,11,72.7,7,7,100.0,2,2,100.0,0,0.0,0.0,0,2,1,0,3
ENG-Premier League,1920,Bournemouth,Joshua King,NOR,"FW,MF",27.0,22.3,362,498,72.7,5444,1266,211,261,80.8,115,155,74.2,24,36,66.7,4,3.8,0.2,28,20,19,5,39
ENG-Premier League,1920,Bournemouth,Junior Stanislas,ENG,"MF,DF",29.0,7.9,222,310,71.6,3619,1365,118,144,81.9,74,101,73.3,22,48,45.8,0,0.8,-0.8,11,14,12,1,31
ENG-Premier League,1920,Bournemouth,Lewis Cook,ENG,MF,22.0,15.0,560,719,77.9,11160,3293,226,271,83.4,244,290,84.1,83,130,63.8,0,1.0,-1.0,13,61,11,1,65
ENG-Premier League,1920,Bournemouth,Lloyd Kelly,ENG,DF,20.0,7.1,168,231,72.7,3672,1369,50,59,84.7,80,97,82.5,35,65,53.8,0,0.2,-0.2,2,5,0,0,5
ENG-Premier League,1920,Bournemouth,Mark Travers,IRL,GK,20.0,1.0,23,32,71.9,692,479,6,6,100.0,8,9,88.9,9,17,52.9,0,0.0,0.0,0,0,0,0,0
ENG-Premier League,1920,Bournemouth,Nathan Aké,NED,DF,24.0,27.8,1042,1183,88.1,21692,7035,304,331,91.8,562,607,92.6,167,225,74.2,2,0.6,1.4,4,66,10,0,57
ENG-Premier League,1920,Bournemouth,Opponent Total,,,26.8,38.0,16584,20747,79.9,330458,101738,6424,7339,87.5,7334,8431,87.0,2526,4222,59.8,45,38.5,6.5,395,1238,383,94,1416
ENG-Premier League,1920,Bournemouth,Philip Billing,DEN,MF,23.0,28.1,878,1179,74.5,15944,3953,387,499,77.6,358,444,80.6,113,187,60.4,1,1.0,0.0,16,77,16,2,77
ENG-Premier League,1920,Bournemouth,Ryan Fraser,SCO,"MF,FW",25.0,23.0,648,950,68.2,11091,4292,318,376,84.6,246,337,73.0,69,184,37.5,4,4.1,-0.1,43,55,40,7,105
ENG-Premier League,1920,Bournemouth,Sam Surridge,ENG,"FW,MF",21.0,0.3,4,10,40.0,64,22,2,6,33.3,2,4,50.0,0,0,,0,0.0,0.0,0,1,1,0,1
ENG-Premier League,1920,Bournemouth,Simon Francis,ENG,DF,34.0,10.8,425,544,78.1,8941,3412,142,165,86.1,213,244,87.3,69,127,54.3,0,0.3,-0.3,4,26,5,4,27
ENG-Premier League,1920,Bournemouth,Squad Total,,,25.2,38.0,11943,15973,74.8,234521,86366,4770,5642,84.5,5164,6230,82.9,1775,3385,52.4,24,27.4,-3.4,267,900,256,53,1068
ENG-Premier League,1920,Bournemouth,Steve Cook,ENG,DF,28.0,27.0,993,1222,81.3,22748,7511,204,237,86.1,584,652,89.6,199,312,63.8,0,0.3,-0.3,3,49,3,0,56
ENG-Premier League,1920,Brighton,Aaron Connolly,IRL,FW,19.0,14.0,126,163,77.3,1739,242,76,92,82.6,31,39,79.5,7,11,63.6,1,0.3,0.7,6,6,2,0,10
ENG-Premier League,1920,Brighton,Aaron Mooy,AUS,"MF,FW",28.0,23.2,825,1075,76.7,14311,4142,438,490,89.4,272,325,83.7,97,200,48.5,2,3.4,-1.4,39,80,31,7,96
ENG-Premier League,1920,Brighton,Adam Webster,ENG,DF,24.0,29.6,1547,1824,84.8,33753,11543,458,506,90.5,788,878,89.7,294,414,71.0,1,1.0,0.0,10,91,5,1,94
ENG-Premier League,1920,Brighton,Alexis Mac Allister,ARG,"MF,FW",20.0,3.9,84,130,64.6,1479,361,38,48,79.2,37,48,77.1,8,31,25.8,0,0.3,-0.3,5,7,1,1,6
ENG-Premier League,1920,Brighton,Alireza Jahanbakhsh,IRN,"FW,MF",25.0,3.5,84,140,60.0,1170,377,54,65,83.1,22,46,47.8,6,20,30.0,0,0.0,0.0,2,2,3,1,8
ENG-Premier League,1920,Brighton,Bernardo,BRA,DF,24.0,7.5,286,383,74.7,4721,2079,142,171,83.0,122,156,78.2,18,41,43.9,0,0.2,-0.2,3,26,8,3,39
ENG-Premier League,1920,Brighton,Dale Stephens,ENG,MF,30.0,28.1,1421,1641,86.6,29953,7023,445,498,89.4,698,768,90.9,260,339,76.7,1,1.1,-0.1,18,143,19,2,138
ENG-Premier League,1920,Brighton,Dan Burn,ENG,DF,27.0,32.0,1389,1841,75.4,23985,8736,677,778,87.0,579,715,81.0,117,276,42.4,0,1.2,-1.2,18,111,21,8,106
ENG-Premier League,1920,Brighton,Davy Pröpper,NED,MF,27.0,31.4,1483,1785,83.1,28711,8234,552,635,86.9,708,812,87.2,201,274,73.4,2,2.1,-0.1,27,166,26,6,184
ENG-Premier League,1920,Brighton,Ezequiel Schelotto,ITA,DF,30.0,4.0,121,169,71.6,2075,711,53,70,75.7,56,68,82.4,11,23,47.8,0,0.0,0.0,0,4,3,1,9
ENG-Premier League,1920,Brighton,Florin Andone,ROU,"MF,FW",26.0,0.8,8,12,66.7,77,20,6,8,75.0,2,3,66.7,0,0,,0,0.0,0.0,1,0,0,0,0
ENG-Premier League,1920,Brighton,Gaëtan Bong,CMR,"MF,DF",31.0,0.7,24,35,68.6,428,175,12,16,75.0,9,12,75.0,3,6,50.0,0,0.1,-0.1,2,3,1,1,3
ENG-Premier League,1920,Brighton,Glenn Murray,ENG,FW,35.0,8.9,116,177,65.5,1653,304,69,87,79.3,33,57,57.9,9,17,52.9,1,0.5,0.5,4,7,4,0,11
ENG-Premier League,1920,Brighton,Jürgen Locadia,NED,"MF,FW",25.0,1.0,9,19,47.4,135,7,6,10,60.0,3,5,60.0,0,1,0.0,0,0.0,0.0,0,0,0,0,0
ENG-Premier League,1920,Brighton,Leandro Trossard,BEL,"FW,MF",24.0,22.3,567,795,71.3,10971,3577,242,310,78.1,237,309,76.7,82,138,59.4,3,4.0,-1.0,38,45,30,8,102
ENG-Premier League,1920,Brighton,Lewis Dunk,ENG,DF,27.0,35.9,1913,2192,87.3,45041,13471,451,497,90.7,1038,1084,95.8,413,589,70.1,3,1.1,1.9,11,131,5,0,82
ENG-Premier League,1920,Brighton,Martín Montoya,ESP,DF,28.0,21.1,1006,1255,80.2,17678,6214,493,559,88.2,399,473,84.4,104,170,61.2,1,1.4,-0.4,20,41,34,18,90
ENG-Premier League,1920,Brighton,Mathew Ryan,AUS,GK,27.0,38.0,1173,1462,80.2,34327,19316,209,211,99.1,537,541,99.3,426,707,60.3,0,0.0,0.0,0,9,0,0,0
ENG-Premier League,1920,Brighton,Neal Maupay,FRA,FW,22.0,30.7,540,688,78.5,8465,1457,291,354,82.2,179,212,84.4,42,59,71.2,3,2.4,0.6,26,28,27,3,54
ENG-Premier League,1920,Brighton,Opponent Total,,,26.5,38.0,14228,18051,78.8,278474,89795,5930,6765,87.7,5918,6909,85.7,2146,3715,57.8,42,39.0,3.0,362,977,319,72,1154
ENG-Premier League,1920,Brighton,Pascal Groß,GER,"FW,MF",28.0,20.0,762,1028,74.1,14866,4613,337,384,87.8,289,344,84.0,126,255,49.4,4,5.2,-1.2,62,56,38,11,94
ENG-Premier League,1920,Brighton,Shane Duffy,IRL,DF,27.0,13.8,515,613,84.0,12118,3497,128,143,89.5,272,302,90.1,110,157,70.1,0,0.0,0.0,1,26,4,0,23
ENG-Premier League,1920,Brighton,Solly March,ENG,"DF,FW",25.0,12.7,435,601,72.4,8096,2332,200,232,86.2,181,232,78.0,51,109,46.8,1,0.8,0.2,13,18,20,7,43
ENG-Premier League,1920,Brighton,Squad Total,,,26.4,38.0,15696,19549,80.3,317859,103840,5976,6845,87.3,7011,8038,87.2,2509,4013,62.5,24,26.5,-2.5,327,1091,310,85,1301
ENG-Premier League,1920,Brighton,Steven Alzate,COL,"MF,DF",20.0,13.2,564,664,84.9,8968,2602,292,326,89.6,233,268,86.9,28,42,66.7,0,0.7,-0.7,13,32,16,2,56
ENG-Premier League,1920,Brighton,Tariq Lamptey,ENG,DF,18.0,6.5,173,235,73.6,2905,842,83,100,83.0,77,103,74.8,12,23,52.2,1,0.6,0.4,4,11,6,5,13
ENG-Premier League,1920,Brighton,Yves Bissouma,MLI,MF,22.0,14.0,525,622,84.4,10234,1965,224,255,87.8,209,238,87.8,84,111,75.7,0,0.1,-0.1,4,48,6,0,40
ENG-Premier League,1920,Burnley,Aaron Lennon,ENG,MF,32.0,5.5,92,131,70.2,1434,347,54,65,83.1,29,35,82.9,6,17,35.3,0,0.1,-0.1,2,6,2,1,8
ENG-Premier League,1920,Burnley,Ashley Barnes,ENG,FW,29.0,15.0,155,253,61.3,2116,552,94,123,76.4,48,81,59.3,6,27,22.2,0,0.5,-0.5,4,6,10,0,22
ENG-Premier League,1920,Burnley,Ashley Westwood,ENG,MF,29.0,35.0,1381,1854,74.5,28454,8338,521,597,87.3,567,682,83.1,262,515,50.9,6,5.0,1.0,51,158,28,6,150
ENG-Premier League,1920,Burnley,Ben Mee,ENG,DF,29.0,32.0,875,1172,74.7,20670,7936,234,264,88.6,411,479,85.8,223,410,54.4,1,0.7,0.3,6,59,1,0,53
ENG-Premier League,1920,Burnley,Charlie Taylor,ENG,DF,25.0,21.6,726,1035,70.1,13408,5642,329,383,85.9,306,380,80.5,81,221,36.7,1,1.3,-0.3,13,48,22,17,62
ENG-Premier League,1920,Burnley,Chris Wood,NZL,FW,27.0,27.1,312,483,64.6,4073,486,207,285,72.6,70,130,53.8,14,25,56.0,1,0.9,0.1,19,10,4,0,15
ENG-Premier League,1920,Burnley,Danny Drinkwater,ENG,MF,29.0,0.6,11,20,55.0,183,39,5,7,71.4,6,7,85.7,0,3,0.0,0,0.0,0.0,0,0,0,0,1
ENG-Premier League,1920,Burnley,Dwight McNeil,ENG,MF,19.0,37.1,874,1277,68.4,16975,5390,423,492,86.0,279,377,74.0,156,321,48.6,6,6.6,-0.6,55,91,41,29,72
ENG-Premier League,1920,Burnley,Erik Pieters,NED,"DF,MF",30.0,20.9,687,923,74.4,11959,4687,345,388,88.9,263,340,77.4,67,154,43.5,4,2.8,1.2,17,38,16,7,53
ENG-Premier League,1920,Burnley,Jack Cork,ENG,MF,30.0,29.0,743,933,79.6,12443,2770,369,423,87.2,256,317,80.8,84,131,64.1,0,0.7,-0.7,10,55,9,1,61
ENG-Premier League,1920,Burnley,James Tarkowski,ENG,DF,26.0,38.0,913,1250,73.0,21248,7318,238,295,80.7,447,539,82.9,217,386,56.2,2,2.2,-0.2,14,68,9,0,69
ENG-Premier League,1920,Burnley,Jay Rodriguez,ENG,FW,30.0,22.4,345,495,69.7,4564,881,238,302,78.8,66,104,63.5,18,39,46.2,1,0.9,0.1,7,20,6,0,27
ENG-Premier League,1920,Burnley,Jeff Hendrick,IRL,MF,27.0,21.5,420,575,73.0,6880,1712,235,265,88.7,139,182,76.4,37,83,44.6,2,0.7,1.3,12,25,10,2,39
ENG-Premier League,1920,Burnley,Josh Brownhill,ENG,MF,23.0,8.9,276,340,81.2,4324,1063,153,168,91.1,96,119,80.7,17,38,44.7,0,0.2,-0.2,4,19,2,0,17
ENG-Premier League,1920,Burnley,Jóhann Berg Guðmundsson,ISL,MF,28.0,6.9,132,192,68.8,2534,684,71,86,82.6,32,45,71.1,28,56,50.0,1,0.8,0.2,10,4,9,8,10
ENG-Premier League,1920,Burnley,Kevin Long,IRL,DF,28.0,6.3,141,186,75.8,3193,908,40,52,76.9,66,80,82.5,32,49,65.3,0,0.0,0.0,0,7,0,0,7
ENG-Premier League,1920,Burnley,Matthew Lowton,ENG,DF,30.0,17.0,497,726,68.5,9818,4195,200,220,90.9,212,291,72.9,78,192,40.6,1,1.0,0.0,12,46,16,4,64
ENG-Premier League,1920,Burnley,Matěj Vydra,CZE,FW,27.0,9.1,102,138,73.9,1143,177,70,86,81.4,23,35,65.7,1,2,50.0,1,1.1,-0.1,8,6,0,0,2
ENG-Premier League,1920,Burnley,Max Thompson,ENG,FW,17.0,0.0,0,0,,0,0,0,0,,0,0,,0,0,,0,0.0,0.0,0,0,0,0,0
ENG-Premier League,1920,Burnley,Nick Pope,ENG,GK,27.0,38.0,536,1180,45.4,24496,19350,31,32,96.9,152,159,95.6,352,987,35.7,0,0.6,-0.6,4,39,1,0,0
ENG-Premier League,1920,Burnley,Opponent Total,,,26.5,38.0,15724,20032,78.5,301686,97630,6571,7428,88.5,6674,7820,85.3,2181,3991,54.6,38,33.1,4.9,387,1052,367,94,1292
ENG-Premier League,1920,Burnley,Phil Bardsley,SCO,DF,34.0,21.0,599,897,66.8,11391,5401,265,296,89.5,237,334,71.0,84,224,37.5,1,0.7,0.3,7,67,15,2,63
ENG-Premier League,1920,Burnley,Robbie Brady,IRL,MF,27.0,5.0,108,167,64.7,1702,673,60,73,82.2,35,59,59.3,10,27,37.0,2,0.3,1.7,8,6,7,1,19
ENG-Premier League,1920,Burnley,Squad Total,,,28.0,38.0,9925,14227,69.8,203008,78549,4182,4902,85.3,3740,4775,78.3,1773,3907,45.4,30,27.2,2.8,263,778,208,78,814
ENG-Premier League,1920,Chelsea,Andreas Christensen,DEN,DF,23.0,19.5,1166,1258,92.7,26595,6431,269,282,95.4,653,679,96.2,237,281,84.3,0,1.0,-1.0,4,82,2,0,47
ENG-Premier League,1920,Chelsea,Antonio Rüdiger,GER,DF,26.0,19.0,1272,1449,87.8,30337,8324,257,284,90.5,717,753,95.2,291,396,73.5,0,0.3,-0.3,4,119,6,2,69
ENG-Premier League,1920,Chelsea,Armando Broja,ALB,FW,17.0,0.1,2,2,100.0,13,0,1,1,100.0,0,0,,0,0,,0,0.0,0.0,0,0,0,0,0
ENG-Premier League,1920,Chelsea,Billy Gilmour,SCO,MF,18.0,2.2,151,169,89.3,2892,604,66,75,88.0,58,64,90.6,22,25,88.0,0,0.1,-0.1,4,6,0,0,8
ENG-Premier League,1920,Chelsea,Callum Hudson-Odoi,ENG,FW,18.0,9.6,384,476,80.7,7208,1491,189,215,87.9,128,150,85.3,60,88,68.2,5,2.7,2.3,21,18,30,10,37
ENG-Premier League,1920,Chelsea,Christian Pulisic,USA,FW,20.0,19.1,546,700,78.0,8420,1620,319,373,85.5,172,214,80.4,42,69,60.9,4,3.5,0.5,29,28,28,1,61
ENG-Premier League,1920,Chelsea,César Azpilicueta,ESP,DF,29.0,35.9,2267,2838,79.9,40363,15489,956,1077,88.8,1085,1281,84.7,189,369,51.2,6,5.8,0.2,43,148,60,28,182
ENG-Premier League,1920,Chelsea,Emerson Palmieri,ITA,DF,24.0,11.4,706,853,82.8,11388,3136,385,429,89.7,256,308,83.1,52,92,56.5,0,1.4,-1.4,18,28,8,5,33
ENG-Premier League,1920,Chelsea,Faustino Anjorin,ENG,FW,17.0,0.2,7,7,100.0,121,14,3,3,100.0,4,4,100.0,0,0,,0,0.0,0.0,0,1,0,0,0
ENG-Premier League,1920,Chelsea,Fikayo Tomori,ENG,DF,21.0,14.3,981,1098,89.3,21077,5867,248,265,93.6,573,606,94.6,156,212,73.6,0,0.2,-0.2,4,57,4,0,37
ENG-Premier League,1920,Chelsea,Jorginho,ITA,MF,27.0,26.4,1955,2221,88.0,37524,9107,817,883,92.5,814,906,89.8,291,378,77.0,2,2.3,-0.3,23,238,30,1,186
ENG-Premier League,1920,Chelsea,Kepa Arrizabalaga,ESP,GK,24.0,33.0,877,1086,80.8,23673,12278,109,110,99.1,505,511,98.8,263,465,56.6,0,0.0,0.0,0,1,0,0,0
ENG-Premier League,1920,Chelsea,Kurt Zouma,FRA,DF,24.0,26.0,1772,1982,89.4,41235,10428,415,449,92.4,968,1033,93.7,382,477,80.1,0,0.2,-0.2,1,108,2,0,82
ENG-Premier League,1920,Chelsea,Marcos Alonso,ESP,DF,28.0,15.9,916,1108,82.7,16220,4972,394,442,89.1,426,495,86.1,84,133,63.2,2,2.2,-0.2,26,35,29,14,70
ENG-Premier League,1920,Chelsea,Mason Mount,ENG,"MF,FW",20.0,31.9,1116,1380,80.9,17845,4745,620,676,91.7,333,415,80.2,113,196,57.7,5,4.6,0.4,53,105,34,6,104
ENG-Premier League,1920,Chelsea,Mateo Kovačić,CRO,MF,25.0,23.0,1666,1846,90.2,32463,7948,683,723,94.5,707,766,92.3,252,315,80.0,3,1.9,1.1,29,176,26,2,166
ENG-Premier League,1920,Chelsea,Michy Batshuayi,BEL,FW,25.0,2.7,61,76,80.3,774,85,37,45,82.2,16,18,88.9,3,4,75.0,1,0.2,0.8,3,1,0,0,1
ENG-Premier League,1920,Chelsea,N'Golo Kanté,FRA,MF,28.0,19.2,975,1140,85.5,17338,4168,438,499,87.8,399,449,88.9,109,132,82.6,0,2.1,-2.1,26,105,28,9,96
ENG-Premier League,1920,Chelsea,Olivier Giroud,FRA,FW,32.0,11.0,207,306,67.6,2517,295,145,199,72.9,43,67,64.2,6,11,54.5,0,1.2,-1.2,7,8,4,0,6
ENG-Premier League,1920,Chelsea,Opponent Total,,,26.4,38.0,12299,16131,76.2,244270,85328,4992,5791,86.2,5159,6165,83.7,1926,3508,54.9,36,26.0,10.0,232,832,211,64,1000
ENG-Premier League,1920,Chelsea,Pedro,ESP,FW,32.0,7.3,259,331,78.2,4262,970,144,165,87.3,88,111,79.3,21,37,56.8,1,0.8,0.2,18,9,12,1,21
ENG-Premier League,1920,Chelsea,Reece James,ENG,DF,19.0,16.8,1055,1268,83.2,19372,5746,466,509,91.6,452,524,86.3,123,193,63.7,2,3.2,-1.2,24,58,31,13,82
ENG-Premier League,1920,Chelsea,Ross Barkley,ENG,MF,25.0,12.3,540,616,87.7,10340,1952,235,271,86.7,208,225,92.4,86,100,86.0,4,2.8,1.2,25,53,19,1,48
ENG-Premier League,1920,Chelsea,Ruben Loftus-Cheek,ENG,"MF,FW",23.0,2.3,116,131,88.5,1837,338,62,70,88.6,41,46,89.1,10,11,90.9,1,0.3,0.7,1,11,2,0,8
ENG-Premier League,1920,Chelsea,Squad Total,,,25.5,38.0,20665,24532,84.2,404119,114240,8080,9028,89.5,9196,10285,89.4,3033,4405,68.9,46,46.2,-0.2,453,1482,429,105,1520
ENG-Premier League,1920,Chelsea,Tammy Abraham,ENG,FW,21.0,24.6,288,412,69.9,4213,811,159,222,71.6,77,101,76.2,26,35,74.3,3,2.5,0.5,18,16,5,0,31
ENG-Premier League,1920,Chelsea,Tariq Lamptey,ENG,DF,18.0,0.4,12,14,85.7,235,80,4,5,80.0,8,8,100.0,0,0,,0,0.1,-0.1,1,0,1,0,1
ENG-Premier League,1920,Chelsea,Willian,BRA,FW,30.0,28.9,1247,1600,77.9,22454,5164,636,733,86.8,410,496,82.7,172,299,57.5,7,6.9,0.1,71,71,68,12,144
ENG-Premier League,1920,Chelsea,Willy Caballero,ARG,GK,37.0,5.0,121,165,73.3,3403,2177,23,23,100.0,55,55,100.0,43,87,49.4,0,0.0,0.0,0,0,0,0,0
ENG-Premier League,1920,Crystal Palace,Andros Townsend,ENG,MF,28.0,14.4,325,460,70.7,5293,1866,179,206,86.9,104,137,75.9,33,87,37.9,1,2.0,-1.0,13,23,24,12,37
ENG-Premier League,1920,Crystal Palace,Brandon Pierrick,ENG,"DF,FW",17.0,0.2,5,9,55.6,65,6,2,3,66.7,2,2,100.0,0,1,0.0,0,0.1,-0.1,1,0,1,0,1
ENG-Premier League,1920,Crystal Palace,Cenk Tosun,TUR,FW,28.0,2.0,29,47,61.7,462,137,19,25,76.0,6,14,42.9,4,6,66.7,0,0.0,0.0,0,3,2,0,3
ENG-Premier League,1920,Crystal Palace,Cheikhou Kouyaté,SEN,"MF,DF",29.0,28.1,653,860,75.9,10613,3251,339,418,81.1,227,282,80.5,63,101,62.4,1,0.8,0.2,8,39,8,1,54
ENG-Premier League,1920,Crystal Palace,Christian Benteke,BEL,FW,28.0,14.0,190,326,58.3,2804,722,103,168,61.3,66,113,58.4,10,20,50.0,1,2.1,-1.1,17,14,11,2,31
ENG-Premier League,1920,Crystal Palace,Connor Wickham,ENG,"FW,MF",26.0,1.1,29,44,65.9,440,90,18,25,72.0,6,10,60.0,3,4,75.0,1,0.5,0.5,2,2,0,0,2
ENG-Premier League,1920,Crystal Palace,Gary Cahill,ENG,DF,33.0,24.1,826,953,86.7,18604,5545,213,234,91.0,437,477,91.6,169,225,75.1,1,0.3,0.7,2,34,2,0,34
ENG-Premier League,1920,Crystal Palace,James McArthur,SCO,MF,31.0,34.3,1153,1474,78.2,20358,6397,521,599,87.0,471,566,83.2,128,222,57.7,3,2.6,0.4,33,126,24,3,132
ENG-Premier League,1920,Crystal Palace,James McCarthy,IRL,MF,28.0,18.7,630,818,77.0,12698,3516,240,287,83.6,246,280,87.9,115,202,56.9,0,0.8,-0.8,18,62,8,0,54
ENG-Premier League,1920,Crystal Palace,James Tomkins,ENG,DF,30.0,17.6,505,626,80.7,11923,3447,111,126,88.1,265,290,91.4,123,196,62.8,1,0.1,0.9,2,21,1,0,15
ENG-Premier League,1920,Crystal Palace,Jaïro Riedewald,NED,"DF,MF",22.0,8.5,301,400,75.3,5020,2282,150,170,88.2,118,161,73.3,24,54,44.4,0,0.4,-0.4,2,32,6,1,31
ENG-Premier League,1920,Crystal Palace,Jeffrey Schlupp,GHA,MF,26.0,11.5,256,342,74.9,4267,1286,126,147,85.7,104,138,75.4,20,44,45.5,1,1.1,-0.1,7,30,4,1,28
ENG-Premier League,1920,Crystal Palace,Joel Ward,ENG,DF,29.0,26.5,932,1260,74.0,15593,7042,489,548,89.2,317,419,75.7,96,212,45.3,0,0.2,-0.2,5,71,15,7,80
ENG-Premier League,1920,Crystal Palace,Jordan Ayew,GHA,"FW,MF",27.0,35.0,686,838,81.9,9695,1890,419,479,87.5,181,218,83.0,48,73,65.8,2,1.9,0.1,26,42,22,0,49
ENG-Premier League,1920,Crystal Palace,Luka Milivojević,SRB,MF,28.0,27.9,1161,1506,77.1,24844,8188,386,442,87.3,529,605,87.4,227,423,53.7,1,1.8,-0.8,28,104,9,0,104
ENG-Premier League,1920,Crystal Palace,Mamadou Sakho,FRA,DF,29.0,10.3,451,516,87.4,9276,3462,141,155,91.0,230,255,90.2,75,97,77.3,0,0.1,-0.1,1,24,1,0,26
ENG-Premier League,1920,Crystal Palace,Martin Kelly,ENG,DF,29.0,17.2,493,669,73.7,9625,4226,192,224,85.7,215,272,79.0,78,148,52.7,1,0.9,0.1,6,26,7,6,27
ENG-Premier League,1920,Crystal Palace,Max Meyer,GER,"MF,FW",23.0,7.3,160,213,75.1,2202,608,99,115,86.1,44,54,81.5,7,18,38.9,0,0.7,-0.7,5,12,8,2,16
ENG-Premier League,1920,Crystal Palace,Opponent Total,,,26.5,38.0,15988,19852,80.5,317889,102420,6411,7252,88.4,6875,7949,86.5,2441,3906,62.5,36,35.4,0.6,378,1324,334,82,1376
ENG-Premier League,1920,Crystal Palace,Patrick van Aanholt,NED,DF,28.0,27.9,1227,1558,78.8,21251,9280,578,647,89.3,521,634,82.2,112,221,50.7,2,3.2,-1.2,32,86,25,5,129
ENG-Premier League,1920,Crystal Palace,Scott Dann,ENG,DF,32.0,14.1,461,555,83.1,9842,4107,139,160,86.9,233,257,90.7,82,121,67.8,1,0.4,0.6,5,24,0,0,28
ENG-Premier League,1920,Crystal Palace,Squad Total,,,29.4,38.0,12142,15940,76.2,235605,89747,5127,5936,86.4,4899,5840,83.9,1819,3435,53.0,20,23.6,-3.6,253,861,256,57,1040
ENG-Premier League,1920,Crystal Palace,Tyrick Mitchell,ENG,DF,19.0,2.2,96,119,80.7,1639,850,48,56,85.7,45,50,90.0,3,10,30.0,0,0.2,-0.2,4,8,3,3,10
ENG-Premier League,1920,Crystal Palace,Vicente Guaita,ESP,GK,32.0,35.0,591,1053,56.1,21587,15300,86,86,100.0,219,226,96.9,281,735,38.2,0,0.0,0.0,0,14,0,0,0
ENG-Premier League,1920,Crystal Palace,Víctor Camarasa,ESP,MF,25.0,0.1,3,3,100.0,44,11,2,2,100.0,1,1,100.0,0,0,,0,0.0,0.0,0,0,0,0,0
ENG-Premier League,1920,Crystal Palace,Wayne Hennessey,WAL,GK,32.0,3.0,44,103,42.7,2365,2024,3,3,100.0,7,8,87.5,34,92,37.0,0,0.0,0.0,0,3,0,0,0
ENG-Premier League,1920,Crystal Palace,Wilfried Zaha,CIV,"MF,FW",26.0,36.4,935,1188,78.7,15095,4214,524,611,85.8,305,371,82.2,84,123,68.3,3,3.3,-0.3,36,61,75,14,149
ENG-Premier League,1920,Everton,Alex Iwobi,NGA,"MF,FW",23.0,17.7,462,614,75.2,9222,2941,173,211,82.0,206,255,80.8,75,112,67.0,0,2.3,-2.3,22,57,32,9,89
ENG-Premier League,1920,Everton,André Gomes,POR,MF,26.0,16.2,719,859,83.7,16373,4192,213,241,88.4,347,384,90.4,152,214,71.0,1,0.9,0.1,12,90,11,3,76
ENG-Premier League,1920,Everton,Anthony Gordon,ENG,"MF,FW",18.0,4.9,96,124,77.4,1724,454,45,53,84.9,41,50,82.0,10,18,55.6,1,0.4,0.6,6,6,1,0,6
ENG-Premier League,1920,Everton,Bernard,BRA,"MF,FW",26.0,14.2,426,573,74.3,6998,1979,211,256,82.4,172,210,81.9,34,66,51.5,2,1.9,0.1,22,38,26,6,59
ENG-Premier League,1920,Everton,Cenk Tosun,TUR,FW,28.0,3.2,42,62,67.7,569,120,27,35,77.1,12,16,75.0,2,8,25.0,0,0.1,-0.1,4,2,3,0,5
ENG-Premier League,1920,Everton,Djibril Sidibé,FRA,DF,27.0,20.3,909,1165,78.0,18044,6702,341,405,84.2,436,523,83.4,122,197,61.9,4,2.0,2.0,19,56,20,11,109
ENG-Premier League,1920,Everton,Dominic Calvert-Lewin,ENG,FW,22.0,29.2,393,594,66.2,5940,1307,224,319,70.2,129,196,65.8,27,41,65.9,1,1.0,0.0,15,34,13,3,39
ENG-Premier League,1920,Everton,Fabian Delph,ENG,MF,29.0,13.2,676,778,86.9,14015,3544,248,269,92.2,295,323,91.3,126,170,74.1,0,0.3,-0.3,6,61,15,4,62
ENG-Premier League,1920,Everton,Gylfi Sigurðsson,ISL,MF,29.0,28.4,867,1109,78.2,16893,5015,343,401,85.5,373,437,85.4,136,232,58.6,3,4.1,-1.1,46,95,27,5,94
ENG-Premier League,1920,Everton,Jarrad Branthwaite,ENG,DF,17.0,3.3,187,212,88.2,4351,1303,33,35,94.3,116,125,92.8,36,49,73.5,0,0.0,0.0,0,9,1,0,4
ENG-Premier League,1920,Everton,Jean-Philippe Gbamin,CIV,MF,23.0,1.5,50,67,74.6,778,184,28,32,87.5,18,21,85.7,3,10,30.0,0,0.0,0.0,0,5,0,0,4
ENG-Premier League,1920,Everton,Jordan Pickford,ENG,GK,25.0,38.0,895,1373,65.2,31615,21723,152,152,100.0,347,349,99.4,378,854,44.3,0,0.1,-0.1,1,49,4,0,1
ENG-Premier League,1920,Everton,Leighton Baines,ENG,DF,34.0,4.5,168,209,80.4,2952,1099,82,87,94.3,74,86,86.0,12,30,40.0,0,0.7,-0.7,6,6,7,5,13
ENG-Premier League,1920,Everton,Lucas Digne,FRA,DF,26.0,33.7,1353,1946,69.5,25922,11359,610,736,82.9,535,711,75.2,195,419,46.5,7,6.0,1.0,70,98,41,24,151
ENG-Premier League,1920,Everton,Mason Holgate,ENG,DF,22.0,22.8,855,991,86.3,20925,6091,201,225,89.3,408,436,93.6,241,312,77.2,3,0.5,2.5,2,47,4,0,53
ENG-Premier League,1920,Everton,Michael Keane,ENG,DF,26.0,28.4,1167,1379,84.6,27198,8551,228,255,89.4,675,747,90.4,252,352,71.6,0,0.7,-0.7,6,69,3,0,71
ENG-Premier League,1920,Everton,Moise Kean,ITA,FW,19.0,9.5,104,142,73.2,1438,338,53,69,76.8,33,38,86.8,7,11,63.6,2,1.0,1.0,8,5,7,2,11
ENG-Premier League,1920,Everton,Morgan Schneiderlin,FRA,MF,29.0,11.1,494,567,87.1,10391,2946,180,196,91.8,221,246,89.8,88,111,79.3,0,0.2,-0.2,4,58,7,1,60
ENG-Premier League,1920,Everton,Opponent Total,,,26.6,38.0,14146,18039,78.4,287628,98805,5445,6259,87.0,6119,7083,86.4,2321,4009,57.9,39,32.0,7.0,309,1048,287,68,1187
ENG-Premier League,1920,Everton,Oumar Niasse,SEN,FW,29.0,0.2,3,5,60.0,40,0,2,3,66.7,1,2,50.0,0,0,,0,0.0,0.0,0,0,0,0,0
ENG-Premier League,1920,Everton,Richarlison,BRA,FW,22.0,34.1,543,823,66.0,8881,2209,267,357,74.8,211,287,73.5,44,91,48.4,3,4.8,-1.8,31,30,27,2,66
ENG-Premier League,1920,Everton,Squad Total,,,25.5,38.0,13239,17176,77.1,281798,100680,4698,5554,84.6,5951,6984,85.2,2403,3983,60.3,32,30.9,1.1,316,1033,297,85,1259
ENG-Premier League,1920,Everton,Séamus Coleman,IRL,DF,30.0,20.4,813,1058,76.8,14398,6119,388,432,89.8,339,429,79.0,76,143,53.1,1,0.6,0.4,8,66,13,4,80
ENG-Premier League,1920,Everton,Theo Walcott,ENG,"MF,FW",30.0,14.3,266,405,65.7,4309,1263,146,192,76.0,95,135,70.4,21,46,45.7,3,2.8,0.2,19,19,18,6,34
ENG-Premier League,1920,Everton,Tom Davies,ENG,MF,21.0,22.5,681,870,78.3,13271,4037,264,324,81.5,312,359,86.9,97,151,64.2,0,0.3,-0.3,5,83,16,0,111
ENG-Premier League,1920,Everton,Yerry Mina,COL,DF,24.0,25.4,1070,1251,85.5,25551,7204,239,269,88.8,555,619,89.7,269,346,77.7,1,0.2,0.8,4,50,1,0,61
ENG-Premier League,1920,Leicester City,Ayoze Pérez,ESP,"MF,FW",26.0,22.3,616,773,79.7,8642,2150,384,435,88.3,169,215,78.6,33,50,66.0,4,4.0,0.0,29,34,30,8,62
ENG-Premier League,1920,Leicester City,Ben Chilwell,ENG,DF,22.0,26.4,1527,1955,78.1,26138,8345,749,828,90.5,638,778,82.0,124,278,44.6,3,3.6,-0.6,36,92,23,12,113
ENG-Premier League,1920,Leicester City,Christian Fuchs,AUT,DF,33.0,8.6,510,630,81.0,9904,3727,200,222,90.1,233,256,91.0,71,135,52.6,0,0.1,-0.1,2,41,5,1,35
ENG-Premier League,1920,Leicester City,Demarai Gray,ENG,"MF,FW",23.0,6.9,271,327,82.9,4329,850,150,156,96.2,87,107,81.3,28,41,68.3,3,1.7,1.3,15,12,13,4,22
ENG-Premier League,1920,Leicester City,Dennis Praet,BEL,MF,25.0,12.6,446,539,82.7,7655,1903,210,237,88.6,177,210,84.3,47,65,72.3,2,0.8,1.2,9,33,10,3,33
ENG-Premier League,1920,Leicester City,George Hirst,ENG,FW,20.0,0.1,5,8,62.5,48,16,5,6,83.3,0,2,0.0,0,0,,0,0.0,0.0,0,1,0,0,0
ENG-Premier League,1920,Leicester City,Hamza Choudhury,ENG,MF,21.0,9.9,428,494,86.6,7794,1523,179,197,90.9,188,209,90.0,52,67,77.6,1,0.1,0.9,3,30,2,0,19
ENG-Premier League,1920,Leicester City,Harvey Barnes,ENG,"MF,FW",21.0,23.1,559,729,76.7,8288,2048,323,387,83.5,190,240,79.2,28,51,54.9,8,3.5,4.5,31,34,39,3,87
ENG-Premier League,1920,Leicester City,James Justin,ENG,DF,21.0,11.2,650,801,81.1,10823,3624,324,358,90.5,268,305,87.9,49,99,49.5,1,1.1,-0.1,13,41,14,7,52
ENG-Premier League,1920,Leicester City,James Maddison,ENG,MF,22.0,29.2,1282,1674,76.6,25940,7779,501,573,87.4,538,630,85.4,221,414,53.4,3,7.4,-4.4,84,154,45,6,172
ENG-Premier League,1920,Leicester City,Jamie Vardy,ENG,FW,32.0,33.7,314,462,68.0,4780,783,177,230,77.0,97,140,69.3,24,43,55.8,5,5.5,-0.5,28,14,17,5,24
ENG-Premier League,1920,Leicester City,Jonny Evans,NIR,DF,31.0,37.6,2088,2372,88.0,47140,13768,450,486,92.6,1261,1354,93.1,371,518,71.6,1,0.6,0.4,7,144,5,1,117
ENG-Premier League,1920,Leicester City,Kasper Schmeichel,DEN,GK,32.0,38.0,904,1178,76.7,27929,15725,118,118,100.0,418,422,99.1,366,634,57.7,0,0.5,-0.5,3,4,0,0,2
ENG-Premier League,1920,Leicester City,Kelechi Iheanacho,NGA,"FW,MF",22.0,10.7,217,268,81.0,3124,629,138,153,90.2,58,74,78.4,12,17,70.6,3,2.4,0.6,16,11,8,0,26
ENG-Premier League,1920,Leicester City,Luke Thomas,ENG,DF,18.0,3.0,156,190,82.1,2691,824,80,88,90.9,57,69,82.6,17,25,68.0,1,0.9,0.1,9,8,9,8,14
ENG-Premier League,1920,Leicester City,Marc Albrighton,ENG,"MF,DF",29.0,9.6,344,507,67.9,6189,2444,176,207,85.0,116,154,75.3,46,115,40.0,3,2.0,1.0,18,31,20,9,50
ENG-Premier League,1920,Leicester City,Matty James,ENG,MF,28.0,0.1,6,6,100.0,87,21,3,3,100.0,3,3,100.0,0,0,,0,0.0,0.0,0,0,0,0,1
ENG-Premier League,1920,Leicester City,Nampalys Mendy,SEN,MF,27.0,3.2,194,212,91.5,3423,769,78,87,89.7,96,98,98.0,16,21,76.2,0,0.1,-0.1,3,22,1,0,10
ENG-Premier League,1920,Leicester City,Opponent Total,,,26.6,38.0,12137,16041,75.7,239630,86858,5211,6049,86.1,4737,5768,82.1,1957,3525,55.5,26,28.7,-2.7,282,893,263,72,1040
ENG-Premier League,1920,Leicester City,Ricardo Pereira,POR,DF,25.0,28.0,1513,1875,80.7,25305,9748,751,840,89.4,634,772,82.1,115,198,58.1,2,3.6,-1.6,27,97,37,9,163
ENG-Premier League,1920,Leicester City,Ryan Bennett,ENG,DF,29.0,3.7,174,221,78.7,3565,1504,56,63,88.9,87,105,82.9,27,46,58.7,0,0.0,0.0,0,24,1,1,8
ENG-Premier League,1920,Leicester City,Squad Total,,,26.1,38.0,17329,21149,81.9,333434,103827,6970,7807,89.3,7766,8836,87.9,2322,3761,61.7,48,44.0,4.0,398,1237,323,84,1336
ENG-Premier League,1920,Leicester City,Wes Morgan,JAM,DF,35.0,4.8,220,238,92.4,4281,1033,57,61,93.4,140,148,94.6,21,25,84.0,0,0.0,0.0,0,3,0,0,8
ENG-Premier League,1920,Leicester City,Wilfred Ndidi,NGA,MF,22.0,29.7,1416,1648,85.9,26446,5630,584,665,87.8,618,684,90.4,180,235,76.6,1,0.4,0.6,9,137,4,0,72
ENG-Premier League,1920,Leicester City,Youri Tielemans,BEL,MF,22.0,31.4,1455,1804,80.7,27253,6909,624,709,88.0,594,703,84.5,203,330,61.5,6,5.4,0.6,52,157,37,7,166
ENG-Premier League,1920,Leicester City,Çağlar Söyüncü,TUR,DF,23.0,33.7,2034,2238,90.9,41660,12075,653,698,93.6,1099,1158,94.9,271,354,76.6,1,0.3,0.7,4,113,3,0,80
ENG-Premier League,1920,Liverpool,Adam Lallana,ENG,"MF,FW",31.0,4.2,229,270,84.8,3398,790,133,142,93.7,80,97,82.5,10,16,62.5,1,0.7,0.3,5,23,4,0,18
ENG-Premier League,1920,Liverpool,Adrián,ESP,GK,32.0,9.7,227,314,72.3,6819,3815,30,30,100.0,104,106,98.1,91,174,52.3,0,0.0,0.0,0,3,0,0,0
ENG-Premier League,1920,Liverpool,Alex Oxlade-Chamberlain,ENG,"MF,FW",25.0,16.5,592,748,79.1,11905,2554,236,275,85.8,246,298,82.6,100,144,69.4,1,1.2,-0.2,17,84,31,7,71
ENG-Premier League,1920,Liverpool,Alisson,BRA,GK,26.0,28.3,794,925,85.8,22277,12306,150,150,100.0,352,356,98.9,290,417,69.5,1,0.5,0.5,2,7,1,0,1
ENG-Premier League,1920,Liverpool,Andrew Robertson,SCO,DF,25.0,34.6,2370,2928,80.9,43609,14607,1062,1195,88.9,1033,1204,85.8,251,452,55.5,12,7.6,4.4,61,176,62,27,255
ENG-Premier League,1920,Liverpool,Curtis Jones,ENG,MF,18.0,1.4,111,128,86.7,1843,452,59,64,92.2,44,52,84.6,7,8,87.5,0,0.0,0.0,0,11,3,0,12
ENG-Premier League,1920,Liverpool,Dejan Lovren,CRO,DF,30.0,8.6,530,603,87.9,11989,3514,141,152,92.8,280,296,94.6,108,150,72.0,1,0.4,0.6,1,43,4,0,34
ENG-Premier League,1920,Liverpool,Divock Origi,BEL,FW,24.0,8.0,158,219,72.1,2486,350,88,115,76.5,49,66,74.2,15,29,51.7,1,0.2,0.8,6,5,9,2,10
ENG-Premier League,1920,Liverpool,Fabinho,BRA,MF,25.0,23.1,1334,1528,87.3,27064,5347,445,488,91.2,659,733,89.9,211,272,77.6,3,1.8,1.2,18,128,21,2,98
ENG-Premier League,1920,Liverpool,Georginio Wijnaldum,NED,MF,28.0,32.6,1477,1628,90.7,25469,4629,714,777,91.9,607,642,94.5,132,155,85.2,0,1.2,-1.2,18,131,22,0,102
ENG-Premier League,1920,Liverpool,Harvey Elliott,ENG,DF,16.0,0.1,12,15,80.0,204,79,7,7,100.0,4,5,80.0,1,3,33.3,0,0.0,0.0,0,2,1,1,1
ENG-Premier League,1920,Liverpool,James Milner,ENG,"MF,DF",33.0,10.4,664,773,85.9,13508,3314,237,260,91.2,318,345,92.2,105,147,71.4,2,0.7,1.3,9,68,11,1,64
ENG-Premier League,1920,Liverpool,Joe Gomez,ENG,DF,22.0,22.3,1743,1960,88.9,39368,10458,412,460,89.6,965,1021,94.5,352,455,77.4,0,0.2,-0.2,5,130,11,2,92
ENG-Premier League,1920,Liverpool,Jordan Henderson,ENG,MF,29.0,24.9,1582,1879,84.2,32654,7684,572,620,92.3,703,787,89.3,284,413,68.8,5,2.8,2.2,22,181,32,6,173
ENG-Premier League,1920,Liverpool,Joël Matip,CMR,DF,27.0,7.8,448,514,87.2,10256,3136,98,107,91.6,264,282,93.6,85,122,69.7,0,0.0,0.0,0,46,2,0,39
ENG-Premier League,1920,Liverpool,Mohamed Salah,EGY,FW,27.0,32.0,746,1004,74.3,11227,2982,440,540,81.5,245,315,77.8,43,83,51.8,10,7.3,2.7,54,41,60,6,106
ENG-Premier League,1920,Liverpool,Naby Keïta,GUI,MF,24.0,9.1,608,684,88.9,9688,2389,328,349,94.0,225,252,89.3,43,59,72.9,3,2.3,0.7,15,74,16,2,63
ENG-Premier League,1920,Liverpool,Neco Williams,WAL,DF,18.0,2.6,165,205,80.5,3196,700,65,70,92.9,76,90,84.4,22,36,61.1,0,0.1,-0.1,2,6,3,1,7
ENG-Premier League,1920,Liverpool,Opponent Total,,,26.3,38.0,10739,14771,72.7,213825,79860,4481,5226,85.7,4365,5391,81.0,1668,3529,47.3,23,29.1,-6.1,247,698,197,63,794
ENG-Premier League,1920,Liverpool,Roberto Firmino,BRA,FW,27.0,33.2,931,1171,79.5,14337,3589,505,603,83.7,320,386,82.9,64,81,79.0,8,6.3,1.7,49,69,35,0,103
ENG-Premier League,1920,Liverpool,Sadio Mané,SEN,FW,27.0,30.5,933,1162,80.3,15604,3867,484,560,86.4,328,405,81.0,96,128,75.0,7,7.3,-0.3,56,65,67,11,120
ENG-Premier League,1920,Liverpool,Squad Total,,,26.6,38.0,20887,25110,83.2,425217,125713,7701,8605,89.5,9515,10702,88.9,3383,5042,67.1,69,51.8,17.2,436,1734,501,101,1816
ENG-Premier League,1920,Liverpool,Takumi Minamino,JPN,"FW,MF",24.0,2.8,98,111,88.3,1465,186,54,60,90.0,35,39,89.7,5,7,71.4,0,0.0,0.0,1,3,4,1,5
ENG-Premier League,1920,Liverpool,Trent Alexander-Arnold,ENG,DF,20.0,35.3,2254,3147,71.6,49838,19993,761,850,89.5,1014,1275,79.5,446,902,49.4,13,9.9,3.1,85,200,90,30,274
ENG-Premier League,1920,Liverpool,Virgil van Dijk,NED,DF,28.0,38.0,2791,3085,90.5,65376,18443,634,678,93.5,1536,1619,94.9,607,766,79.2,1,1.3,-0.3,7,227,9,0,154
ENG-Premier League,1920,Liverpool,Xherdan Shaqiri,SUI,"FW,MF",27.0,2.1,90,109,82.6,1637,529,46,53,86.8,28,31,90.3,15,23,65.2,0,0.2,-0.2,3,11,3,2,14
ENG-Premier League,1920,Manchester City,Angeliño,ESP,DF,22.0,4.7,335,426,78.6,6063,1711,140,154,90.9,156,192,81.3,35,66,53.0,0,1.2,-1.2,9,33,14,7,39
ENG-Premier League,1920,Manchester City,Aymeric Laporte,ESP,DF,25.0,12.2,1040,1113,93.4,22509,6773,305,318,95.9,541,560,96.6,190,223,85.2,0,0.1,-0.1,1,107,1,0,76
ENG-Premier League,1920,Manchester City,Benjamin Mendy,FRA,DF,25.0,16.6,1108,1285,86.2,19848,5802,485,524,92.6,518,581,89.2,93,143,65.0,2,1.3,0.7,20,55,38,20,115
ENG-Premier League,1920,Manchester City,Bernardo Silva,POR,"FW,MF",24.0,22.6,1262,1451,87.0,21095,4108,647,706,91.6,477,544,87.7,116,147,78.9,7,5.4,1.6,51,67,42,11,97
ENG-Premier League,1920,Manchester City,Claudio Bravo,CHI,GK,36.0,3.9,101,132,76.5,2698,1554,21,22,95.5,48,48,100.0,32,62,51.6,0,0.0,0.0,0,0,0,0,0
ENG-Premier League,1920,Manchester City,David Silva,ESP,MF,33.0,20.3,1319,1512,87.2,20992,4195,692,772,89.6,514,559,91.9,85,108,78.7,10,5.3,4.7,46,89,61,1,140
ENG-Premier League,1920,Manchester City,Ederson,BRA,GK,25.0,34.1,928,1064,87.2,23492,13218,185,186,99.5,502,506,99.2,240,371,64.7,0,0.1,-0.1,1,11,0,0,0
ENG-Premier League,1920,Manchester City,Eric García,ESP,DF,18.0,8.8,672,705,95.3,13839,3727,207,217,95.4,367,378,97.1,92,99,92.9,0,0.1,-0.1,2,42,1,1,40
ENG-Premier League,1920,Manchester City,Fernandinho,BRA,DF,34.0,26.6,1985,2190,90.6,44219,14223,523,567,92.2,1078,1141,94.5,372,454,81.9,1,0.5,0.5,7,226,11,1,165
ENG-Premier League,1920,Manchester City,Gabriel Jesus,BRA,FW,22.0,22.6,532,608,87.5,7631,902,319,351,90.9,156,175,89.1,29,36,80.6,7,3.8,3.2,30,21,14,1,25
ENG-Premier League,1920,Manchester City,John Stones,ENG,DF,25.0,12.5,966,1016,95.1,21071,5928,263,274,96.0,533,559,95.3,169,177,95.5,0,0.1,-0.1,2,81,1,0,54
ENG-Premier League,1920,Manchester City,João Cancelo,POR,DF,25.0,13.4,1008,1147,87.9,18396,5054,444,478,92.9,442,496,89.1,116,148,78.4,0,1.7,-1.7,15,98,23,3,88
ENG-Premier League,1920,Manchester City,Kevin De Bruyne,BEL,MF,28.0,31.0,1674,2244,74.6,34656,10515,633,766,82.6,717,880,81.5,297,507,58.6,20,18.4,1.6,131,177,121,18,261
ENG-Premier League,1920,Manchester City,Kyle Walker,ENG,DF,29.0,26.6,1883,2143,87.9,38539,8518,677,733,92.4,877,961,91.3,313,389,80.5,4,2.1,1.9,17,222,27,6,153
ENG-Premier League,1920,Manchester City,Leroy Sané,GER,FW,23.0,0.1,6,7,85.7,91,13,3,4,75.0,3,3,100.0,0,0,,0,0.0,0.0,0,0,0,0,0
ENG-Premier League,1920,Manchester City,Nicolás Otamendi,ARG,DF,31.0,19.1,1382,1488,92.9,30025,7219,342,363,94.2,812,850,95.5,222,259,85.7,0,0.2,-0.2,3,61,0,0,42
ENG-Premier League,1920,Manchester City,Oleksandr Zinchenko,UKR,DF,22.0,14.2,1198,1347,88.9,20902,5565,541,581,93.1,538,604,89.1,108,137,78.8,0,1.7,-1.7,18,101,30,11,120
ENG-Premier League,1920,Manchester City,Opponent Total,,,26.5,38.0,10688,14000,76.3,216096,73377,4235,4846,87.4,4564,5316,85.9,1707,3289,51.9,25,23.0,2.0,193,639,183,42,676
ENG-Premier League,1920,Manchester City,Phil Foden,ENG,"FW,MF",19.0,10.0,431,508,84.8,6922,1357,257,282,91.1,127,147,86.4,37,56,66.1,2,2.0,0.0,18,28,13,2,32
ENG-Premier League,1920,Manchester City,Raheem Sterling,ENG,FW,24.0,29.5,983,1217,80.8,13848,2801,624,703,88.8,302,371,81.4,36,62,58.1,1,7.0,-6.0,47,31,55,7,87
ENG-Premier League,1920,Manchester City,Riyad Mahrez,ALG,"FW,MF",28.0,21.6,1009,1188,84.9,18604,4416,459,500,91.8,400,462,86.6,133,184,72.3,9,8.8,0.2,58,53,72,8,120
ENG-Premier League,1920,Manchester City,Rodri,ESP,MF,23.0,27.6,2363,2537,93.1,48604,10716,809,863,93.7,1129,1176,96.0,405,458,88.4,2,1.5,0.5,32,230,21,1,165
ENG-Premier League,1920,Manchester City,Sergio Agüero,ARG,FW,31.0,16.1,285,368,77.4,3774,793,173,210,82.4,82,105,78.1,11,13,84.6,3,2.4,0.6,16,12,20,0,32
ENG-Premier League,1920,Manchester City,Squad Total,,,26.9,38.0,24268,27672,87.7,471550,125643,9539,10425,91.5,11056,12078,91.5,3380,4398,76.9,69,66.2,2.8,558,1914,598,99,1999
ENG-Premier League,1920,Manchester City,Thomas Doyle,ENG,MF,17.0,0.2,19,19,100.0,279,26,11,11,100.0,7,7,100.0,1,1,100.0,0,0.0,0.0,0,1,0,0,0
ENG-Premier League,1920,Manchester City,İlkay Gündoğan,GER,MF,28.0,22.4,1779,1957,90.9,33453,6509,779,840,92.7,730,773,94.4,248,298,83.2,1,2.7,-1.7,34,168,33,1,148
ENG-Premier League,1920,Manchester Utd,Aaron Wan-Bissaka,ENG,DF,21.0,34.1,1676,2064,81.2,24885,9484,986,1087,90.7,572,707,80.9,77,154,50.0,4,2.9,1.1,26,106,20,10,143
ENG-Premier League,1920,Manchester Utd,Andreas Pereira,BRA,"MF,FW",23.0,16.5,566,770,73.5,9873,2763,278,322,86.3,209,270,77.4,66,141,46.8,3,3.8,-0.8,31,54,17,4,66
ENG-Premier League,1920,Manchester Utd,Angel Gomes,ENG,MF,18.0,0.2,11,13,84.6,235,83,3,4,75.0,4,5,80.0,3,3,100.0,0,0.1,-0.1,2,1,2,0,3
ENG-Premier League,1920,Manchester Utd,Anthony Martial,FRA,FW,23.0,29.2,575,721,79.8,8013,1715,360,415,86.7,168,206,81.6,22,31,71.0,6,4.1,1.9,31,36,33,1,64
ENG-Premier League,1920,Manchester Utd,Ashley Young,ENG,DF,34.0,10.6,565,735,76.9,11200,4597,230,251,91.6,251,296,84.8,81,168,48.2,0,1.2,-1.2,17,59,12,3,63
ENG-Premier League,1920,Manchester Utd,Axel Tuanzebe,ENG,DF,21.0,2.1,127,141,90.1,2333,660,54,58,93.1,55,59,93.2,17,21,81.0,0,0.0,0.0,0,8,0,0,5
ENG-Premier League,1920,Manchester Utd,Brandon Williams,ENG,DF,18.0,11.2,531,636,83.5,8464,2692,291,322,90.4,201,231,87.0,32,65,49.2,0,0.6,-0.6,13,28,19,4,46
ENG-Premier League,1920,Manchester Utd,Bruno Fernandes,POR,MF,24.0,13.2,608,853,71.3,11698,3233,285,339,84.1,220,284,77.5,97,192,50.5,7,2.5,4.5,34,72,23,2,80
ENG-Premier League,1920,Manchester Utd,Daniel James,WAL,FW,21.0,25.4,586,803,73.0,9010,2145,342,407,84.0,185,243,76.1,40,76,52.6,6,4.0,2.0,26,34,29,9,60
ENG-Premier League,1920,Manchester Utd,David de Gea,ESP,GK,28.0,38.0,726,934,77.7,18869,11023,190,190,100.0,342,347,98.6,194,393,49.4,0,0.0,0.0,0,6,0,0,0
ENG-Premier League,1920,Manchester Utd,Diogo Dalot,POR,"DF,MF",20.0,0.7,51,64,79.7,887,248,24,27,88.9,21,25,84.0,5,10,50.0,0,0.0,0.0,0,1,0,0,2
ENG-Premier League,1920,Manchester Utd,Eric Bailly,CIV,DF,25.0,1.7,64,72,88.9,1266,433,21,24,87.5,34,36,94.4,9,11,81.8,0,0.0,0.0,0,2,0,0,4
ENG-Premier League,1920,Manchester Utd,Fred,BRA,MF,26.0,24.0,1463,1714,85.4,29437,7269,558,616,90.6,629,689,91.3,253,353,71.7,0,2.5,-2.5,37,155,15,3,131
ENG-Premier League,1920,Manchester Utd,Harry Maguire,ENG,DF,26.0,38.0,2127,2403,88.5,46934,11790,552,609,90.6,1160,1247,93.0,396,518,76.4,1,0.6,0.4,16,167,2,0,98
ENG-Premier League,1920,Manchester Utd,James Garner,ENG,MF,18.0,0.1,15,15,100.0,253,44,9,9,100.0,5,5,100.0,1,1,100.0,0,0.0,0.0,0,1,0,0,1
ENG-Premier League,1920,Manchester Utd,Jesse Lingard,ENG,"MF,FW",26.0,10.4,351,409,85.8,5155,995,195,219,89.0,122,138,88.4,19,27,70.4,0,0.9,-0.9,17,31,10,0,30
ENG-Premier League,1920,Manchester Utd,Juan Mata,ESP,"MF,FW",31.0,8.4,442,523,84.5,7011,1625,258,271,95.2,137,163,84.0,41,65,63.1,2,2.0,0.0,19,41,18,2,40
ENG-Premier League,1920,Manchester Utd,Luke Shaw,ENG,DF,24.0,19.3,1121,1296,86.5,16837,6228,628,676,92.9,430,493,87.2,45,83,54.2,0,1.5,-1.5,20,60,25,6,110
ENG-Premier League,1920,Manchester Utd,Marcos Rojo,ARG,DF,29.0,1.4,37,55,67.3,747,323,11,12,91.7,20,25,80.0,6,17,35.3,0,0.0,0.0,0,3,0,0,5
ENG-Premier League,1920,Manchester Utd,Marcus Rashford,ENG,FW,21.0,29.4,758,988,76.7,12428,3377,419,499,84.0,255,318,80.2,62,108,57.4,7,4.6,2.4,33,61,67,4,131
ENG-Premier League,1920,Manchester Utd,Mason Greenwood,ENG,FW,17.0,14.7,416,488,85.2,6404,1161,232,262,88.5,143,159,89.9,27,41,65.9,1,0.7,0.3,13,21,9,1,27
ENG-Premier League,1920,Manchester Utd,Nemanja Matić,SRB,MF,30.0,17.6,1095,1240,88.3,20187,5092,477,519,91.9,477,515,92.6,132,179,73.7,2,1.2,0.8,17,117,12,1,98
ENG-Premier League,1920,Manchester Utd,Odion Ighalo,NGA,FW,30.0,1.1,21,23,91.3,279,22,15,17,88.2,4,4,100.0,2,2,100.0,0,0.1,-0.1,2,1,1,0,1
ENG-Premier League,1920,Manchester Utd,Opponent Total,,,26.7,38.0,13013,16853,77.2,257046,87732,5414,6141,88.2,5323,6339,84.0,2030,3675,55.2,24,24.7,-0.7,266,935,222,53,1002
ENG-Premier League,1920,Manchester Utd,Paul Pogba,FRA,MF,26.0,13.4,880,1026,85.8,17758,4790,374,418,89.5,349,392,89.0,145,184,78.8,3,2.7,0.3,27,118,27,1,109
ENG-Premier League,1920,Manchester Utd,Phil Jones,ENG,DF,27.0,1.5,79,89,88.8,1388,398,34,36,94.4,36,40,90.0,7,10,70.0,0,0.0,0.0,0,6,0,0,1
ENG-Premier League,1920,Manchester Utd,Scott McTominay,SCO,MF,22.0,19.7,816,995,82.0,16601,4084,311,371,83.8,352,406,86.7,143,191,74.9,1,0.7,0.3,14,88,11,2,82
ENG-Premier League,1920,Manchester Utd,Squad Total,,,24.8,38.0,17542,21170,82.9,324919,97629,7733,8627,89.6,7370,8365,88.1,2155,3392,63.5,43,37.0,6.0,401,1362,353,53,1500
ENG-Premier League,1920,Manchester Utd,Tahith Chong,NED,"FW,DF",19.0,0.4,9,14,64.3,136,36,4,6,66.7,5,5,100.0,0,1,0.0,0,0.0,0.0,0,1,0,0,2
ENG-Premier League,1920,Manchester Utd,Timothy Fosu-Mensah,NED,DF,21.0,1.5,62,73,84.9,1076,303,28,31,90.3,26,31,83.9,6,7,85.7,0,0.1,-0.1,2,2,0,0,5
ENG-Premier League,1920,Manchester Utd,Victor Lindelöf,SWE,DF,25.0,34.4,1764,2013,87.6,35555,11016,564,610,92.5,958,1026,93.4,227,340,66.8,0,0.3,-0.3,4,82,1,0,93
ENG-Premier League,1920,Newcastle Utd,Allan Saint-Maximin,FRA,"MF,FW",22.0,20.7,356,490,72.7,6374,1453,169,204,82.8,143,190,75.3,38,67,56.7,4,3.5,0.5,34,25,15,5,41
ENG-Premier League,1920,Newcastle Utd,Andy Carroll,ENG,FW,30.0,7.0,134,207,64.7,2215,483,71,100,71.0,39,65,60.0,17,27,63.0,4,1.6,2.4,11,12,9,2,15
ENG-Premier League,1920,Newcastle Utd,Christian Atsu,GHA,"FW,MF",27.0,8.3,163,208,78.4,2591,563,86,94,91.5,58,70,82.9,13,30,43.3,3,0.9,2.1,13,2,10,4,13
ENG-Premier League,1920,Newcastle Utd,Ciaran Clark,IRL,DF,29.0,13.2,253,322,78.6,5411,2056,78,87,89.7,129,154,83.8,43,75,57.3,0,0.0,0.0,1,20,2,0,15
ENG-Premier League,1920,Newcastle Utd,Danny Rose,ENG,DF,29.0,9.6,325,419,77.6,5608,2139,152,162,93.8,143,175,81.7,24,63,38.1,0,0.2,-0.2,3,22,4,1,24
ENG-Premier League,1920,Newcastle Utd,DeAndre Yedlin,USA,DF,26.0,10.4,228,316,72.2,3725,1542,135,156,86.5,61,93,65.6,26,51,51.0,0,0.3,-0.3,7,11,9,6,16
ENG-Premier League,1920,Newcastle Utd,Dwight Gayle,ENG,FW,28.0,9.4,110,150,73.3,1683,222,64,80,80.0,28,43,65.1,10,15,66.7,2,0.8,1.2,5,6,1,1,7
ENG-Premier League,1920,Newcastle Utd,Emil Krafth,SWE,DF,24.0,11.3,316,433,73.0,5635,2664,150,168,89.3,135,183,73.8,28,63,44.4,1,0.4,0.6,1,22,3,2,27
ENG-Premier League,1920,Newcastle Utd,Fabian Schär,SUI,"DF,MF",27.0,18.6,576,767,75.1,14597,6228,169,193,87.6,246,277,88.8,155,282,55.0,0,0.2,-0.2,4,72,4,1,46
ENG-Premier League,1920,Newcastle Utd,Federico Fernández,ARG,DF,30.0,29.1,907,1184,76.6,20097,8025,274,313,87.5,428,510,83.9,192,324,59.3,2,0.3,1.7,3,42,7,4,32
ENG-Premier League,1920,Newcastle Utd,Florian Lejeune,FRA,DF,28.0,4.9,136,187,72.7,2876,1077,45,55,81.8,69,80,86.3,22,49,44.9,0,0.1,-0.1,1,9,0,0,10
ENG-Premier League,1920,Newcastle Utd,Isaac Hayden,ENG,MF,24.0,24.7,630,833,75.6,10888,2509,300,358,83.8,257,327,78.6,64,102,62.7,2,1.6,0.4,15,40,13,7,48
ENG-Premier League,1920,Newcastle Utd,Jamaal Lascelles,ENG,DF,25.0,23.1,668,810,82.5,14583,3588,179,207,86.5,357,410,87.1,122,171,71.3,0,0.1,-0.1,2,25,2,0,17
ENG-Premier League,1920,Newcastle Utd,Javier Manquillo,ESP,DF,25.0,17.8,452,632,71.5,7517,2822,229,271,84.5,176,242,72.7,34,84,40.5,1,0.4,0.6,6,27,5,4,27
ENG-Premier League,1920,Newcastle Utd,Jetro Willems,NED,DF,25.0,16.6,408,582,70.1,7494,3601,165,192,85.9,197,267,73.8,42,99,42.4,2,1.2,0.8,16,30,13,5,41
ENG-Premier League,1920,Newcastle Utd,Joelinton,BRA,FW,22.0,29.8,640,801,79.9,9494,1702,378,443,85.3,190,241,78.8,47,62,75.8,2,2.4,-0.4,28,43,12,2,47
ENG-Premier League,1920,Newcastle Utd,Jonjo Shelvey,ENG,MF,27.0,23.5,790,1091,72.4,19373,6380,223,259,86.1,343,408,84.1,217,397,54.7,2,3.6,-1.6,42,127,20,4,115
ENG-Premier League,1920,Newcastle Utd,Kelland Watts,ENG,DF,19.0,0.2,1,4,25.0,17,3,0,0,,1,1,100.0,0,3,0.0,0,0.0,0.0,0,0,0,0,0
ENG-Premier League,1920,Newcastle Utd,Ki Sung-yueng,KOR,MF,30.0,1.5,59,67,88.1,1270,274,25,29,86.2,19,20,95.0,13,16,81.3,0,0.1,-0.1,2,4,0,0,1
ENG-Premier League,1920,Newcastle Utd,Martin Dúbravka,SVK,GK,30.0,38.0,595,1093,54.4,25699,19278,48,49,98.0,187,192,97.4,357,847,42.1,0,0.0,0.0,0,19,0,0,0
ENG-Premier League,1920,Newcastle Utd,Matt Ritchie,SCO,"DF,MF",29.0,14.6,474,691,68.6,9032,3687,202,237,85.2,188,233,80.7,75,187,40.1,1,2.3,-1.3,34,35,15,7,47
ENG-Premier League,1920,Newcastle Utd,Matthew Longstaff,ENG,MF,19.0,6.4,193,237,81.4,3607,653,81,92,88.0,81,94,86.2,28,43,65.1,0,0.2,-0.2,3,12,4,1,11
ENG-Premier League,1920,Newcastle Utd,Miguel Almirón,PAR,"MF,FW",25.0,33.6,682,894,76.3,10799,2574,368,426,86.4,242,306,79.1,50,98,51.0,2,1.6,0.4,27,40,24,4,66
ENG-Premier League,1920,Newcastle Utd,Nabil Bentaleb,ALG,MF,24.0,8.3,347,404,85.9,6806,1178,119,132,90.2,167,188,88.8,51,66,77.3,0,0.2,-0.2,8,22,2,1,14
ENG-Premier League,1920,Newcastle Utd,Opponent Total,,,26.5,38.0,19265,23041,83.6,378273,112896,7681,8580,89.5,8441,9478,89.1,2868,4290,66.9,38,39.8,-1.8,431,1609,385,88,1544
ENG-Premier League,1920,Newcastle Utd,Paul Dummett,WAL,DF,27.0,13.6,358,502,71.3,6797,3378,144,168,85.7,166,198,83.8,45,122,36.9,0,0.1,-0.1,4,44,4,3,27
ENG-Premier League,1920,Newcastle Utd,Sean Longstaff,ENG,MF,21.0,15.3,515,657,78.4,10160,2462,201,237,84.8,233,263,88.6,72,132,54.5,1,1.0,0.0,15,42,4,1,38
ENG-Premier League,1920,Newcastle Utd,Squad Total,,,26.5,38.0,10500,14206,73.9,217402,81724,4147,4810,86.2,4350,5309,81.9,1804,3514,51.3,29,23.2,5.8,293,762,188,67,754
ENG-Premier League,1920,Newcastle Utd,Valentino Lazaro,AUT,"DF,MF",23.0,5.3,158,194,81.4,2664,1051,80,84,95.2,56,67,83.6,17,36,47.2,0,0.2,-0.2,6,8,4,1,6
ENG-Premier League,1920,Newcastle Utd,Yoshinori Mutō,JPN,"FW,MF",27.0,2.4,26,31,83.9,390,132,12,14,85.7,11,12,91.7,2,3,66.7,0,0.1,-0.1,2,1,2,1,3
ENG-Premier League,1920,Norwich City,Adam Idah,IRL,"FW,MF",18.0,2.5,37,48,77.1,495,81,22,27,81.5,6,7,85.7,5,5,100.0,0,0.1,-0.1,1,5,0,0,3
ENG-Premier League,1920,Norwich City,Akin Famewo,ENG,MF,20.0,0.0,0,0,,0,0,0,0,,0,0,,0,0,,0,0.0,0.0,0,0,0,0,0
ENG-Premier League,1920,Norwich City,Alexander Tettey,NOR,"MF,DF",33.0,26.0,1100,1242,88.6,19202,4074,532,573,92.8,447,493,90.7,108,144,75.0,1,0.8,0.2,5,54,4,0,44
ENG-Premier League,1920,Norwich City,Ben Godfrey,ENG,DF,21.0,29.4,1413,1606,88.0,30192,8598,452,487,92.8,717,760,94.3,234,331,70.7,0,0.1,-0.1,3,76,2,0,61
ENG-Premier League,1920,Norwich City,Christoph Zimmermann,GER,DF,26.0,15.9,492,609,80.8,10846,3773,139,149,93.3,251,278,90.3,99,172,57.6,1,0.1,0.9,1,23,1,0,29
ENG-Premier League,1920,Norwich City,Dennis Srbeny,GER,"MF,FW",25.0,0.5,17,23,73.9,195,36,11,15,73.3,5,6,83.3,0,0,,0,0.0,0.0,0,3,0,0,1
ENG-Premier League,1920,Norwich City,Emi Buendía,ARG,"FW,MF",22.0,27.4,1144,1534,74.6,20522,7002,600,697,86.1,334,415,80.5,179,345,51.9,7,7.2,-0.2,79,145,58,4,173
ENG-Premier League,1920,Norwich City,Grant Hanley,SCO,DF,27.0,14.0,538,639,84.2,11537,3189,157,167,94.0,257,285,90.2,117,175,66.9,0,0.0,0.0,1,19,0,0,13
ENG-Premier League,1920,Norwich City,Ibrahim Amadou,FRA,"DF,MF",26.0,8.4,310,361,85.9,6355,1786,94,109,86.2,169,182,92.9,45,64,70.3,0,0.0,0.0,1,14,1,0,11
ENG-Premier League,1920,Norwich City,Jamal Lewis,NIR,DF,21.0,25.6,1036,1306,79.3,17191,6342,536,597,89.8,419,514,81.5,67,137,48.9,0,1.0,-1.0,15,42,20,8,83
ENG-Premier League,1920,Norwich City,Jordan Thomas,ENG,FW,18.0,0.0,0,0,,0,0,0,0,,0,0,,0,0,,0,0.0,0.0,0,0,0,0,0
ENG-Premier League,1920,Norwich City,Josh Martin,ENG,"FW,MF",17.0,0.4,12,16,75.0,138,29,10,11,90.9,2,4,50.0,0,0,,0,0.0,0.0,0,1,0,0,0
ENG-Premier League,1920,Norwich City,Josip Drmić,SUI,"FW,MF",26.0,7.2,125,164,76.2,1674,187,81,92,88.0,32,44,72.7,5,14,35.7,0,0.4,-0.4,3,5,0,0,5
ENG-Premier League,1920,Norwich City,Kenny McLean,SCO,MF,27.0,33.0,1324,1689,78.4,23426,7805,640,745,85.9,498,596,83.6,153,276,55.4,1,2.2,-1.2,26,131,19,5,141
ENG-Premier League,1920,Norwich City,Lukas Rupp,GER,"FW,MF",28.0,7.7,196,260,75.4,2849,670,111,132,84.1,67,82,81.7,9,23,39.1,0,0.8,-0.8,8,13,4,1,11
ENG-Premier League,1920,Norwich City,Marco Stiepermann,GER,MF,28.0,13.1,291,405,71.9,4154,1192,172,214,80.4,85,112,75.9,19,38,50.0,0,0.5,-0.5,11,32,8,1,38
ENG-Premier League,1920,Norwich City,Mario Vrančić,BIH,MF,30.0,7.1,337,432,78.0,5876,1753,166,185,89.7,129,157,82.2,34,72,47.2,0,1.1,-1.1,8,32,6,0,49
ENG-Premier League,1920,Norwich City,Max Aarons,ENG,DF,19.0,36.0,1316,1684,78.1,20293,6834,733,820,89.4,475,596,79.7,78,174,44.8,1,3.4,-2.4,24,43,32,13,77
ENG-Premier League,1920,Norwich City,Michael McGovern,NIR,GK,35.0,1.8,31,51,60.8,827,541,8,8,100.0,8,8,100.0,13,33,39.4,0,0.0,0.0,0,0,0,0,0
ENG-Premier League,1920,Norwich City,Moritz Leitner,GER,MF,26.0,7.6,472,553,85.4,7844,1737,245,267,91.8,172,194,88.7,43,69,62.3,0,0.3,-0.3,8,51,16,2,41
ENG-Premier League,1920,Norwich City,Ondrej Duda,SVK,MF,24.0,8.0,298,382,78.0,4770,1184,170,191,89.0,80,98,81.6,34,66,51.5,0,1.0,-1.0,14,17,10,2,23
ENG-Premier League,1920,Norwich City,Onel Hernández,CUB,"FW,MF",26.0,15.4,248,335,74.0,3456,637,144,170,84.7,89,114,78.1,3,21,14.3,2,0.9,1.1,18,7,10,3,16
ENG-Premier League,1920,Norwich City,Opponent Total,,,26.5,38.0,15279,19132,79.9,306782,99661,6038,6865,88.0,6446,7517,85.8,2513,3976,63.2,50,39.6,10.4,431,1320,450,99,1419
ENG-Premier League,1920,Norwich City,Patrick Roberts,ENG,"FW,MF",22.0,0.3,7,10,70.0,128,22,3,4,75.0,3,3,100.0,1,3,33.3,0,0.0,0.0,0,1,0,0,0
ENG-Premier League,1920,Norwich City,Ralf Fährmann,GER,GK,30.0,0.2,7,10,70.0,127,79,5,5,100.0,0,1,0.0,2,4,50.0,0,0.0,0.0,0,0,0,0,0
ENG-Premier League,1920,Norwich City,Sam Byram,ENG,DF,25.0,14.4,625,763,81.9,9875,3375,336,370,90.8,236,286,82.5,39,75,52.0,0,0.5,-0.5,7,22,5,0,43
ENG-Premier League,1920,Norwich City,Squad Total,,,26.0,38.0,14610,18286,79.9,270287,88230,6655,7458,89.2,5745,6622,86.8,1901,3446,55.2,18,26.1,-8.1,299,881,224,42,997
ENG-Premier League,1920,Norwich City,Teemu Pukki,FIN,FW,29.0,32.1,421,522,80.7,5884,667,263,297,88.6,116,145,80.0,22,31,71.0,3,3.1,-0.1,28,14,6,2,16
ENG-Premier League,1920,Norwich City,Tim Krul,NED,GK,31.0,36.0,1047,1550,67.5,32790,19225,127,127,100.0,483,488,99.0,436,930,46.9,0,0.0,0.0,0,11,0,0,2
ENG-Premier League,1920,Norwich City,Timm Klose,SUI,DF,31.0,6.5,331,389,85.1,6617,1809,113,126,89.7,169,180,93.9,46,74,62.2,0,0.0,0.0,0,9,1,0,15
ENG-Premier League,1920,Norwich City,Todd Cantwell,ENG,"FW,MF",21.0,27.7,884,1106,79.9,13333,3044,524,601,87.2,257,317,81.1,65,114,57.0,2,2.8,-0.8,36,71,21,1,77
ENG-Premier League,1920,Norwich City,Tom Trybull,GER,MF,26.0,12.6,551,597,92.3,9691,2559,261,272,96.0,239,257,93.0,45,56,80.4,0,0.1,-0.1,2,40,0,0,25
ENG-Premier League,1920,Sheffield Utd,Ben Osborn,ENG,"MF,DF",24.0,6.6,179,259,69.1,2907,738,97,116,83.6,56,73,76.7,20,52,38.5,0,0.8,-0.8,7,11,5,2,12
ENG-Premier League,1920,Sheffield Utd,Billy Sharp,ENG,FW,33.0,11.7,162,222,73.0,2388,484,93,115,80.9,58,74,78.4,6,13,46.2,2,2.7,-0.7,15,6,8,2,15
ENG-Premier League,1920,Sheffield Utd,Callum Robinson,IRL,"FW,MF",24.0,7.5,117,155,75.5,1787,294,62,73,84.9,44,57,77.2,6,15,40.0,1,0.6,0.4,4,5,3,1,6
ENG-Premier League,1920,Sheffield Utd,Chris Basham,ENG,DF,31.0,36.0,1084,1461,74.2,20420,6633,465,527,88.2,443,606,73.1,147,267,55.1,1,1.0,0.0,12,64,12,8,60
ENG-Premier League,1920,Sheffield Utd,David McGoldrick,IRL,FW,31.0,20.2,475,623,76.2,7903,1290,244,294,83.0,185,235,78.7,38,64,59.4,2,2.1,-0.1,16,27,9,3,34
ENG-Premier League,1920,Sheffield Utd,Dean Henderson,ENG,GK,22.0,36.0,424,1035,41.0,21127,17079,32,33,97.0,99,102,97.1,292,899,32.5,0,0.0,0.0,1,49,1,0,0
ENG-Premier League,1920,Sheffield Utd,Enda Stevens,IRL,DF,29.0,37.2,1405,1895,74.1,24266,9869,724,815,88.8,526,672,78.3,138,309,44.7,4,4.7,-0.7,33,105,51,10,171
ENG-Premier League,1920,Sheffield Utd,George Baldock,ENG,DF,26.0,38.0,1173,1552,75.6,18048,6540,690,764,90.3,364,467,77.9,85,211,40.3,3,2.5,0.5,27,60,45,28,88
ENG-Premier League,1920,Sheffield Utd,Jack O'Connell,ENG,DF,25.0,32.4,1156,1555,74.3,24608,9774,436,493,88.4,508,603,84.2,204,417,48.9,1,2.1,-1.1,10,99,22,4,115
ENG-Premier League,1920,Sheffield Utd,Jack Robinson,ENG,DF,25.0,5.6,193,257,75.1,3937,1461,65,73,89.0,100,119,84.0,26,56,46.4,0,0.2,-0.2,2,18,1,1,14
ENG-Premier League,1920,Sheffield Utd,Jack Rodwell,ENG,MF,28.0,0.2,2,2,100.0,40,4,1,1,100.0,1,1,100.0,0,0,,0,0.0,0.0,0,0,0,0,0
ENG-Premier League,1920,Sheffield Utd,John Egan,IRL,DF,26.0,35.4,1017,1213,83.8,24150,6505,254,283,89.8,499,555,89.9,254,355,71.5,0,0.1,-0.1,1,67,2,0,65
ENG-Premier League,1920,Sheffield Utd,John Fleck,SCO,MF,27.0,28.0,854,1164,73.4,15206,4966,403,469,85.9,305,370,82.4,115,246,46.7,2,3.3,-1.3,38,91,32,7,96
ENG-Premier League,1920,Sheffield Utd,John Lundstram,ENG,MF,25.0,27.3,966,1202,80.4,18422,3847,457,526,86.9,345,409,84.4,143,212,67.5,3,2.3,0.7,19,77,31,6,84
ENG-Premier League,1920,Sheffield Utd,Kieron Freeman,WAL,FW,27.0,0.1,2,2,100.0,28,6,1,1,100.0,1,1,100.0,0,0,,0,0.0,0.0,0,0,0,0,0
ENG-Premier League,1920,Sheffield Utd,Leon Clarke,ENG,"FW,MF",34.0,0.4,5,7,71.4,73,7,4,5,80.0,1,2,50.0,0,0,,0,0.0,0.0,0,0,0,0,0
ENG-Premier League,1920,Sheffield Utd,Luke Freeman,ENG,MF,27.0,4.1,110,150,73.3,1582,484,75,88,85.2,21,29,72.4,10,19,52.6,0,0.3,-0.3,3,8,4,3,8
ENG-Premier League,1920,Sheffield Utd,Lys Mousset,FRA,FW,23.0,13.8,176,239,73.6,2351,391,119,142,83.8,47,66,71.2,5,11,45.5,4,2.5,1.5,11,9,5,1,12
ENG-Premier League,1920,Sheffield Utd,Muhamed Bešić,BIH,MF,26.0,2.8,86,106,81.1,1516,328,49,54,90.7,26,31,83.9,10,16,62.5,0,0.1,-0.1,1,6,2,0,9
ENG-Premier League,1920,Sheffield Utd,Oliver McBurnie,SCO,FW,23.0,23.5,406,629,64.5,5901,1565,245,344,71.2,121,196,61.7,24,38,63.2,0,1.5,-1.5,12,27,13,0,51
ENG-Premier League,1920,Sheffield Utd,Oliver Norwood,NIR,MF,28.0,34.3,1664,2148,77.5,38895,11305,481,535,89.9,757,867,87.3,404,698,57.9,1,4.2,-3.2,50,232,35,12,186
ENG-Premier League,1920,Sheffield Utd,Opponent Total,,,26.7,38.0,17700,21964,80.6,353081,105180,6820,7712,88.4,7898,9059,87.2,2717,4493,60.5,28,34.0,-6.0,315,1165,268,60,1243
ENG-Premier League,1920,Sheffield Utd,Phil Jagielka,ENG,DF,36.0,2.7,59,73,80.8,1223,349,19,21,90.5,32,36,88.9,8,16,50.0,0,0.0,0.0,0,2,1,1,3
ENG-Premier League,1920,Sheffield Utd,Ravel Morrison,JAM,MF,26.0,0.1,4,6,66.7,53,30,2,3,66.7,2,2,100.0,0,0,,0,0.0,0.0,0,2,0,0,1
ENG-Premier League,1920,Sheffield Utd,Richairo Živković,NED,FW,22.0,1.2,16,18,88.9,242,25,9,10,90.0,5,6,83.3,1,1,100.0,0,0.2,-0.2,2,0,1,1,0
ENG-Premier League,1920,Sheffield Utd,Sander Berge,NOR,MF,21.0,10.5,298,386,77.2,5251,1145,137,164,83.5,121,146,82.9,35,53,66.0,1,0.4,0.6,2,30,9,2,29
ENG-Premier League,1920,Sheffield Utd,Simon Moore,ENG,GK,29.0,2.0,19,48,39.6,946,736,0,0,,8,8,100.0,11,40,27.5,0,0.0,0.0,0,0,0,0,0
ENG-Premier League,1920,Sheffield Utd,Squad Total,,,26.9,38.0,12052,16407,73.5,243270,85855,5164,5949,86.8,4675,5733,81.5,1982,4008,49.5,25,31.5,-6.5,266,995,292,92,1059
ENG-Premier League,1920,Southampton,Alex McCarthy,ENG,GK,29.0,28.0,442,815,54.2,17494,12983,51,55,92.7,146,149,98.0,244,609,40.1,0,0.0,0.0,1,27,1,0,0
ENG-Premier League,1920,Southampton,Angus Gunn,ENG,GK,23.0,10.0,111,256,43.4,4106,2945,21,21,100.0,35,35,100.0,55,200,27.5,0,0.0,0.0,0,6,1,0,0
ENG-Premier League,1920,Southampton,Che Adams,SCO,FW,23.0,12.3,184,265,69.4,2931,631,96,124,77.4,66,91,72.5,12,24,50.0,2,1.2,0.8,11,12,3,0,19
ENG-Premier League,1920,Southampton,Cédric Soares,POR,DF,27.0,14.5,522,724,72.1,9107,4209,268,305,87.9,185,246,75.2,60,151,39.7,1,1.2,-0.2,14,35,19,12,39
ENG-Premier League,1920,Southampton,Danny Ings,ENG,FW,27.0,31.2,437,678,64.5,6768,1798,245,329,74.5,135,201,67.2,34,89,38.2,2,2.7,-0.7,34,39,27,7,65
ENG-Premier League,1920,Southampton,Jack Stephens,ENG,DF,25.0,27.2,906,1199,75.6,20755,7435,234,270,86.7,480,560,85.7,182,342,53.2,3,1.3,1.7,8,84,10,0,83
ENG-Premier League,1920,Southampton,Jake Vokins,ENG,DF,19.0,1.0,60,73,82.2,958,340,32,35,91.4,22,26,84.6,4,9,44.4,0,0.1,-0.1,1,7,2,1,4
ENG-Premier League,1920,Southampton,James Ward-Prowse,ENG,"MF,DF",24.0,38.0,1458,1971,74.0,27769,8433,596,679,87.8,628,751,83.6,199,467,42.6,3,5.3,-2.3,61,134,34,5,150
ENG-Premier League,1920,Southampton,Jan Bednarek,POL,DF,23.0,34.0,1143,1434,79.7,23194,7627,384,431,89.1,583,695,83.9,164,278,59.0,1,0.1,0.9,2,66,2,0,62
ENG-Premier League,1920,Southampton,Jannik Vestergaard,DEN,DF,26.0,16.6,641,799,80.2,12894,4173,202,231,87.4,342,399,85.7,87,155,56.1,0,0.1,-0.1,4,57,4,0,41
ENG-Premier League,1920,Southampton,Kevin Danso,AUT,DF,20.0,3.1,115,159,72.3,2051,905,59,68,86.8,43,53,81.1,13,35,37.1,1,0.2,0.8,1,10,2,1,8
ENG-Premier League,1920,Southampton,Kyle Walker-Peters,ENG,DF,22.0,7.8,337,436,77.3,5293,1548,182,199,91.5,122,157,77.7,25,55,45.5,0,0.5,-0.5,4,16,9,0,17
ENG-Premier League,1920,Southampton,Maya Yoshida,JPN,DF,30.0,6.2,207,247,83.8,4037,1319,81,89,91.0,99,109,90.8,24,45,53.3,0,0.0,0.0,0,10,1,0,10
ENG-Premier League,1920,Southampton,Michael Obafemi,IRL,FW,19.0,7.4,112,144,77.8,1435,216,70,83,84.3,27,34,79.4,6,7,85.7,2,1.2,0.8,10,2,2,0,5
ENG-Premier League,1920,Southampton,Moussa Djenepo,MLI,"MF,DF",21.0,10.3,191,264,72.3,2738,896,115,135,85.2,57,79,72.2,11,29,37.9,2,1.3,0.7,13,11,15,2,29
ENG-Premier League,1920,Southampton,Nathan Redmond,ENG,"MF,FW",25.0,30.7,782,1061,73.7,13273,3077,406,489,83.0,261,344,75.9,87,161,54.0,4,3.2,0.8,36,45,38,5,97
ENG-Premier League,1920,Southampton,Nathan Tella,ENG,FW,20.0,0.0,0,1,0.0,0,0,0,1,0.0,0,0,,0,0,,0,0.0,0.0,0,0,0,0,0
ENG-Premier League,1920,Southampton,Opponent Total,,,26.5,38.0,13226,17771,74.4,268930,94552,5018,6020,83.4,5774,7086,81.5,2185,3884,56.3,41,34.4,6.6,317,1023,317,78,1204
ENG-Premier League,1920,Southampton,Oriol Romeu,ESP,MF,27.0,20.7,866,1038,83.4,16429,4009,334,380,87.9,415,471,88.1,103,161,64.0,0,1.3,-1.3,17,83,16,3,88
ENG-Premier League,1920,Southampton,Pierre Højbjerg,DEN,MF,23.0,30.6,1413,1810,78.1,26873,6921,609,702,86.8,585,726,80.6,197,323,61.0,1,2.1,-1.1,30,146,33,5,135
ENG-Premier League,1920,Southampton,Ryan Bertrand,ENG,DF,29.0,30.5,1244,1656,75.1,20907,8996,656,754,87.0,453,572,79.2,106,240,44.2,1,3.5,-2.5,34,106,34,16,127
ENG-Premier League,1920,Southampton,Shane Long,IRL,FW,32.0,15.5,226,405,55.8,2946,786,155,236,65.7,46,100,46.0,10,27,37.0,2,1.4,0.6,15,17,9,4,28
ENG-Premier League,1920,Southampton,Sofiane Boufal,MAR,"MF,FW",25.0,8.5,247,325,76.0,3764,1068,156,183,85.2,66,90,73.3,20,37,54.1,2,2.7,-0.7,15,18,14,3,25
ENG-Premier League,1920,Southampton,Squad Total,,,25.9,38.0,12483,16900,73.9,239444,84607,5388,6315,85.3,5108,6299,81.1,1712,3586,47.7,32,31.3,0.7,332,982,305,70,1120
ENG-Premier League,1920,Southampton,Stuart Armstrong,SCO,MF,27.0,19.1,466,612,76.1,7275,2375,255,301,84.7,157,199,78.9,37,63,58.7,3,1.1,1.9,16,33,24,4,60
ENG-Premier League,1920,Southampton,William Smallbone,IRL,MF,19.0,4.4,175,210,83.3,3126,669,81,93,87.1,73,84,86.9,18,26,69.2,2,0.3,1.7,3,12,3,1,13
ENG-Premier League,1920,Southampton,Yan Valery,FRA,DF,20.0,8.7,198,318,62.3,3321,1248,100,122,82.0,82,128,64.1,14,53,26.4,0,0.7,-0.7,2,6,2,1,15
ENG-Premier League,1920,Tottenham,Ben Davies,WAL,DF,26.0,15.9,730,956,76.4,13130,5294,301,348,86.5,350,442,79.2,65,126,51.6,0,0.6,-0.6,10,62,9,6,69
ENG-Premier League,1920,Tottenham,Christian Eriksen,DEN,"MF,FW",27.0,12.2,549,743,73.9,10145,2771,272,316,86.1,186,241,77.2,84,167,50.3,2,2.0,0.0,23,57,22,1,57
ENG-Premier League,1920,Tottenham,Danny Rose,ENG,DF,29.0,9.9,435,572,76.0,7666,3188,188,216,87.0,209,262,79.8,33,73,45.2,0,0.7,-0.7,10,34,12,4,52
ENG-Premier League,1920,Tottenham,Davinson Sánchez,COL,DF,23.0,27.0,1298,1496,86.8,28029,8014,343,373,92.0,728,786,92.6,221,313,70.6,0,0.0,0.0,1,49,0,0,56
ENG-Premier League,1920,Tottenham,Dele Alli,ENG,"MF,FW",23.0,20.5,621,805,77.1,10289,2384,314,375,83.7,241,283,85.2,51,88,58.0,4,2.0,2.0,22,41,24,0,65
ENG-Premier League,1920,Tottenham,Eric Dier,ENG,"DF,MF",25.0,14.9,713,876,81.4,15425,4283,221,257,86.0,348,402,86.6,131,197,66.5,2,0.1,1.9,4,56,3,0,43
ENG-Premier League,1920,Tottenham,Gedson Fernandes,POR,"MF,DF",20.0,0.8,40,51,78.4,576,169,22,25,88.0,14,19,73.7,1,2,50.0,0,0.2,-0.2,2,1,3,1,5
ENG-Premier League,1920,Tottenham,Georges-Kévin N'Koudou,FRA,FW,24.0,0.0,0,0,,0,0,0,0,,0,0,,0,0,,0,0.0,0.0,0,0,0,0,0
ENG-Premier League,1920,Tottenham,Giovani Lo Celso,ARG,"MF,FW",23.0,16.6,832,1005,82.8,15375,3976,378,419,90.2,320,368,87.0,116,182,63.7,2,2.1,-0.1,29,90,27,2,88
ENG-Premier League,1920,Tottenham,Harry Kane,ENG,FW,26.0,28.7,394,592,66.6,6934,1849,192,256,75.0,137,186,73.7,52,101,51.5,2,2.3,-0.3,24,48,17,3,62
ENG-Premier League,1920,Tottenham,Harry Winks,ENG,MF,23.0,24.7,1466,1656,88.5,28421,7489,584,632,92.4,641,700,91.6,220,289,76.1,0,1.1,-1.1,18,149,15,2,138
ENG-Premier League,1920,Tottenham,Hugo Lloris,FRA,GK,32.0,20.1,395,568,69.5,13101,8616,86,87,98.9,132,135,97.8,174,343,50.7,0,0.0,0.0,0,10,0,0,0
ENG-Premier League,1920,Tottenham,Jan Vertonghen,BEL,DF,32.0,18.3,930,1112,83.6,19299,5954,297,327,90.8,485,536,90.5,143,226,63.3,1,1.0,0.0,3,55,0,0,50
ENG-Premier League,1920,Tottenham,Japhet Tanganga,ENG,DF,20.0,5.8,188,232,81.0,3242,1096,95,105,90.5,73,83,88.0,19,31,61.3,0,0.0,0.0,0,9,0,0,11
ENG-Premier League,1920,Tottenham,Juan Foyth,ARG,DF,21.0,0.8,53,60,88.3,1027,341,21,23,91.3,26,27,96.3,6,10,60.0,0,0.0,0.0,1,3,0,0,4
ENG-Premier League,1920,Tottenham,Kyle Walker-Peters,ENG,DF,22.0,2.7,183,214,85.5,3054,763,93,97,95.9,74,83,89.2,15,26,57.7,0,0.1,-0.1,2,9,1,0,10
ENG-Premier League,1920,Tottenham,Lucas Moura,BRA,"FW,MF",26.0,24.9,581,799,72.7,8736,2505,336,402,83.6,197,269,73.2,33,71,46.5,4,2.4,1.6,32,43,32,3,77
ENG-Premier League,1920,Tottenham,Moussa Sissoko,FRA,MF,29.0,27.2,1106,1279,86.5,19236,3940,517,580,89.1,441,500,88.2,117,147,79.6,1,1.1,-0.1,16,74,12,2,88
ENG-Premier League,1920,Tottenham,Oliver Skipp,ENG,"MF,DF",18.0,0.9,33,38,86.8,626,152,15,17,88.2,12,14,85.7,6,7,85.7,0,0.0,0.0,0,4,0,0,3
ENG-Premier League,1920,Tottenham,Opponent Total,,,26.7,38.0,14460,18298,79.0,291800,96958,5722,6528,87.7,6088,7090,85.9,2390,3959,60.4,27,33.8,-6.8,383,1180,314,89,1275
ENG-Premier League,1920,Tottenham,Paulo Gazzaniga,ARG,GK,27.0,17.9,319,516,61.8,9681,6260,72,73,98.6,138,139,99.3,109,304,35.9,0,0.4,-0.4,1,6,0,0,0
ENG-Premier League,1920,Tottenham,Ryan Sessegnon,ENG,DF,19.0,3.8,145,195,74.4,2401,925,78,89,87.6,58,71,81.7,8,27,29.6,0,0.1,-0.1,2,13,2,1,17
ENG-Premier League,1920,Tottenham,Serge Aurier,CIV,DF,26.0,30.0,1262,1654,76.3,20973,7402,640,715,89.5,506,655,77.3,99,205,48.3,5,2.8,2.2,30,63,40,16,111
ENG-Premier League,1920,Tottenham,Son Heung-min,KOR,"FW,MF",27.0,27.5,705,882,79.9,11213,2547,397,453,87.6,239,271,88.2,52,104,50.0,10,7.0,3.0,43,47,27,3,69
ENG-Premier League,1920,Tottenham,Squad Total,,,26.7,38.0,15794,19704,80.2,306185,94530,6427,7257,88.6,6887,7937,86.8,2215,3787,58.5,39,30.8,8.2,327,1142,302,50,1281
ENG-Premier League,1920,Tottenham,Steven Bergwijn,NED,"FW,MF",21.0,7.8,225,259,86.9,3150,545,140,155,90.3,67,76,88.2,8,13,61.5,1,1.0,0.0,13,10,11,4,12
ENG-Premier League,1920,Tottenham,Tanguy Ndombele,FRA,MF,22.0,11.2,532,629,84.6,9408,2731,228,261,87.4,229,256,89.5,58,81,71.6,2,1.2,0.8,13,49,10,0,60
ENG-Premier League,1920,Tottenham,Toby Alderweireld,BEL,DF,30.0,32.9,1567,1895,82.7,37304,9766,334,358,93.3,869,938,92.6,354,573,61.8,2,1.1,0.9,11,130,16,1,87
ENG-Premier League,1920,Tottenham,Troy Parrott,IRL,"MF,DF",17.0,0.1,5,5,100.0,92,25,1,1,100.0,4,4,100.0,0,0,,0,0.0,0.0,0,0,0,0,0
ENG-Premier League,1920,Tottenham,Victor Wanyama,KEN,MF,28.0,0.3,18,19,94.7,382,127,6,7,85.7,6,6,100.0,4,4,100.0,0,0.0,0.0,0,3,0,0,5
ENG-Premier League,1920,Tottenham,Érik Lamela,ARG,"MF,FW",27.0,13.5,469,596,78.7,7270,1418,256,290,88.3,157,185,84.9,36,77,46.8,1,1.6,-0.6,17,27,19,1,42
ENG-Premier League,1920,Watford,Abdoulaye Doucouré,MLI,MF,26.0,35.1,1302,1658,78.5,21927,4818,633,757,83.6,503,612,82.2,121,176,68.8,2,2.6,-0.6,33,120,33,4,110
ENG-Premier League,1920,Watford,Adam Masina,MAR,DF,25.0,20.2,582,934,62.3,11965,6035,227,271,83.8,249,367,67.8,95,250,38.0,0,0.6,-0.6,13,57,15,12,60
ENG-Premier League,1920,Watford,Adrian Mariappa,JAM,DF,32.0,16.8,426,585,72.8,8470,3772,152,174,87.4,204,270,75.6,61,123,49.6,0,0.4,-0.4,4,32,3,3,37
ENG-Premier League,1920,Watford,Andre Gray,JAM,FW,28.0,8.4,102,155,65.8,1523,340,59,84,70.2,29,38,76.3,8,14,57.1,0,1.4,-1.4,8,7,6,1,9
ENG-Premier League,1920,Watford,Ben Foster,ENG,GK,36.0,38.0,533,1201,44.4,24826,20193,30,30,100.0,123,128,96.1,379,1042,36.4,0,0.0,0.0,0,30,2,0,0
ENG-Premier League,1920,Watford,Christian Kabasele,BEL,DF,28.0,25.0,484,636,76.1,11100,4142,130,149,87.2,235,272,86.4,110,197,55.8,2,0.6,1.4,3,38,0,0,34
ENG-Premier League,1920,Watford,Craig Cathcart,NIR,DF,30.0,27.6,716,860,83.3,15657,4879,229,255,89.8,331,369,89.7,149,222,67.1,0,0.0,0.0,1,37,3,1,38
ENG-Premier League,1920,Watford,Craig Dawson,ENG,DF,29.0,26.2,731,909,80.4,17548,5769,191,218,87.6,334,375,89.1,202,302,66.9,0,0.3,-0.3,4,55,2,0,45
ENG-Premier League,1920,Watford,Danny Welbeck,ENG,"FW,MF",28.0,9.1,131,168,78.0,1791,447,82,98,83.7,39,50,78.0,4,7,57.1,0,0.2,-0.2,3,10,4,0,13
ENG-Premier League,1920,Watford,Daryl Janmaat,NED,DF,30.0,6.7,257,341,75.4,4293,1700,133,151,88.1,95,113,84.1,22,59,37.3,1,0.4,0.6,7,23,10,5,33
ENG-Premier League,1920,Watford,Dimitri Foulquier,FRA,"DF,MF",26.0,0.7,10,13,76.9,172,63,3,3,100.0,6,7,85.7,0,1,0.0,0,0.0,0.0,1,1,0,0,2
ENG-Premier League,1920,Watford,Domingos Quina,POR,MF,19.0,0.2,9,9,100.0,135,21,6,6,100.0,3,3,100.0,0,0,,0,0.0,0.0,0,0,1,0,1
ENG-Premier League,1920,Watford,Gerard Deulofeu,ESP,FW,25.0,23.3,603,823,73.3,10192,2557,305,362,84.3,204,256,79.7,68,132,51.5,5,4.6,0.4,45,30,30,2,59
ENG-Premier League,1920,Watford,Ignacio Pussetto,ARG,"FW,DF",23.0,0.8,18,31,58.1,282,145,10,12,83.3,6,12,50.0,1,6,16.7,0,0.0,0.0,0,1,1,0,2
ENG-Premier League,1920,Watford,Isaac Success,NGA,"FW,MF",23.0,0.8,14,21,66.7,157,37,8,12,66.7,2,4,50.0,1,1,100.0,0,0.1,-0.1,1,0,1,0,1
ENG-Premier League,1920,Watford,Ismaila Sarr,SEN,"FW,MF",21.0,22.5,439,602,72.9,6749,1814,254,306,83.0,140,196,71.4,29,61,47.5,4,3.2,0.8,26,14,32,15,37
ENG-Premier League,1920,Watford,José Holebas,GRE,DF,35.0,11.4,431,608,70.9,8312,3866,181,207,87.4,178,229,77.7,61,152,40.1,0,0.8,-0.8,10,43,9,6,42
ENG-Premier League,1920,Watford,João Pedro,BRA,"FW,MF",17.0,0.3,10,14,71.4,149,37,3,4,75.0,6,7,85.7,0,1,0.0,0,0.2,-0.2,1,1,1,1,1
ENG-Premier League,1920,Watford,Kiko Femenía,ESP,DF,28.0,24.9,998,1292,77.2,16236,6764,535,612,87.4,357,460,77.6,84,171,49.1,0,1.5,-1.5,19,55,28,16,77
ENG-Premier League,1920,Watford,Nathaniel Chalobah,ENG,MF,24.0,10.3,263,358,73.5,4592,1237,123,153,80.4,106,126,84.1,27,57,47.4,1,1.1,-0.1,8,24,4,0,34
ENG-Premier League,1920,Watford,Opponent Total,,,26.5,38.0,16731,20774,80.5,328163,101426,6776,7705,87.9,7229,8288,87.2,2473,4084,60.6,37,34.6,2.4,342,1311,309,69,1364
ENG-Premier League,1920,Watford,Roberto Pereyra,ARG,"FW,MF",28.0,18.3,538,654,82.3,8701,1979,293,336,87.2,182,208,87.5,42,73,57.5,0,1.8,-1.8,18,34,14,4,44
ENG-Premier League,1920,Watford,Sebastian Prödl,AUT,DF,32.0,0.6,6,10,60.0,81,55,4,5,80.0,2,4,50.0,0,1,0.0,0,0.0,0.0,0,0,0,0,1
ENG-Premier League,1920,Watford,Squad Total,,,28.9,38.0,11208,15407,72.7,221889,84866,4849,5746,84.4,4286,5331,80.4,1790,3639,49.2,21,28.2,-7.2,287,889,268,80,986
ENG-Premier League,1920,Watford,Tom Cleverley,ENG,MF,29.0,10.8,366,469,78.0,5944,1970,200,218,91.7,115,143,80.4,34,83,41.0,0,0.5,-0.5,14,35,13,4,45
ENG-Premier League,1920,Watford,Troy Deeney,ENG,FW,31.0,24.7,404,705,57.3,6203,2062,231,350,66.0,133,246,54.1,26,61,42.6,2,3.6,-1.6,27,50,25,1,70
ENG-Premier League,1920,Watford,Will Hughes,ENG,"MF,FW",24.0,25.0,676,920,73.5,10617,3728,381,452,84.3,226,285,79.3,51,127,40.2,1,1.2,-0.2,22,62,23,4,73
ENG-Premier League,1920,Watford,Étienne Capoue,FRA,MF,31.0,29.2,1159,1431,81.0,24267,6436,446,521,85.6,478,551,86.8,215,320,67.2,3,3.1,-0.1,19,130,8,1,118
ENG-Premier League,1920,West Ham,Aaron Cresswell,ENG,DF,29.0,30.3,1241,1681,73.8,21630,10702,619,679,91.2,473,599,79.0,131,315,41.6,0,1.8,-1.8,23,114,22,15,123
ENG-Premier League,1920,West Ham,Albian Ajeti,SUI,"MF,FW",22.0,1.5,15,18,83.3,152,8,12,12,100.0,2,5,40.0,0,0,,0,0.1,-0.1,2,0,0,0,0
ENG-Premier League,1920,West Ham,Andriy Yarmolenko,UKR,"MF,FW",29.0,11.0,338,424,79.7,5558,1379,191,214,89.3,92,114,80.7,41,70,58.6,1,2.7,-1.7,18,13,11,3,36
ENG-Premier League,1920,West Ham,Angelo Ogbonna,ITA,DF,31.0,31.0,744,945,78.7,16484,5263,218,244,89.3,375,436,86.0,147,250,58.8,0,0.1,-0.1,2,44,2,0,37
ENG-Premier League,1920,West Ham,Arthur Masuaku,COD,DF,25.0,10.4,472,588,80.3,7541,3002,268,296,90.5,153,188,81.4,39,71,54.9,1,1.0,0.0,6,27,5,3,38
ENG-Premier League,1920,West Ham,Ben Johnson,ENG,DF,19.0,3.0,111,161,68.9,1947,960,65,71,91.5,32,49,65.3,12,31,38.7,0,0.2,-0.2,2,14,4,3,17
ENG-Premier League,1920,West Ham,Carlos Sánchez,COL,"MF,DF",33.0,1.3,45,55,81.8,825,218,16,18,88.9,22,27,81.5,6,9,66.7,0,0.0,0.0,0,2,0,0,2
ENG-Premier League,1920,West Ham,Darren Randolph,IRL,GK,32.0,2.0,22,40,55.0,1244,1093,2,2,100.0,0,0,,20,38,52.6,0,0.0,0.0,0,3,0,0,0
ENG-Premier League,1920,West Ham,David Martin,ENG,GK,33.0,4.8,55,124,44.4,2858,2411,1,1,100.0,10,10,100.0,44,113,38.9,0,0.0,0.0,0,2,0,0,0
ENG-Premier League,1920,West Ham,Declan Rice,ENG,MF,20.0,38.0,1476,1717,86.0,30023,7543,545,599,91.0,646,704,91.8,252,349,72.2,3,1.5,1.5,22,158,18,9,112
ENG-Premier League,1920,West Ham,Fabián Balbuena,PAR,DF,27.0,13.1,361,487,74.1,8137,2891,101,123,82.1,179,208,86.1,78,144,54.2,0,0.0,0.0,0,24,2,0,30
ENG-Premier League,1920,West Ham,Felipe Anderson,BRA,"MF,FW",26.0,16.6,725,934,77.6,12055,3505,397,469,84.6,235,299,78.6,72,103,69.9,4,3.1,0.9,26,49,33,6,85
ENG-Premier League,1920,West Ham,Issa Diop,FRA,DF,22.0,30.7,755,948,79.6,15500,5635,263,292,90.1,338,391,86.4,137,226,60.6,1,0.9,0.1,4,51,2,0,37
ENG-Premier League,1920,West Ham,Jack Wilshere,ENG,MF,27.0,2.4,61,73,83.6,843,163,39,44,88.6,18,21,85.7,3,5,60.0,0,0.0,0.0,0,2,0,0,1
ENG-Premier League,1920,West Ham,Jarrod Bowen,ENG,FW,22.0,10.2,188,276,68.1,3704,1215,79,94,84.0,71,88,80.7,31,68,45.6,4,2.2,1.8,14,12,9,4,18
ENG-Premier League,1920,West Ham,Javier Hernández,MEX,FW,31.0,1.2,19,22,86.4,314,50,6,7,85.7,8,9,88.9,2,2,100.0,0,0.0,0.0,0,2,1,0,3
ENG-Premier League,1920,West Ham,Jeremy Ngakia,ENG,DF,18.0,4.9,89,161,55.3,1410,740,54,69,78.3,27,49,55.1,8,37,21.6,0,0.0,0.0,0,3,2,1,6
ENG-Premier League,1920,West Ham,Manuel Lanzini,ARG,"MF,FW",26.0,15.3,674,798,84.5,10959,3117,370,410,90.2,207,236,87.7,68,109,62.4,2,2.5,-0.5,31,65,15,3,72
ENG-Premier League,1920,West Ham,Mark Noble,ENG,MF,32.0,29.7,1217,1499,81.2,24632,7029,475,544,87.3,502,586,85.7,219,307,71.3,3,2.9,0.1,41,135,29,3,136
ENG-Premier League,1920,West Ham,Michail Antonio,JAM,FW,29.0,19.6,325,507,64.1,5127,1295,183,232,78.9,96,154,62.3,31,66,47.0,3,2.7,0.3,21,21,14,8,32
ENG-Premier League,1920,West Ham,Nathan Holland,ENG,MF,21.0,0.4,11,14,78.6,137,49,8,9,88.9,3,5,60.0,0,0,,0,0.0,0.0,0,0,0,0,0
ENG-Premier League,1920,West Ham,Opponent Total,,,26.6,38.0,17073,20982,81.4,328885,106253,6873,7777,88.4,7530,8552,88.0,2338,3850,60.7,49,46.0,3.0,380,1281,394,102,1463
ENG-Premier League,1920,West Ham,Pablo Fornals,ESP,"MF,FW",23.0,24.1,680,897,75.8,10965,3025,377,427,88.3,205,272,75.4,70,124,56.5,5,2.2,2.8,18,49,27,6,65
ENG-Premier League,1920,West Ham,Pablo Zabaleta,ARG,DF,34.0,6.6,247,326,75.8,4078,1851,131,147,89.1,96,123,78.0,19,42,45.2,0,0.4,-0.4,4,28,6,2,28
ENG-Premier League,1920,West Ham,Robert Snodgrass,SCO,"MF,FW",31.0,16.8,435,635,68.5,7989,2672,206,256,80.5,146,182,80.2,72,162,44.4,5,2.8,2.2,33,30,14,2,47
ENG-Premier League,1920,West Ham,Roberto,ESP,GK,33.0,7.6,113,232,48.7,4455,3561,17,17,100.0,35,35,100.0,60,179,33.5,0,0.0,0.0,0,0,0,0,0
ENG-Premier League,1920,West Ham,Ryan Fredericks,ENG,DF,26.0,24.9,795,1096,72.5,12820,5415,414,480,86.3,295,407,72.5,63,141,44.7,3,2.6,0.4,25,44,25,15,57
ENG-Premier League,1920,West Ham,Squad Total,,,27.4,38.0,12388,16488,75.1,240804,90754,5516,6384,86.4,4620,5666,81.5,1949,3610,54.0,36,31.8,4.2,318,972,259,85,1050
ENG-Premier League,1920,West Ham,Sébastien Haller,CIV,FW,25.0,25.2,522,766,68.1,7370,1480,312,436,71.6,151,222,68.0,33,49,67.3,1,1.9,-0.9,24,48,14,2,45
ENG-Premier League,1920,West Ham,Tomáš Souček,CZE,MF,24.0,11.6,274,392,69.9,4852,1163,122,167,73.1,112,154,72.7,30,49,61.2,0,0.5,-0.5,2,25,4,0,23
ENG-Premier League,1920,West Ham,Łukasz Fabiański,POL,GK,34.0,23.5,378,672,56.3,17195,13319,25,25,100.0,91,93,97.8,261,551,47.4,0,0.0,0.0,0,7,0,0,0
ENG-Premier League,1920,Wolves,Adama Traoré,ESP,"FW,MF",23.0,28.9,621,942,65.9,10788,2803,316,407,77.6,225,335,67.2,69,135,51.1,9,6.7,2.3,50,45,45,32,64
ENG-Premier League,1920,Wolves,Bruno Jordão,POR,FW,20.0,0.1,2,5,40.0,47,11,1,3,33.3,0,1,0.0,1,1,100.0,0,0.0,0.0,0,0,0,0,1
ENG-Premier League,1920,Wolves,Conor Coady,ENG,DF,26.0,38.0,1531,1782,85.9,42435,14948,225,244,92.2,767,814,94.2,529,701,75.5,0,0.7,-0.7,5,115,7,0,53
ENG-Premier League,1920,Wolves,Daniel Podence,POR,"FW,MF",23.0,3.2,74,105,70.5,1110,232,40,51,78.4,26,35,74.3,4,12,33.3,0,0.4,-0.4,5,3,3,0,8
ENG-Premier League,1920,Wolves,Diogo Jota,POR,"FW,MF",22.0,25.4,681,861,79.1,11168,2084,362,430,84.2,236,295,80.0,62,82,75.6,1,3.7,-2.7,32,39,21,6,56
ENG-Premier League,1920,Wolves,Jesús Vallejo,ESP,DF,22.0,1.8,81,104,77.9,1815,606,21,24,87.5,39,46,84.8,20,33,60.6,0,0.0,0.0,0,7,1,0,5
ENG-Premier League,1920,Wolves,Jonny Castro,ESP,DF,25.0,32.1,1177,1445,81.5,17892,5897,685,760,90.1,402,500,80.4,63,109,57.8,2,0.9,1.1,19,53,20,5,87
ENG-Premier League,1920,Wolves,João Moutinho,POR,MF,32.0,34.5,1614,2022,79.8,35527,8827,511,574,89.0,727,834,87.2,359,558,64.3,6,6.1,-0.1,80,157,33,12,160
ENG-Premier League,1920,Wolves,Leander Dendoncker,BEL,"MF,DF",24.0,31.1,1087,1284,84.7,22063,4879,382,456,83.8,527,589,89.5,170,203,83.7,0,0.6,-0.6,7,55,4,1,58
ENG-Premier League,1920,Wolves,Matt Doherty,IRL,DF,27.0,31.5,1369,1793,76.4,22400,9053,732,858,85.3,484,648,74.7,122,203,60.1,3,1.8,1.2,23,86,18,9,152
ENG-Premier League,1920,Wolves,Max Kilman,ENG,DF,22.0,2.1,72,90,80.0,1391,547,22,26,84.6,45,48,93.8,4,13,30.8,0,0.0,0.0,0,4,0,0,9
ENG-Premier League,1920,Wolves,Morgan Gibbs-White,ENG,"MF,FW",19.0,1.4,66,82,80.5,1160,292,27,31,87.1,33,38,86.8,6,12,50.0,0,0.1,-0.1,3,5,3,1,7
ENG-Premier League,1920,Wolves,Opponent Total,,,26.5,38.0,15623,19500,80.1,302397,98621,6489,7336,88.5,6664,7656,87.0,2205,3783,58.3,28,24.5,3.5,278,1128,268,75,1158
ENG-Premier League,1920,Wolves,Patrick Cutrone,ITA,FW,21.0,3.3,38,56,67.9,488,67,25,33,75.8,11,16,68.8,0,5,0.0,0,0.0,0.0,1,2,0,0,1
ENG-Premier League,1920,Wolves,Pedro Neto,POR,"FW,MF",19.0,10.4,303,397,76.3,4927,976,154,174,88.5,112,145,77.2,23,41,56.1,3,2.3,0.7,15,15,8,4,22
ENG-Premier League,1920,Wolves,Raúl Jiménez,MEX,FW,28.0,36.0,732,1009,72.5,11852,2723,416,506,82.2,207,273,75.8,79,131,60.3,6,5.6,0.4,42,63,24,4,79
ENG-Premier League,1920,Wolves,Romain Saïss,MAR,DF,29.0,30.1,1252,1540,81.3,28003,10404,306,342,89.5,699,779,89.7,239,382,62.6,1,0.5,0.5,7,119,9,0,115
ENG-Premier League,1920,Wolves,Rui Patrício,POR,GK,31.0,38.0,550,862,63.8,22540,15394,42,43,97.7,154,157,98.1,352,660,53.3,0,0.0,0.0,0,4,0,0,0
ENG-Premier League,1920,Wolves,Ryan Bennett,ENG,DF,29.0,6.7,185,239,77.4,4160,1591,56,64,87.5,81,99,81.8,45,72,62.5,0,0.1,-0.1,2,23,1,0,15
ENG-Premier League,1920,Wolves,Rúben Neves,POR,MF,22.0,34.0,1587,1974,80.4,38293,9139,404,466,86.7,742,860,86.3,430,616,69.8,2,2.0,0.0,27,176,24,2,145
ENG-Premier League,1920,Wolves,Rúben Vinagre,POR,DF,20.0,7.2,257,344,74.7,4284,1293,139,159,87.4,95,119,79.8,21,45,46.7,0,0.5,-0.5,5,10,6,6,6
ENG-Premier League,1920,Wolves,Squad Total,,,26.6,38.0,14072,17895,78.6,297687,97790,5172,5988,86.4,6003,7071,84.9,2685,4175,64.3,34,32.3,1.7,327,1015,229,82,1080
ENG-Premier League,1920,Wolves,Willy Boly,CIV,DF,28.0,22.0,793,959,82.7,15344,6024,306,337,90.8,391,440,88.9,87,161,54.0,1,0.3,0.7,4,34,2,0,37
