,,,,Nation,Pos,Age,90s,SCA,SCA,SCA Types,SCA Types,SCA Types,SCA Types,SCA Types,SCA Types,GCA,GCA,GCA Types,GCA Types,GCA Types,GCA Types,GCA Types,GCA Types
,,,,,,,,SCA,SCA90,PassLive,PassDead,Drib,Sh,Fld,Def,GCA,GCA90,PassLive,PassDead,Drib,Sh,Fld,Def
league,season,team,player,,,,,,,,,,,,,,,,,,,,
ENG-Premier League,2122,Arsenal,Aaron Ramsdale,ENG,GK,23.0,34.0,1,0.03,0,1,0,0,0,0,1,0.03,0,1,0,0,0,0
ENG-Premier League,2122,Arsenal,Ainsley Maitland-Niles,ENG,MF,23.0,3.0,8,2.69,5,1,0,1,0,1,0,0.0,0,0,0,0,0,0
ENG-Premier League,2122,Arsenal,Albert Sambi Lokonga,BEL,MF,21.0,12.6,34,2.7,32,0,0,0,1,1,0,0.0,0,0,0,0,0,0
ENG-Premier League,2122,Arsenal,Alexandre Lacazette,FRA,"FW,MF",30.0,19.8,65,3.28,43,0,7,4,9,2,9,0.45,6,0,0,1,1,1
ENG-Premier League,2122,Arsenal,Ben White,ENG,DF,23.0,32.0,25,0.78,18,1,0,4,1,1,1,0.03,1,0,0,0,0,0
ENG-Premier League,2122,Arsenal,Bernd Leno,GER,GK,29.0,4.0,0,0.0,0,0,0,0,0,0,0,0.0,0,0,0,0,0,0
ENG-Premier League,2122,Arsenal,Bukayo Saka,ENG,"FW,MF",19.0,33.1,142,4.29,94,18,12,7,10,1,16,0.48,8,4,0,1,3,0
ENG-Premier League,2122,Arsenal,Calum Chambers,ENG,DF,26.0,1.9,1,0.53,1,0,0,0,0,0,0,0.0,0,0,0,0,0,0
ENG-Premier League,2122,Arsenal,Cédric Soares,POR,DF,29.0,16.5,36,2.18,25,9,0,0,1,1,2,0.12,1,1,0,0,0,0
ENG-Premier League,2122,Arsenal,Eddie Nketiah,ENG,FW,22.0,9.3,23,2.48,15,0,2,3,1,2,4,0.43,1,0,0,1,0,2
ENG-Premier League,2122,Arsenal,Emile Smith Rowe,ENG,"MF,FW",21.0,21.3,65,3.05,49,4,5,4,3,0,6,0.28,5,1,0,0,0,0
ENG-Premier League,2122,Arsenal,Folarin Balogun,ENG,FW,20.0,0.8,0,0.0,0,0,0,0,0,0,0,0.0,0,0,0,0,0,0
ENG-Premier League,2122,Arsenal,Gabriel Dos Santos,BRA,DF,23.0,34.0,22,0.65,20,0,0,1,0,1,1,0.03,1,0,0,0,0,0
ENG-Premier League,2122,Arsenal,Granit Xhaka,SUI,"MF,DF",28.0,25.9,79,3.06,72,2,2,1,0,2,3,0.12,3,0,0,0,0,0
ENG-Premier League,2122,Arsenal,Kieran Tierney,SCO,DF,24.0,21.3,38,1.79,33,2,1,1,1,0,3,0.14,3,0,0,0,0,0
ENG-Premier League,2122,Arsenal,Martin Ødegaard,NOR,MF,22.0,30.9,134,4.33,105,13,6,7,2,1,12,0.39,12,0,0,0,0,0
ENG-Premier League,2122,Arsenal,Martinelli,BRA,"FW,MF",20.0,20.7,70,3.39,47,4,8,7,2,2,11,0.53,6,2,1,2,0,0
ENG-Premier League,2122,Arsenal,Mohamed Elneny,EGY,MF,29.0,9.0,13,1.45,13,0,0,0,0,0,2,0.22,2,0,0,0,0,0
ENG-Premier League,2122,Arsenal,Nicolas Pépé,CIV,"FW,MF",26.0,7.7,28,3.62,15,9,2,2,0,0,4,0.52,2,0,0,2,0,0
ENG-Premier League,2122,Arsenal,Nuno Tavares,POR,DF,21.0,13.1,26,1.99,18,0,3,1,2,2,3,0.23,2,0,0,1,0,0
ENG-Premier League,2122,Arsenal,Opponent Total,,,26.9,38.0,674,17.74,506,56,35,25,38,14,79,2.08,55,3,8,4,7,2
ENG-Premier League,2122,Arsenal,Pablo Marí,ESP,DF,27.0,2.0,1,0.5,1,0,0,0,0,0,0,0.0,0,0,0,0,0,0
ENG-Premier League,2122,Arsenal,Pierre-Emerick Aubameyang,GAB,FW,32.0,11.5,23,2.0,14,0,1,5,3,0,3,0.26,2,0,0,1,0,0
ENG-Premier League,2122,Arsenal,Reiss Nelson,ENG,FW,21.0,0.2,3,13.5,2,0,0,1,0,0,0,0.0,0,0,0,0,0,0
ENG-Premier League,2122,Arsenal,Rob Holding,ENG,DF,25.0,9.4,3,0.32,3,0,0,0,0,0,0,0.0,0,0,0,0,0,0
ENG-Premier League,2122,Arsenal,Sead Kolašinac,BIH,DF,28.0,1.0,0,0.0,0,0,0,0,0,0,0,0.0,0,0,0,0,0,0
ENG-Premier League,2122,Arsenal,Squad Total,,,24.4,38.0,921,24.24,689,65,54,53,39,21,88,2.32,60,9,1,10,4,4
ENG-Premier League,2122,Arsenal,Takehiro Tomiyasu,JPN,DF,22.0,18.7,30,1.61,25,1,0,0,0,4,4,0.21,3,0,0,0,0,1
ENG-Premier League,2122,Arsenal,Thomas Partey,GHA,MF,28.0,22.5,51,2.26,39,0,5,4,3,0,3,0.13,2,0,0,1,0,0
ENG-Premier League,2122,Aston Villa,Anwar El Ghazi,NED,"FW,MF",26.0,4.3,11,2.56,8,1,1,0,1,0,2,0.47,2,0,0,0,0,0
ENG-Premier League,2122,Aston Villa,Ashley Young,ENG,"DF,FW",36.0,13.9,22,1.58,16,3,1,0,1,1,4,0.29,2,1,1,0,0,0
ENG-Premier League,2122,Aston Villa,Axel Tuanzebe,ENG,DF,23.0,5.6,1,0.18,1,0,0,0,0,0,0,0.0,0,0,0,0,0,0
ENG-Premier League,2122,Aston Villa,Bertrand Traoré,BFA,"MF,FW",25.0,2.4,11,4.5,6,0,3,1,1,0,2,0.82,0,0,1,0,1,0
ENG-Premier League,2122,Aston Villa,Calum Chambers,ENG,DF,26.0,9.2,13,1.41,12,0,0,1,0,0,1,0.11,1,0,0,0,0,0
ENG-Premier League,2122,Aston Villa,Cameron Archer,ENG,"MF,FW",20.0,0.3,0,0.0,0,0,0,0,0,0,0,0.0,0,0,0,0,0,0
ENG-Premier League,2122,Aston Villa,Carney Chukwuemeka,ENG,"MF,FW",17.0,3.3,4,1.2,4,0,0,0,0,0,1,0.3,1,0,0,0,0,0
ENG-Premier League,2122,Aston Villa,Danny Ings,ENG,FW,29.0,21.1,31,1.47,24,0,1,4,1,1,8,0.38,8,0,0,0,0,0
ENG-Premier League,2122,Aston Villa,Douglas Luiz,BRA,MF,23.0,30.2,75,2.49,46,19,1,3,6,0,8,0.27,3,2,0,2,1,0
ENG-Premier League,2122,Aston Villa,Emi Buendía,ARG,"FW,MF",24.0,21.1,74,3.51,61,3,3,2,5,0,10,0.47,7,0,2,1,0,0
ENG-Premier League,2122,Aston Villa,Emiliano Martínez,ARG,GK,28.0,36.0,3,0.08,3,0,0,0,0,0,1,0.03,1,0,0,0,0,0
ENG-Premier League,2122,Aston Villa,Ezri Konsa,ENG,DF,23.0,27.5,10,0.36,8,0,0,1,0,1,0,0.0,0,0,0,0,0,0
ENG-Premier League,2122,Aston Villa,Jacob Ramsey,ENG,MF,20.0,27.4,63,2.3,49,0,3,2,8,1,3,0.11,2,0,0,1,0,0
ENG-Premier League,2122,Aston Villa,Jaden Philogene Bidace,ENG,FW,19.0,0.1,1,18.0,0,0,0,0,1,0,0,0.0,0,0,0,0,0,0
ENG-Premier League,2122,Aston Villa,Jed Steer,ENG,GK,28.0,1.0,0,0.0,0,0,0,0,0,0,0,0.0,0,0,0,0,0,0
ENG-Premier League,2122,Aston Villa,John McGinn,SCO,MF,26.0,34.3,96,2.8,66,20,3,2,4,1,5,0.15,4,1,0,0,0,0
ENG-Premier League,2122,Aston Villa,Keinan Davis,ENG,FW,23.0,0.1,0,0.0,0,0,0,0,0,0,0,0.0,0,0,0,0,0,0
ENG-Premier League,2122,Aston Villa,Kortney Hause,ENG,DF,26.0,4.4,0,0.0,0,0,0,0,0,0,0,0.0,0,0,0,0,0,0
ENG-Premier League,2122,Aston Villa,Leon Bailey,JAM,"FW,MF",23.0,8.5,21,2.48,15,1,2,1,2,0,3,0.35,2,0,1,0,0,0
ENG-Premier League,2122,Aston Villa,Lucas Digne,FRA,DF,28.0,14.1,46,3.26,33,12,1,0,0,0,7,0.5,6,1,0,0,0,0
ENG-Premier League,2122,Aston Villa,Marvelous Nakamba,ZIM,MF,27.0,10.0,6,0.6,5,0,0,0,1,0,0,0.0,0,0,0,0,0,0
ENG-Premier League,2122,Aston Villa,Matt Targett,ENG,DF,25.0,15.9,27,1.7,22,5,0,0,0,0,1,0.06,1,0,0,0,0,0
ENG-Premier League,2122,Aston Villa,Matty Cash,POL,DF,23.0,37.5,54,1.44,37,4,4,2,6,1,7,0.19,4,2,1,0,0,0
ENG-Premier League,2122,Aston Villa,Morgan Sanson,FRA,MF,26.0,4.0,3,0.76,2,0,0,0,0,1,0,0.0,0,0,0,0,0,0
ENG-Premier League,2122,Aston Villa,Ollie Watkins,ENG,FW,25.0,32.8,72,2.2,51,0,6,7,4,4,8,0.24,3,0,1,2,2,0
ENG-Premier League,2122,Aston Villa,Opponent Total,,,26.7,38.0,748,19.68,522,70,38,41,51,26,85,2.24,56,3,5,10,9,2
ENG-Premier League,2122,Aston Villa,Philippe Coutinho,BRA,"MF,FW",29.0,14.8,54,3.66,38,4,4,5,3,0,6,0.41,5,0,0,1,0,0
ENG-Premier League,2122,Aston Villa,Robin Olsen,SWE,GK,31.0,1.0,1,1.0,0,1,0,0,0,0,1,1.0,0,1,0,0,0,0
ENG-Premier League,2122,Aston Villa,Squad Total,,,26.1,38.0,725,19.08,527,73,33,34,46,12,82,2.16,55,8,7,8,4,0
ENG-Premier League,2122,Aston Villa,Tim Iroegbunam,ENG,MF,18.0,1.0,0,0.0,0,0,0,0,0,0,0,0.0,0,0,0,0,0,0
ENG-Premier League,2122,Aston Villa,Trézéguet,EGY,FW,26.0,0.1,0,0.0,0,0,0,0,0,0,0,0.0,0,0,0,0,0,0
ENG-Premier League,2122,Aston Villa,Tyrone Mings,ENG,DF,28.0,35.4,26,0.73,20,0,0,3,2,1,4,0.11,3,0,0,1,0,0
ENG-Premier League,2122,Aston Villa,Wesley Moraes,BRA,FW,24.0,0.0,0,0.0,0,0,0,0,0,0,0,0.0,0,0,0,0,0,0
ENG-Premier League,2122,Brentford,Bryan Mbeumo,FRA,FW,21.0,32.3,77,2.39,49,9,8,5,5,1,12,0.37,10,1,0,0,1,0
ENG-Premier League,2122,Brentford,Charlie Goode,ENG,DF,25.0,5.0,12,2.4,2,7,1,1,0,1,0,0.0,0,0,0,0,0,0
ENG-Premier League,2122,Brentford,Christian Eriksen,DEN,MF,29.0,10.4,53,5.08,26,24,0,1,2,0,7,0.67,3,3,0,0,1,0
ENG-Premier League,2122,Brentford,Christian Nørgaard,DEN,MF,27.0,33.9,49,1.44,43,0,3,1,1,1,6,0.18,5,0,1,0,0,0
ENG-Premier League,2122,Brentford,David Raya,ESP,GK,25.0,24.0,2,0.08,2,0,0,0,0,0,0,0.0,0,0,0,0,0,0
ENG-Premier League,2122,Brentford,Dominic Thompson,ENG,DF,21.0,1.6,1,0.62,0,1,0,0,0,0,0,0.0,0,0,0,0,0,0
ENG-Premier League,2122,Brentford,Ethan Pinnock,JAM,DF,28.0,29.9,20,0.67,14,3,0,3,0,0,3,0.1,1,1,0,1,0,0
ENG-Premier League,2122,Brentford,Finley Stevens,WAL,DF,18.0,0.2,1,6.0,1,0,0,0,0,0,0,0.0,0,0,0,0,0,0
ENG-Premier League,2122,Brentford,Frank Onyeka,NGA,MF,23.0,11.6,17,1.46,11,0,1,1,4,0,1,0.09,0,0,0,0,1,0
ENG-Premier League,2122,Brentford,Ivan Toney,ENG,FW,25.0,32.3,80,2.48,53,1,4,9,11,2,10,0.31,6,0,1,0,3,0
ENG-Premier League,2122,Brentford,Jonas Lössl,DEN,GK,32.0,2.0,0,0.0,0,0,0,0,0,0,0,0.0,0,0,0,0,0,0
ENG-Premier League,2122,Brentford,Josh Dasilva,ENG,"MF,FW",22.0,2.9,5,1.75,4,0,0,0,1,0,0,0.0,0,0,0,0,0,0
ENG-Premier League,2122,Brentford,Kristoffer Ajer,NOR,DF,23.0,22.2,28,1.26,20,4,1,1,1,1,6,0.27,3,1,1,0,1,0
ENG-Premier League,2122,Brentford,Mads Bech Sørensen,DEN,DF,22.0,9.3,9,0.97,4,5,0,0,0,0,0,0.0,0,0,0,0,0,0
ENG-Premier League,2122,Brentford,Mads Bidstrup,DEN,MF,20.0,0.5,0,0.0,0,0,0,0,0,0,0,0.0,0,0,0,0,0,0
ENG-Premier League,2122,Brentford,Mads Roerslev,DEN,DF,22.0,13.8,16,1.16,12,0,1,1,2,0,3,0.22,2,0,0,1,0,0
ENG-Premier League,2122,Brentford,Marcus Forss,FIN,"FW,MF",22.0,2.3,2,0.86,1,0,0,1,0,0,1,0.43,0,0,0,1,0,0
ENG-Premier League,2122,Brentford,Mathias Jensen,DEN,MF,25.0,17.8,57,3.2,35,19,1,0,0,2,3,0.17,2,1,0,0,0,0
ENG-Premier League,2122,Brentford,Mathias Jørgensen,DEN,DF,31.0,5.8,6,1.04,3,2,0,1,0,0,0,0.0,0,0,0,0,0,0
ENG-Premier League,2122,Brentford,Nathan Young-Coombes,ENG,FW,18.0,0.0,0,0.0,0,0,0,0,0,0,0,0.0,0,0,0,0,0,0
ENG-Premier League,2122,Brentford,Opponent Total,,,26.8,38.0,744,19.58,561,55,31,38,43,16,88,2.32,68,5,2,5,6,2
ENG-Premier League,2122,Brentford,Pontus Jansson,SWE,DF,30.0,36.9,15,0.41,7,0,0,7,1,0,4,0.11,1,0,0,2,1,0
ENG-Premier League,2122,Brentford,Rico Henry,ENG,DF,24.0,30.8,41,1.33,36,1,3,0,1,0,1,0.03,1,0,0,0,0,0
ENG-Premier League,2122,Brentford,Saman Ghoddos,IRN,"DF,MF",27.0,6.0,25,4.2,18,2,0,1,3,1,2,0.34,1,0,0,0,1,0
ENG-Premier League,2122,Brentford,Sergi Canós,ESP,DF,24.0,23.1,35,1.51,28,2,2,2,1,0,5,0.22,4,0,0,1,0,0
ENG-Premier League,2122,Brentford,Shandon Baptiste,GRN,MF,23.0,10.1,17,1.68,13,0,1,1,0,2,2,0.2,1,0,0,0,0,1
ENG-Premier League,2122,Brentford,Squad Total,,,25.4,38.0,640,16.84,435,83,29,41,40,12,74,1.95,45,7,3,8,10,1
ENG-Premier League,2122,Brentford,Tariqe Fosu,GHA,DF,25.0,0.2,0,0.0,0,0,0,0,0,0,0,0.0,0,0,0,0,0,0
ENG-Premier League,2122,Brentford,Vitaly Janelt,GER,MF,23.0,25.5,53,2.08,40,3,2,4,3,1,4,0.16,3,0,0,1,0,0
ENG-Premier League,2122,Brentford,Yoane Wissa,COD,"FW,MF",24.0,14.3,19,1.33,13,0,1,1,4,0,4,0.28,2,0,0,1,1,0
ENG-Premier League,2122,Brentford,Álvaro Fernández,ESP,GK,23.0,12.0,0,0.0,0,0,0,0,0,0,0,0.0,0,0,0,0,0,0
ENG-Premier League,2122,Brighton,Aaron Connolly,IRL,FW,21.0,1.7,2,1.15,2,0,0,0,0,0,0,0.0,0,0,0,0,0,0
ENG-Premier League,2122,Brighton,Adam Lallana,ENG,MF,33.0,17.3,27,1.56,23,0,1,0,2,1,3,0.17,3,0,0,0,0,0
ENG-Premier League,2122,Brighton,Adam Webster,ENG,DF,26.0,15.9,10,0.63,10,0,0,0,0,0,1,0.06,1,0,0,0,0,0
ENG-Premier League,2122,Brighton,Alexis Mac Allister,ARG,"MF,FW",22.0,23.6,66,2.8,46,9,1,2,4,4,4,0.17,1,2,0,1,0,0
ENG-Premier League,2122,Brighton,Dan Burn,ENG,DF,29.0,11.4,5,0.44,4,0,0,1,0,0,0,0.0,0,0,0,0,0,0
ENG-Premier League,2122,Brighton,Danny Welbeck,ENG,FW,30.0,16.4,36,2.19,27,0,0,4,5,0,4,0.24,2,0,0,1,1,0
ENG-Premier League,2122,Brighton,Enock Mwepu,ZAM,"MF,FW",23.0,11.1,22,1.99,17,0,0,2,3,0,7,0.63,6,0,0,0,1,0
ENG-Premier League,2122,Brighton,Evan Ferguson,IRL,MF,16.0,0.3,0,0.0,0,0,0,0,0,0,0,0.0,0,0,0,0,0,0
ENG-Premier League,2122,Brighton,Jakub Moder,POL,"MF,FW",22.0,18.9,37,1.96,23,3,3,6,0,2,4,0.21,3,0,0,1,0,0
ENG-Premier League,2122,Brighton,Jason Steele,ENG,GK,30.0,1.0,0,0.0,0,0,0,0,0,0,0,0.0,0,0,0,0,0,0
ENG-Premier League,2122,Brighton,Jeremy Sarmiento,ECU,"FW,MF",19.0,0.5,0,0.0,0,0,0,0,0,0,0,0.0,0,0,0,0,0,0
ENG-Premier League,2122,Brighton,Joël Veltman,NED,DF,29.0,31.9,36,1.13,29,2,1,1,2,1,2,0.06,2,0,0,0,0,0
ENG-Premier League,2122,Brighton,Jürgen Locadia,NED,FW,27.0,0.3,0,0.0,0,0,0,0,0,0,0,0.0,0,0,0,0,0,0
ENG-Premier League,2122,Brighton,Leandro Trossard,BEL,"FW,MF",26.0,31.2,91,2.92,65,4,15,4,3,0,10,0.32,6,1,2,0,1,0
ENG-Premier League,2122,Brighton,Lewis Dunk,ENG,DF,29.0,28.6,15,0.52,11,1,0,3,0,0,2,0.07,1,1,0,0,0,0
ENG-Premier League,2122,Brighton,Marc Cucurella,ESP,DF,23.0,34.3,78,2.27,66,7,1,2,1,1,2,0.06,1,1,0,0,0,0
ENG-Premier League,2122,Brighton,Moisés Caicedo,ECU,MF,19.0,7.3,10,1.36,8,0,1,1,0,0,2,0.27,2,0,0,0,0,0
ENG-Premier League,2122,Brighton,Neal Maupay,FRA,FW,24.0,25.3,64,2.53,46,0,7,6,5,0,3,0.12,3,0,0,0,0,0
ENG-Premier League,2122,Brighton,Opponent Total,,,26.9,38.0,715,18.82,524,59,39,38,37,18,71,1.87,44,9,5,7,4,2
ENG-Premier League,2122,Brighton,Pascal Groß,GER,"MF,DF",30.0,22.6,91,4.02,49,37,1,4,0,0,7,0.31,2,3,1,1,0,0
ENG-Premier League,2122,Brighton,Robert Sánchez,ESP,GK,23.0,37.0,4,0.11,4,0,0,0,0,0,0,0.0,0,0,0,0,0,0
ENG-Premier League,2122,Brighton,Shane Duffy,IRL,DF,29.0,16.0,8,0.5,6,0,0,2,0,0,2,0.13,1,0,0,1,0,0
ENG-Premier League,2122,Brighton,Solly March,ENG,"DF,FW",27.0,19.4,67,3.45,41,14,7,0,3,2,4,0.21,3,0,0,0,1,0
ENG-Premier League,2122,Brighton,Squad Total,,,26.2,38.0,748,19.68,534,77,46,42,34,15,64,1.68,43,8,3,5,5,0
ENG-Premier League,2122,Brighton,Steven Alzate,COL,MF,22.0,4.5,7,1.56,7,0,0,0,0,0,1,0.22,1,0,0,0,0,0
ENG-Premier League,2122,Brighton,Tariq Lamptey,ENG,"DF,FW",20.0,17.3,47,2.71,33,0,4,3,4,3,2,0.12,2,0,0,0,0,0
ENG-Premier League,2122,Brighton,Taylor Richards,ENG,"MF,FW",20.0,0.3,1,3.6,1,0,0,0,0,0,0,0.0,0,0,0,0,0,0
ENG-Premier League,2122,Brighton,Yves Bissouma,MLI,MF,24.0,23.5,24,1.02,16,0,4,1,2,1,4,0.17,3,0,0,0,1,0
ENG-Premier League,2122,Burnley,Aaron Lennon,ENG,MF,34.0,17.2,32,1.86,20,0,5,1,6,0,5,0.29,1,0,2,0,2,0
ENG-Premier League,2122,Burnley,Ashley Barnes,ENG,FW,31.0,9.0,21,2.34,15,0,0,2,3,1,1,0.11,1,0,0,0,0,0
ENG-Premier League,2122,Burnley,Ashley Westwood,ENG,MF,31.0,25.4,55,2.16,33,17,1,2,1,1,7,0.28,5,2,0,0,0,0
ENG-Premier League,2122,Burnley,Ben Mee,ENG,DF,31.0,20.4,8,0.39,5,0,0,2,1,0,0,0.0,0,0,0,0,0,0
ENG-Premier League,2122,Burnley,Charlie Taylor,ENG,DF,27.0,30.3,41,1.35,32,2,1,0,6,0,6,0.2,4,1,0,0,1,0
ENG-Premier League,2122,Burnley,Chris Wood,NZL,FW,29.0,15.2,21,1.38,16,0,1,2,2,0,2,0.13,2,0,0,0,0,0
ENG-Premier League,2122,Burnley,Connor Roberts,WAL,DF,25.0,18.8,22,1.17,17,1,1,1,2,0,1,0.05,1,0,0,0,0,0
ENG-Premier League,2122,Burnley,Dale Stephens,ENG,MF,32.0,1.4,2,1.45,1,0,0,0,1,0,0,0.0,0,0,0,0,0,0
ENG-Premier League,2122,Burnley,Dwight McNeil,ENG,MF,21.0,34.5,97,2.81,52,22,5,6,10,2,5,0.14,3,2,0,0,0,0
ENG-Premier League,2122,Burnley,Erik Pieters,NED,DF,32.0,8.1,7,0.86,5,2,0,0,0,0,1,0.12,1,0,0,0,0,0
ENG-Premier League,2122,Burnley,Jack Cork,ENG,MF,32.0,18.6,12,0.65,10,0,0,0,1,1,0,0.0,0,0,0,0,0,0
ENG-Premier League,2122,Burnley,James Tarkowski,ENG,DF,28.0,34.5,23,0.67,20,0,0,2,0,1,2,0.06,2,0,0,0,0,0
ENG-Premier League,2122,Burnley,Jay Rodriguez,ENG,FW,32.0,15.4,24,1.56,15,0,1,6,2,0,3,0.2,2,0,0,1,0,0
ENG-Premier League,2122,Burnley,Josh Brownhill,ENG,MF,25.0,32.8,66,2.01,41,19,2,1,1,2,4,0.12,1,2,1,0,0,0
ENG-Premier League,2122,Burnley,Jóhann Berg Guðmundsson,ISL,MF,30.0,12.2,19,1.55,14,0,1,1,2,1,2,0.16,2,0,0,0,0,0
ENG-Premier League,2122,Burnley,Kevin Long,IRL,DF,30.0,4.6,1,0.22,1,0,0,0,0,0,0,0.0,0,0,0,0,0,0
ENG-Premier League,2122,Burnley,Matthew Lowton,ENG,DF,32.0,19.7,33,1.68,25,4,0,1,2,1,2,0.1,1,0,0,1,0,0
ENG-Premier League,2122,Burnley,Matěj Vydra,CZE,FW,29.0,7.5,12,1.59,11,0,0,0,1,0,3,0.4,3,0,0,0,0,0
ENG-Premier League,2122,Burnley,Maxwel Cornet,CIV,"FW,MF",24.0,19.6,27,1.38,16,3,1,3,4,0,6,0.31,1,1,1,1,2,0
ENG-Premier League,2122,Burnley,Nathan Collins,IRL,DF,20.0,18.6,17,0.92,10,2,1,3,1,0,1,0.05,1,0,0,0,0,0
ENG-Premier League,2122,Burnley,Nick Pope,ENG,GK,29.0,36.0,8,0.22,5,3,0,0,0,0,0,0.0,0,0,0,0,0,0
ENG-Premier League,2122,Burnley,Opponent Total,,,26.7,38.0,975,25.66,727,71,57,62,40,18,85,2.24,69,3,2,6,5,0
ENG-Premier League,2122,Burnley,Squad Total,,,28.5,38.0,579,15.24,385,77,23,34,49,11,56,1.47,35,8,5,3,5,0
ENG-Premier League,2122,Burnley,Wayne Hennessey,WAL,GK,34.0,2.0,3,1.5,1,2,0,0,0,0,0,0.0,0,0,0,0,0,0
ENG-Premier League,2122,Burnley,Wout Weghorst,NED,FW,28.0,16.1,28,1.74,20,0,3,1,3,1,5,0.31,4,0,1,0,0,0
ENG-Premier League,2122,Chelsea,Andreas Christensen,DEN,DF,25.0,16.6,8,0.48,7,0,1,0,0,0,0,0.0,0,0,0,0,0,0
ENG-Premier League,2122,Chelsea,Antonio Rüdiger,GER,DF,28.0,33.7,39,1.16,34,0,1,2,2,0,8,0.24,5,0,0,1,2,0
ENG-Premier League,2122,Chelsea,Ben Chilwell,ENG,DF,24.0,6.0,21,3.49,11,7,1,1,0,1,1,0.17,0,1,0,0,0,0
ENG-Premier League,2122,Chelsea,Callum Hudson-Odoi,ENG,"FW,MF",20.0,10.7,51,4.77,37,0,7,3,4,0,6,0.56,4,0,0,0,2,0
ENG-Premier League,2122,Chelsea,Christian Pulisic,USA,"MF,FW",22.0,14.3,33,2.3,23,0,0,2,5,3,2,0.14,2,0,0,0,0,0
ENG-Premier League,2122,Chelsea,César Azpilicueta,ESP,DF,31.0,23.0,44,1.91,41,0,2,1,0,0,8,0.35,6,0,1,1,0,0
ENG-Premier League,2122,Chelsea,Edouard Mendy,SEN,GK,29.0,34.0,2,0.06,2,0,0,0,0,0,0,0.0,0,0,0,0,0,0
ENG-Premier League,2122,Chelsea,Emerson Palmieri,ITA,DF,26.0,0.1,0,0.0,0,0,0,0,0,0,0,0.0,0,0,0,0,0,0
ENG-Premier League,2122,Chelsea,Hakim Ziyech,MAR,"FW,MF",28.0,14.7,64,4.37,45,5,6,4,3,1,7,0.48,6,0,1,0,0,0
ENG-Premier League,2122,Chelsea,Jorginho,ITA,MF,29.0,25.3,60,2.38,52,1,1,2,2,2,8,0.32,8,0,0,0,0,0
ENG-Premier League,2122,Chelsea,Kai Havertz,GER,"FW,MF",22.0,20.1,53,2.64,40,0,2,6,5,0,7,0.35,4,0,1,1,1,0
ENG-Premier League,2122,Chelsea,Kenedy,BRA,DF,25.0,0.6,3,4.66,2,0,0,1,0,0,1,1.55,1,0,0,0,0,0
ENG-Premier League,2122,Chelsea,Kepa Arrizabalaga,ESP,GK,26.0,4.0,0,0.0,0,0,0,0,0,0,0,0.0,0,0,0,0,0,0
ENG-Premier League,2122,Chelsea,Malang Sarr,FRA,DF,22.0,6.1,7,1.15,7,0,0,0,0,0,1,0.16,1,0,0,0,0,0
ENG-Premier League,2122,Chelsea,Marcos Alonso,ESP,DF,30.0,24.1,89,3.7,61,15,4,5,2,2,9,0.37,7,1,0,1,0,0
ENG-Premier League,2122,Chelsea,Mason Mount,ENG,"MF,FW",22.0,26.3,111,4.23,72,21,5,8,4,1,15,0.57,9,4,0,1,1,0
ENG-Premier League,2122,Chelsea,Mateo Kovačić,CRO,MF,27.0,17.3,58,3.35,50,0,2,3,3,0,6,0.35,6,0,0,0,0,0
ENG-Premier League,2122,Chelsea,N'Golo Kanté,FRA,MF,30.0,19.7,61,3.1,52,0,4,2,0,3,13,0.66,11,0,1,1,0,0
ENG-Premier League,2122,Chelsea,Opponent Total,,,26.7,38.0,484,12.74,325,45,37,25,32,20,49,1.29,29,4,4,3,6,3
ENG-Premier League,2122,Chelsea,Reece James,ENG,DF,21.0,20.7,79,3.81,61,8,3,4,3,0,11,0.53,9,1,1,0,0,0
ENG-Premier League,2122,Chelsea,Romelu Lukaku,BEL,FW,28.0,17.7,44,2.49,30,0,4,2,6,2,5,0.28,0,0,1,0,3,1
ENG-Premier League,2122,Chelsea,Ross Barkley,ENG,MF,27.0,2.0,18,9.05,12,3,2,0,1,0,3,1.51,3,0,0,0,0,0
ENG-Premier League,2122,Chelsea,Ruben Loftus-Cheek,ENG,"MF,DF",25.0,15.5,52,3.36,39,0,3,4,3,3,7,0.45,4,0,0,2,0,1
ENG-Premier League,2122,Chelsea,Saúl Ñíguez,ESP,"MF,DF",26.0,5.3,8,1.5,7,0,0,1,0,0,0,0.0,0,0,0,0,0,0
ENG-Premier League,2122,Chelsea,Squad Total,,,27.4,38.0,964,25.37,732,60,52,57,44,19,124,3.26,90,7,6,9,10,2
ENG-Premier League,2122,Chelsea,Thiago Silva,BRA,DF,36.0,29.4,26,0.88,21,0,0,3,1,1,1,0.03,0,0,0,0,1,0
ENG-Premier League,2122,Chelsea,Timo Werner,GER,"FW,MF",25.0,14.3,26,1.82,19,0,4,3,0,0,4,0.28,3,0,0,1,0,0
ENG-Premier League,2122,Chelsea,Trevoh Chalobah,ENG,DF,22.0,16.1,7,0.43,7,0,0,0,0,0,1,0.06,1,0,0,0,0,0
ENG-Premier League,2122,Crystal Palace,Cheikhou Kouyaté,SEN,MF,31.0,21.9,17,0.78,14,0,2,0,0,1,1,0.05,1,0,0,0,0,0
ENG-Premier League,2122,Crystal Palace,Christian Benteke,BEL,FW,30.0,12.7,20,1.57,17,0,1,1,1,0,1,0.08,1,0,0,0,0,0
ENG-Premier League,2122,Crystal Palace,Conor Gallagher,ENG,MF,21.0,31.6,89,2.82,44,23,3,7,10,2,13,0.41,8,1,2,0,1,1
ENG-Premier League,2122,Crystal Palace,Eberechi Eze,ENG,"MF,FW",23.0,6.7,22,3.27,11,7,1,1,1,1,2,0.3,1,1,0,0,0,0
ENG-Premier League,2122,Crystal Palace,Jack Butland,ENG,GK,28.0,8.5,0,0.0,0,0,0,0,0,0,0,0.0,0,0,0,0,0,0
ENG-Premier League,2122,Crystal Palace,James McArthur,SCO,MF,33.0,16.0,29,1.81,25,1,1,0,1,1,3,0.19,3,0,0,0,0,0
ENG-Premier League,2122,Crystal Palace,James Tomkins,ENG,DF,32.0,6.1,3,0.49,3,0,0,0,0,0,0,0.0,0,0,0,0,0,0
ENG-Premier League,2122,Crystal Palace,Jaïro Riedewald,NED,MF,24.0,1.3,3,2.29,2,1,0,0,0,0,0,0.0,0,0,0,0,0,0
ENG-Premier League,2122,Crystal Palace,Jean-Philippe Mateta,FRA,FW,24.0,12.7,18,1.41,15,0,0,3,0,0,2,0.16,1,0,0,1,0,0
ENG-Premier League,2122,Crystal Palace,Jeffrey Schlupp,GHA,"MF,FW",28.0,20.6,41,1.99,31,0,4,3,3,0,5,0.24,2,0,1,0,2,0
ENG-Premier League,2122,Crystal Palace,Jesuran Rak Sakyi,ENG,"FW,MF",18.0,0.9,0,0.0,0,0,0,0,0,0,0,0.0,0,0,0,0,0,0
ENG-Premier League,2122,Crystal Palace,Joachim Andersen,DEN,DF,25.0,32.4,33,1.02,29,1,0,1,0,2,5,0.15,4,0,0,1,0,0
ENG-Premier League,2122,Crystal Palace,Joel Ward,ENG,DF,31.0,27.6,16,0.58,14,2,0,0,0,0,2,0.07,2,0,0,0,0,0
ENG-Premier League,2122,Crystal Palace,Jordan Ayew,GHA,FW,29.0,22.4,47,2.1,31,1,1,3,8,3,6,0.27,4,0,0,0,1,1
ENG-Premier League,2122,Crystal Palace,Luka Milivojević,SRB,MF,30.0,8.6,16,1.86,6,9,0,0,1,0,1,0.12,1,0,0,0,0,0
ENG-Premier League,2122,Crystal Palace,Marc Guéhi,ENG,DF,21.0,35.8,21,0.59,18,0,0,2,0,1,2,0.06,1,0,0,1,0,0
ENG-Premier League,2122,Crystal Palace,Michael Olise,FRA,"FW,MF",19.0,12.7,38,3.0,32,3,1,1,1,0,7,0.55,6,0,0,1,0,0
ENG-Premier League,2122,Crystal Palace,Nathan Ferguson,ENG,DF,20.0,0.1,0,0.0,0,0,0,0,0,0,0,0.0,0,0,0,0,0,0
ENG-Premier League,2122,Crystal Palace,Nathaniel Clyne,ENG,DF,30.0,15.0,11,0.73,9,1,0,0,0,1,2,0.13,2,0,0,0,0,0
ENG-Premier League,2122,Crystal Palace,Odsonne Édouard,FRA,FW,23.0,17.4,39,2.24,26,0,4,5,0,4,3,0.17,2,0,0,1,0,0
ENG-Premier League,2122,Crystal Palace,Opponent Total,,,26.8,38.0,656,17.26,464,71,25,43,42,11,67,1.76,43,9,2,7,4,2
ENG-Premier League,2122,Crystal Palace,Squad Total,,,27.1,38.0,629,16.55,448,54,33,36,37,21,75,1.97,51,3,6,7,6,2
ENG-Premier League,2122,Crystal Palace,Tyrick Mitchell,ENG,DF,21.0,34.5,41,1.19,35,2,1,1,1,1,5,0.15,5,0,0,0,0,0
ENG-Premier League,2122,Crystal Palace,Vicente Guaita,ESP,GK,34.0,29.5,1,0.03,1,0,0,0,0,0,0,0.0,0,0,0,0,0,0
ENG-Premier League,2122,Crystal Palace,Wilfried Zaha,CIV,FW,28.0,30.7,104,3.39,73,0,14,8,8,1,12,0.39,6,0,3,2,1,0
ENG-Premier League,2122,Crystal Palace,Will Hughes,ENG,MF,26.0,11.7,20,1.71,12,3,0,0,2,3,3,0.26,1,1,0,0,1,0
ENG-Premier League,2122,Everton,Abdoulaye Doucouré,MLI,MF,28.0,28.2,53,1.88,48,0,2,2,0,1,7,0.25,5,0,1,1,0,0
ENG-Premier League,2122,Everton,Alex Iwobi,NGA,"MF,DF",25.0,22.6,62,2.74,58,2,0,1,0,1,6,0.27,6,0,0,0,0,0
ENG-Premier League,2122,Everton,Allan,BRA,MF,30.0,24.3,32,1.32,31,0,0,0,1,0,6,0.25,5,0,0,0,1,0
ENG-Premier League,2122,Everton,Andros Townsend,ENG,MF,30.0,16.2,54,3.34,38,8,1,2,4,1,4,0.25,4,0,0,0,0,0
ENG-Premier League,2122,Everton,André Gomes,POR,MF,28.0,6.9,13,1.89,9,0,2,1,1,0,2,0.29,1,0,1,0,0,0
ENG-Premier League,2122,Everton,Anthony Gordon,ENG,"MF,FW",20.0,25.4,73,2.88,38,14,5,2,12,2,5,0.2,1,2,0,0,2,0
ENG-Premier League,2122,Everton,Anwar El Ghazi,NED,FW,26.0,0.1,0,0.0,0,0,0,0,0,0,0,0.0,0,0,0,0,0,0
ENG-Premier League,2122,Everton,Asmir Begović,BIH,GK,34.0,3.0,0,0.0,0,0,0,0,0,0,0,0.0,0,0,0,0,0,0
ENG-Premier League,2122,Everton,Ben Godfrey,ENG,DF,23.0,22.5,31,1.38,24,2,1,2,0,2,2,0.09,1,0,0,1,0,0
ENG-Premier League,2122,Everton,Cenk Tosun,TUR,FW,30.0,0.1,0,0.0,0,0,0,0,0,0,0,0.0,0,0,0,0,0,0
ENG-Premier League,2122,Everton,Dele Alli,ENG,MF,25.0,3.8,10,2.66,9,1,0,0,0,0,1,0.27,1,0,0,0,0,0
ENG-Premier League,2122,Everton,Demarai Gray,ENG,"MF,FW",25.0,26.0,83,3.2,48,13,12,4,6,0,6,0.23,3,1,1,1,0,0
ENG-Premier League,2122,Everton,Dominic Calvert-Lewin,ENG,FW,24.0,14.3,30,2.1,21,1,2,1,4,1,4,0.28,3,0,0,0,1,0
ENG-Premier League,2122,Everton,Donny van de Beek,NED,MF,24.0,5.4,5,0.93,5,0,0,0,0,0,0,0.0,0,0,0,0,0,0
ENG-Premier League,2122,Everton,Ellis Simms,ENG,FW,20.0,0.7,1,1.48,1,0,0,0,0,0,0,0.0,0,0,0,0,0,0
ENG-Premier League,2122,Everton,Fabian Delph,ENG,MF,31.0,7.4,5,0.68,4,0,0,0,0,1,0,0.0,0,0,0,0,0,0
ENG-Premier League,2122,Everton,Isaac Price,NIR,MF,17.0,0.2,0,0.0,0,0,0,0,0,0,0,0.0,0,0,0,0,0,0
ENG-Premier League,2122,Everton,Jarrad Branthwaite,ENG,DF,19.0,4.3,0,0.0,0,0,0,0,0,0,0,0.0,0,0,0,0,0,0
ENG-Premier League,2122,Everton,Jean-Philippe Gbamin,CIV,MF,25.0,0.7,0,0.0,0,0,0,0,0,0,0,0.0,0,0,0,0,0,0
ENG-Premier League,2122,Everton,Jonjoe Kenny,ENG,DF,24.0,11.3,20,1.77,15,2,2,1,0,0,2,0.18,2,0,0,0,0,0
ENG-Premier League,2122,Everton,Jordan Pickford,ENG,GK,27.0,35.0,7,0.2,4,3,0,0,0,0,1,0.03,1,0,0,0,0,0
ENG-Premier League,2122,Everton,Lewis Dobbin,ENG,"FW,MF",18.0,0.4,0,0.0,0,0,0,0,0,0,0,0.0,0,0,0,0,0,0
ENG-Premier League,2122,Everton,Lucas Digne,FRA,DF,28.0,13.0,33,2.54,22,9,1,0,1,0,0,0.0,0,0,0,0,0,0
ENG-Premier League,2122,Everton,Mason Holgate,ENG,DF,24.0,23.7,3,0.13,3,0,0,0,0,0,1,0.04,1,0,0,0,0,0
ENG-Premier League,2122,Everton,Michael Keane,ENG,DF,28.0,31.0,14,0.45,9,2,0,3,0,0,1,0.03,1,0,0,0,0,0
ENG-Premier League,2122,Everton,Moise Kean,ITA,FW,21.0,0.0,0,0.0,0,0,0,0,0,0,0,0.0,0,0,0,0,0,0
ENG-Premier League,2122,Everton,Opponent Total,,,26.8,38.0,780,20.53,550,72,53,47,43,15,96,2.53,59,12,5,10,5,5
ENG-Premier League,2122,Everton,Richarlison,BRA,"FW,MF",24.0,28.0,62,2.21,43,0,1,7,10,1,8,0.29,4,0,0,3,1,0
ENG-Premier League,2122,Everton,Salomón Rondón,VEN,FW,31.0,8.8,17,1.94,13,0,1,2,0,1,1,0.11,1,0,0,0,0,0
ENG-Premier League,2122,Everton,Squad Total,,,26.7,38.0,667,17.55,484,64,30,31,43,15,64,1.68,43,4,3,6,8,0
ENG-Premier League,2122,Everton,Séamus Coleman,IRL,DF,32.0,29.5,38,1.29,28,3,0,2,3,2,4,0.14,2,0,0,0,2,0
ENG-Premier League,2122,Everton,Tom Davies,ENG,MF,23.0,2.6,4,1.54,3,0,0,1,0,0,0,0.0,0,0,0,0,0,0
ENG-Premier League,2122,Everton,Tyler Onyango,ENG,"MF,FW",18.0,0.3,0,0.0,0,0,0,0,0,0,0,0.0,0,0,0,0,0,0
ENG-Premier League,2122,Everton,Vitaliy Mykolenko,UKR,DF,22.0,11.7,14,1.19,8,4,0,0,1,1,3,0.26,1,1,0,0,1,0
ENG-Premier League,2122,Everton,Yerry Mina,COL,DF,26.0,9.4,3,0.32,2,0,0,0,0,1,0,0.0,0,0,0,0,0,0
ENG-Premier League,2122,Leeds United,Adam Forshaw,ENG,MF,29.0,17.0,27,1.59,26,0,0,1,0,0,1,0.06,1,0,0,0,0,0
ENG-Premier League,2122,Leeds United,Charlie Cresswell,ENG,DF,18.0,1.6,1,0.64,1,0,0,0,0,0,0,0.0,0,0,0,0,0,0
ENG-Premier League,2122,Leeds United,Cody Drameh,ENG,DF,19.0,1.4,2,1.41,2,0,0,0,0,0,0,0.0,0,0,0,0,0,0
ENG-Premier League,2122,Leeds United,Crysencio Summerville,NED,"MF,FW",19.0,1.4,2,1.38,2,0,0,0,0,0,0,0.0,0,0,0,0,0,0
ENG-Premier League,2122,Leeds United,Daniel James,WAL,"FW,MF",23.0,26.3,53,2.02,36,0,3,6,7,1,5,0.19,3,0,1,0,1,0
ENG-Premier League,2122,Leeds United,Diego Llorente,ESP,DF,27.0,26.0,6,0.23,6,0,0,0,0,0,0,0.0,0,0,0,0,0,0
ENG-Premier League,2122,Leeds United,Hélder Costa,ANG,MF,27.0,0.2,0,0.0,0,0,0,0,0,0,0,0.0,0,0,0,0,0,0
ENG-Premier League,2122,Leeds United,Illan Meslier,FRA,GK,21.0,37.6,2,0.05,1,1,0,0,0,0,0,0.0,0,0,0,0,0,0
ENG-Premier League,2122,Leeds United,Jack Harrison,ENG,"FW,MF",24.0,29.3,79,2.69,52,7,8,6,5,1,3,0.1,1,0,1,1,0,0
ENG-Premier League,2122,Leeds United,Jamie Shackleton,ENG,"DF,MF",21.0,7.9,8,1.02,6,1,0,1,0,0,1,0.13,0,0,0,1,0,0
ENG-Premier League,2122,Leeds United,Joe Gelhardt,ENG,"FW,MF",19.0,8.3,22,2.65,14,0,3,1,4,0,6,0.72,2,0,2,0,2,0
ENG-Premier League,2122,Leeds United,Junior Firpo,ESP,DF,24.0,19.0,43,2.26,34,4,1,1,1,2,4,0.21,2,1,0,0,0,1
ENG-Premier League,2122,Leeds United,Kalvin Phillips,ENG,MF,25.0,17.7,23,1.3,17,3,0,1,0,2,4,0.23,3,1,0,0,0,0
ENG-Premier League,2122,Leeds United,Kristoffer Klaesson,NOR,GK,20.0,0.4,0,0.0,0,0,0,0,0,0,0,0.0,0,0,0,0,0,0
ENG-Premier League,2122,Leeds United,Leo Fuhr Hjelde,NOR,DF,17.0,1.7,3,1.8,3,0,0,0,0,0,0,0.0,0,0,0,0,0,0
ENG-Premier League,2122,Leeds United,Lewis Bate,ENG,MF,18.0,1.6,2,1.23,1,0,0,1,0,0,0,0.0,0,0,0,0,0,0
ENG-Premier League,2122,Leeds United,Liam Cooper,SCO,DF,29.0,20.2,9,0.45,7,0,0,1,1,0,2,0.1,1,0,0,1,0,0
ENG-Premier League,2122,Leeds United,Liam McCarron,SCO,FW,20.0,0.1,0,0.0,0,0,0,0,0,0,0,0.0,0,0,0,0,0,0
ENG-Premier League,2122,Leeds United,Luke Ayling,ENG,DF,29.0,25.2,22,0.87,16,0,0,6,0,0,3,0.12,0,0,0,3,0,0
ENG-Premier League,2122,Leeds United,Mateusz Klich,POL,MF,31.0,23.0,68,2.95,54,3,3,4,3,1,6,0.26,5,0,0,1,0,0
ENG-Premier League,2122,Leeds United,Opponent Total,,,26.9,38.0,907,23.87,642,78,65,53,46,23,127,3.34,93,9,5,8,10,2
ENG-Premier League,2122,Leeds United,Pascal Struijk,NED,DF,21.0,22.8,19,0.83,13,0,0,2,1,3,2,0.09,0,0,0,1,0,1
ENG-Premier League,2122,Leeds United,Patrick Bamford,ENG,FW,27.0,6.2,12,1.93,9,0,1,0,1,1,3,0.48,2,0,1,0,0,0
ENG-Premier League,2122,Leeds United,Raphael Dias Belloli,BRA,"FW,MF",24.0,32.4,119,3.67,66,22,13,9,6,3,9,0.28,4,0,2,0,2,1
ENG-Premier League,2122,Leeds United,Robin Koch,GER,"MF,DF",25.0,17.5,18,1.03,16,0,0,1,1,0,1,0.06,1,0,0,0,0,0
ENG-Premier League,2122,Leeds United,Rodrigo,ESP,"MF,FW",30.0,25.2,73,2.9,61,3,2,1,2,4,4,0.16,2,0,1,0,0,1
ENG-Premier League,2122,Leeds United,Sam Greenwood,ENG,"MF,FW",19.0,2.6,6,2.28,5,0,0,1,0,0,2,0.76,2,0,0,0,0,0
ENG-Premier League,2122,Leeds United,Squad Total,,,26.1,38.0,711,18.71,508,62,38,46,36,21,60,1.58,32,2,8,8,5,5
ENG-Premier League,2122,Leeds United,Stuart Dallas,NIR,"DF,MF",30.0,32.4,64,1.97,38,18,2,1,2,3,3,0.09,2,0,0,0,0,1
ENG-Premier League,2122,Leeds United,Stuart McKinstry,SCO,MF,18.0,0.0,0,0.0,0,0,0,0,0,0,0,0.0,0,0,0,0,0,0
ENG-Premier League,2122,Leeds United,Tyler Roberts,WAL,"MF,FW",22.0,11.0,28,2.55,22,0,2,2,2,0,1,0.09,1,0,0,0,0,0
ENG-Premier League,2122,Leicester City,Ademola Lookman,NGA,"FW,MF",23.0,16.1,40,2.48,30,1,4,2,2,1,2,0.12,1,0,0,0,1,0
ENG-Premier League,2122,Leicester City,Ayoze Pérez,ESP,"MF,FW",28.0,4.9,18,3.64,14,0,2,1,0,1,2,0.4,2,0,0,0,0,0
ENG-Premier League,2122,Leicester City,Boubakary Soumaré,FRA,MF,22.0,12.2,15,1.23,12,0,2,0,0,1,2,0.16,2,0,0,0,0,0
ENG-Premier League,2122,Leicester City,Daniel Amartey,GHA,DF,26.0,23.6,17,0.72,16,0,0,0,0,1,1,0.04,1,0,0,0,0,0
ENG-Premier League,2122,Leicester City,Danny Ward,WAL,GK,28.0,1.0,1,1.0,1,0,0,0,0,0,1,1.0,1,0,0,0,0,0
ENG-Premier League,2122,Leicester City,Hamza Choudhury,ENG,"DF,MF",23.0,3.2,1,0.32,0,0,0,0,1,0,0,0.0,0,0,0,0,0,0
ENG-Premier League,2122,Leicester City,Harvey Barnes,ENG,"FW,MF",23.0,23.3,57,2.44,45,0,8,2,2,0,13,0.56,11,0,0,2,0,0
ENG-Premier League,2122,Leicester City,James Justin,ENG,DF,23.0,11.1,16,1.44,15,0,0,0,1,0,1,0.09,1,0,0,0,0,0
ENG-Premier League,2122,Leicester City,James Maddison,ENG,"MF,FW",24.0,27.3,100,3.66,56,12,9,8,12,3,19,0.7,13,1,1,1,2,1
ENG-Premier League,2122,Leicester City,Jamie Vardy,ENG,FW,34.0,20.1,38,1.89,30,0,2,3,1,2,5,0.25,2,0,2,1,0,0
ENG-Premier League,2122,Leicester City,Jannik Vestergaard,DEN,DF,28.0,6.3,3,0.48,3,0,0,0,0,0,0,0.0,0,0,0,0,0,0
ENG-Premier League,2122,Leicester City,Jonny Evans,NIR,DF,33.0,15.0,8,0.53,7,1,0,0,0,0,2,0.13,1,1,0,0,0,0
ENG-Premier League,2122,Leicester City,Kasey McAteer,ENG,FW,19.0,0.0,0,0.0,0,0,0,0,0,0,0,0.0,0,0,0,0,0,0
ENG-Premier League,2122,Leicester City,Kasper Schmeichel,DEN,GK,34.0,37.0,5,0.14,5,0,0,0,0,0,2,0.05,2,0,0,0,0,0
ENG-Premier League,2122,Leicester City,Kelechi Iheanacho,NGA,FW,24.0,14.0,36,2.56,28,1,2,2,1,2,8,0.57,5,0,0,1,0,2
ENG-Premier League,2122,Leicester City,Kiernan Dewsbury Hall,ENG,MF,22.0,23.4,66,2.82,49,3,4,3,5,2,6,0.26,5,1,0,0,0,0
ENG-Premier League,2122,Leicester City,Lewis Brunt,ENG,MF,20.0,0.3,0,0.0,0,0,0,0,0,0,0,0.0,0,0,0,0,0,0
ENG-Premier League,2122,Leicester City,Luke Thomas,ENG,DF,20.0,21.2,20,0.94,14,4,0,1,0,1,1,0.05,1,0,0,0,0,0
ENG-Premier League,2122,Leicester City,Marc Albrighton,ENG,"FW,DF",31.0,12.6,19,1.51,14,3,0,0,2,0,2,0.16,2,0,0,0,0,0
ENG-Premier League,2122,Leicester City,Nampalys Mendy,SEN,MF,29.0,11.5,6,0.52,5,0,0,0,0,1,3,0.26,3,0,0,0,0,0
ENG-Premier League,2122,Leicester City,Opponent Total,,,26.8,38.0,876,23.05,589,98,54,62,45,28,89,2.34,49,9,5,14,8,4
ENG-Premier League,2122,Leicester City,Patson Daka,ZAM,FW,22.0,12.9,24,1.86,21,0,0,1,1,1,7,0.54,5,0,0,1,0,1
ENG-Premier League,2122,Leicester City,Ricardo Pereira,POR,DF,27.0,11.0,23,2.09,19,0,3,0,0,1,6,0.54,4,0,1,0,0,1
ENG-Premier League,2122,Leicester City,Ryan Bertrand,ENG,DF,31.0,3.7,2,0.53,1,1,0,0,0,0,0,0.0,0,0,0,0,0,0
ENG-Premier League,2122,Leicester City,Squad Total,,,26.5,38.0,653,17.18,495,33,40,30,32,23,98,2.58,73,3,4,8,4,6
ENG-Premier League,2122,Leicester City,Timothy Castagne,BEL,DF,25.0,23.6,25,1.06,21,3,0,0,1,0,1,0.04,0,0,0,0,1,0
ENG-Premier League,2122,Leicester City,Wesley Fofana,FRA,DF,20.0,7.0,4,0.57,4,0,0,0,0,0,0,0.0,0,0,0,0,0,0
ENG-Premier League,2122,Leicester City,Wilfred Ndidi,NGA,"MF,DF",24.0,18.0,14,0.78,9,0,0,3,1,1,2,0.11,1,0,0,1,0,0
ENG-Premier League,2122,Leicester City,Youri Tielemans,BEL,MF,24.0,29.2,84,2.87,65,4,4,4,2,5,12,0.41,10,0,0,1,0,1
ENG-Premier League,2122,Leicester City,Çağlar Söyüncü,TUR,DF,25.0,27.7,11,0.4,11,0,0,0,0,0,0,0.0,0,0,0,0,0,0
ENG-Premier League,2122,Liverpool,Alex Oxlade-Chamberlain,ENG,"MF,FW",27.0,8.7,21,2.41,17,0,2,0,1,1,1,0.11,1,0,0,0,0,0
ENG-Premier League,2122,Liverpool,Alisson,BRA,GK,28.0,36.0,3,0.08,3,0,0,0,0,0,1,0.03,1,0,0,0,0,0
ENG-Premier League,2122,Liverpool,Andrew Robertson,SCO,DF,27.0,28.2,95,3.37,64,22,3,1,3,2,16,0.57,13,2,1,0,0,0
ENG-Premier League,2122,Liverpool,Caoimhín Kelleher,IRL,GK,22.0,2.0,0,0.0,0,0,0,0,0,0,0,0.0,0,0,0,0,0,0
ENG-Premier League,2122,Liverpool,Curtis Jones,ENG,MF,20.0,9.5,26,2.75,15,1,2,3,3,2,2,0.21,1,0,0,1,0,0
ENG-Premier League,2122,Liverpool,Diogo Jota,POR,FW,24.0,26.3,87,3.31,58,0,12,4,9,4,14,0.53,7,0,4,1,2,0
ENG-Premier League,2122,Liverpool,Divock Origi,BEL,FW,26.0,1.5,2,1.35,1,0,0,1,0,0,2,1.35,1,0,0,1,0,0
ENG-Premier League,2122,Liverpool,Fabinho,BRA,MF,27.0,25.7,39,1.52,31,0,0,3,4,1,5,0.19,3,0,0,2,0,0
ENG-Premier League,2122,Liverpool,Harvey Elliott,ENG,MF,18.0,3.8,21,5.46,14,1,1,3,2,0,1,0.26,1,0,0,0,0,0
ENG-Premier League,2122,Liverpool,Ibrahima Konaté,FRA,DF,22.0,11.0,6,0.55,6,0,0,0,0,0,2,0.18,2,0,0,0,0,0
ENG-Premier League,2122,Liverpool,James Milner,ENG,"MF,DF",35.0,9.5,31,3.27,23,6,1,1,0,0,1,0.11,1,0,0,0,0,0
ENG-Premier League,2122,Liverpool,Joe Gomez,ENG,DF,24.0,3.7,8,2.18,7,0,0,0,1,0,2,0.54,2,0,0,0,0,0
ENG-Premier League,2122,Liverpool,Jordan Henderson,ENG,MF,31.0,28.9,78,2.7,71,4,2,0,0,1,11,0.38,11,0,0,0,0,0
ENG-Premier League,2122,Liverpool,Joël Matip,CMR,DF,29.0,31.0,34,1.1,26,0,0,7,1,0,9,0.29,7,0,0,1,1,0
ENG-Premier League,2122,Liverpool,Kaide Gordon,ENG,FW,16.0,0.1,0,0.0,0,0,0,0,0,0,0,0.0,0,0,0,0,0,0
ENG-Premier League,2122,Liverpool,Kostas Tsimikas,GRE,DF,25.0,9.7,37,3.8,24,13,0,0,0,0,3,0.31,2,1,0,0,0,0
ENG-Premier League,2122,Liverpool,Luis Díaz,COL,FW,24.0,10.6,49,4.6,34,0,10,3,0,2,4,0.38,3,0,0,1,0,0
ENG-Premier League,2122,Liverpool,Mohamed Salah,EGY,FW,29.0,30.7,133,4.33,93,0,21,15,3,1,25,0.81,17,0,5,2,1,0
ENG-Premier League,2122,Liverpool,Naby Keïta,GUI,MF,26.0,13.0,43,3.3,33,0,3,4,0,3,6,0.46,4,0,1,1,0,0
ENG-Premier League,2122,Liverpool,Neco Williams,WAL,DF,20.0,0.1,2,22.5,1,0,1,0,0,0,2,22.5,1,0,1,0,0,0
ENG-Premier League,2122,Liverpool,Opponent Total,,,26.7,38.0,484,12.74,364,33,35,21,20,11,41,1.08,27,4,4,5,1,0
ENG-Premier League,2122,Liverpool,Roberto Firmino,BRA,FW,29.0,11.0,37,3.36,32,0,1,3,0,1,6,0.55,4,0,0,1,0,1
ENG-Premier League,2122,Liverpool,Sadio Mané,SEN,FW,29.0,31.3,97,3.1,67,0,5,14,8,3,13,0.42,7,0,1,4,1,0
ENG-Premier League,2122,Liverpool,Squad Total,,,27.7,38.0,1092,28.74,783,99,70,78,37,25,156,4.11,111,8,13,18,5,1
ENG-Premier League,2122,Liverpool,Takumi Minamino,JPN,"FW,MF",26.0,2.1,7,3.39,5,0,0,0,1,1,1,0.48,1,0,0,0,0,0
ENG-Premier League,2122,Liverpool,Thiago Alcántara,ESP,MF,30.0,17.0,61,3.58,52,0,1,5,0,3,6,0.35,6,0,0,0,0,0
ENG-Premier League,2122,Liverpool,Trent Alexander-Arnold,ENG,DF,22.0,31.7,150,4.73,87,52,5,5,1,0,17,0.54,11,5,0,1,0,0
ENG-Premier League,2122,Liverpool,Tyler Morton,ENG,MF,18.0,0.7,1,1.36,1,0,0,0,0,0,0,0.0,0,0,0,0,0,0
ENG-Premier League,2122,Liverpool,Virgil van Dijk,NED,DF,30.0,34.0,24,0.71,18,0,0,6,0,0,6,0.18,4,0,0,2,0,0
ENG-Premier League,2122,Manchester City,Aymeric Laporte,ESP,DF,27.0,31.4,30,0.95,26,0,0,3,1,0,4,0.13,2,0,0,1,1,0
ENG-Premier League,2122,Manchester City,Benjamin Mendy,FRA,DF,27.0,0.9,4,4.62,4,0,0,0,0,0,0,0.0,0,0,0,0,0,0
ENG-Premier League,2122,Manchester City,Bernardo Silva,POR,"MF,FW",26.0,31.7,127,4.0,100,3,11,7,6,0,13,0.41,10,1,0,1,1,0
ENG-Premier League,2122,Manchester City,CJ Egan-Riley,ENG,DF,18.0,0.0,0,0.0,0,0,0,0,0,0,0,0.0,0,0,0,0,0,0
ENG-Premier League,2122,Manchester City,Cole Palmer,ENG,"FW,MF",19.0,1.4,7,5.12,4,0,0,2,1,0,1,0.73,0,0,0,1,0,0
ENG-Premier League,2122,Manchester City,Ederson,BRA,GK,27.0,37.0,4,0.11,2,2,0,0,0,0,0,0.0,0,0,0,0,0,0
ENG-Premier League,2122,Manchester City,Fernandinho,BRA,"MF,DF",36.0,10.7,30,2.8,24,0,0,4,2,0,4,0.37,4,0,0,0,0,0
ENG-Premier League,2122,Manchester City,Ferrán Torres,ESP,FW,21.0,3.4,5,1.49,4,0,0,1,0,0,2,0.59,2,0,0,0,0,0
ENG-Premier League,2122,Manchester City,Gabriel Jesus,BRA,FW,24.0,20.9,78,3.74,52,0,13,7,4,2,18,0.86,11,0,2,1,2,2
ENG-Premier League,2122,Manchester City,Jack Grealish,ENG,FW,25.0,21.3,110,5.17,87,1,5,5,11,1,7,0.33,7,0,0,0,0,0
ENG-Premier League,2122,Manchester City,James Mcatee,ENG,"MF,FW",18.0,0.2,0,0.0,0,0,0,0,0,0,0,0.0,0,0,0,0,0,0
ENG-Premier League,2122,Manchester City,John Stones,ENG,DF,27.0,12.4,14,1.13,12,1,0,1,0,0,1,0.08,0,0,0,1,0,0
ENG-Premier League,2122,Manchester City,João Cancelo,POR,DF,27.0,35.9,103,2.87,82,0,7,12,1,1,16,0.45,11,0,1,3,0,1
ENG-Premier League,2122,Manchester City,Kayky Chagas,BRA,FW,18.0,0.1,0,0.0,0,0,0,0,0,0,0,0.0,0,0,0,0,0,0
ENG-Premier League,2122,Manchester City,Kevin De Bruyne,BEL,MF,30.0,24.5,139,5.68,94,32,3,5,5,0,14,0.57,8,3,2,0,1,0
ENG-Premier League,2122,Manchester City,Kyle Walker,ENG,DF,31.0,19.5,36,1.85,32,0,0,1,3,0,5,0.26,4,0,0,0,1,0
ENG-Premier League,2122,Manchester City,Liam Delap,ENG,FW,18.0,0.1,1,9.0,0,0,0,0,1,0,0,0.0,0,0,0,0,0,0
ENG-Premier League,2122,Manchester City,Nathan Aké,NED,DF,26.0,10.3,3,0.29,3,0,0,0,0,0,0,0.0,0,0,0,0,0,0
ENG-Premier League,2122,Manchester City,Oleksandr Zinchenko,UKR,DF,24.0,11.6,42,3.61,33,4,2,1,1,1,10,0.86,7,0,1,1,0,1
ENG-Premier League,2122,Manchester City,Opponent Total,,,26.9,38.0,374,9.84,269,36,24,11,25,9,47,1.24,36,2,5,2,1,1
ENG-Premier League,2122,Manchester City,Phil Foden,ENG,FW,21.0,23.6,83,3.51,57,13,3,6,3,1,13,0.55,8,3,0,2,0,0
ENG-Premier League,2122,Manchester City,Raheem Sterling,ENG,FW,26.0,23.6,90,3.81,69,1,11,3,5,1,11,0.47,5,0,0,2,4,0
ENG-Premier League,2122,Manchester City,Riyad Mahrez,ALG,FW,30.0,16.6,64,3.85,49,9,1,3,1,1,7,0.42,4,2,0,1,0,0
ENG-Premier League,2122,Manchester City,Rodri,ESP,MF,25.0,32.0,75,2.34,63,1,2,5,1,3,3,0.09,3,0,0,0,0,0
ENG-Premier League,2122,Manchester City,Rúben Dias,POR,DF,24.0,26.7,30,1.12,26,0,0,3,0,1,6,0.22,4,0,0,2,0,0
ENG-Premier League,2122,Manchester City,Squad Total,,,27.0,38.0,1146,30.16,875,79,63,70,46,13,142,3.74,96,9,7,16,10,4
ENG-Premier League,2122,Manchester City,Zack Steffen,USA,GK,26.0,1.0,0,0.0,0,0,0,0,0,0,0,0.0,0,0,0,0,0,0
ENG-Premier League,2122,Manchester City,İlkay Gündoğan,GER,MF,30.0,20.6,71,3.44,52,12,5,1,0,1,7,0.34,6,0,1,0,0,0
ENG-Premier League,2122,Manchester Utd,Aaron Wan-Bissaka,ENG,DF,23.0,19.9,31,1.56,25,0,3,1,1,1,1,0.05,1,0,0,0,0,0
ENG-Premier League,2122,Manchester Utd,Alejandro Garnacho,ESP,FW,17.0,0.1,0,0.0,0,0,0,0,0,0,0,0.0,0,0,0,0,0,0
ENG-Premier League,2122,Manchester Utd,Alex Telles,BRA,DF,28.0,18.4,45,2.44,24,18,0,1,1,1,5,0.27,0,4,0,0,1,0
ENG-Premier League,2122,Manchester Utd,Anthony Elanga,SWE,FW,19.0,13.5,18,1.33,9,0,3,0,4,2,5,0.37,2,0,1,0,1,1
ENG-Premier League,2122,Manchester Utd,Anthony Martial,FRA,FW,25.0,2.4,3,1.27,3,0,0,0,0,0,2,0.85,2,0,0,0,0,0
ENG-Premier League,2122,Manchester Utd,Bruno Fernandes,POR,MF,26.0,34.6,145,4.19,109,18,4,7,4,3,10,0.29,8,0,1,1,0,0
ENG-Premier League,2122,Manchester Utd,Cristiano Ronaldo,POR,FW,36.0,27.3,76,2.79,56,0,9,5,5,1,9,0.33,4,0,2,1,2,0
ENG-Premier League,2122,Manchester Utd,Daniel James,WAL,FW,23.0,1.4,3,2.14,2,0,0,1,0,0,0,0.0,0,0,0,0,0,0
ENG-Premier League,2122,Manchester Utd,David de Gea,ESP,GK,30.0,38.0,3,0.08,3,0,0,0,0,0,0,0.0,0,0,0,0,0,0
ENG-Premier League,2122,Manchester Utd,Diogo Dalot,POR,DF,22.0,20.0,37,1.85,33,1,2,0,1,0,5,0.25,5,0,0,0,0,0
ENG-Premier League,2122,Manchester Utd,Donny van de Beek,NED,MF,24.0,0.8,5,6.0,4,0,1,0,0,0,0,0.0,0,0,0,0,0,0
ENG-Premier League,2122,Manchester Utd,Edinson Cavani,URU,FW,34.0,8.5,11,1.29,8,0,0,2,1,0,2,0.23,1,0,0,1,0,0
ENG-Premier League,2122,Manchester Utd,Eric Bailly,CIV,DF,27.0,2.4,1,0.41,1,0,0,0,0,0,0,0.0,0,0,0,0,0,0
ENG-Premier League,2122,Manchester Utd,Fred,BRA,MF,28.0,22.5,57,2.53,47,0,1,1,4,4,8,0.36,6,0,0,0,1,1
ENG-Premier League,2122,Manchester Utd,Hannibal Mejbri,TUN,FW,18.0,0.8,0,0.0,0,0,0,0,0,0,0,0.0,0,0,0,0,0,0
ENG-Premier League,2122,Manchester Utd,Harry Maguire,ENG,DF,28.0,27.9,20,0.72,11,2,1,4,1,1,1,0.04,1,0,0,0,0,0
ENG-Premier League,2122,Manchester Utd,Jadon Sancho,ENG,"FW,MF",21.0,21.1,82,3.88,67,3,9,2,1,0,8,0.38,6,0,2,0,0,0
ENG-Premier League,2122,Manchester Utd,Jesse Lingard,ENG,"FW,MF",28.0,4.1,15,3.68,12,0,0,2,1,0,1,0.25,0,0,0,1,0,0
ENG-Premier League,2122,Manchester Utd,Juan Mata,ESP,MF,33.0,2.6,6,2.3,6,0,0,0,0,0,0,0.0,0,0,0,0,0,0
ENG-Premier League,2122,Manchester Utd,Luke Shaw,ENG,DF,26.0,17.8,64,3.6,41,21,0,0,0,2,6,0.34,5,1,0,0,0,0
ENG-Premier League,2122,Manchester Utd,Marcus Rashford,ENG,"FW,MF",23.0,13.7,29,2.11,18,0,4,2,5,0,3,0.22,3,0,0,0,0,0
ENG-Premier League,2122,Manchester Utd,Mason Greenwood,ENG,"FW,MF",19.0,14.1,44,3.12,37,0,4,1,2,0,7,0.5,6,0,0,1,0,0
ENG-Premier League,2122,Manchester Utd,Nemanja Matić,SRB,MF,32.0,15.4,28,1.82,25,0,0,0,1,2,5,0.33,5,0,0,0,0,0
ENG-Premier League,2122,Manchester Utd,Opponent Total,,,27.0,38.0,753,19.82,522,70,48,44,45,24,82,2.16,57,3,6,8,4,4
ENG-Premier League,2122,Manchester Utd,Paul Pogba,FRA,"MF,FW",28.0,15.0,51,3.4,40,1,4,1,5,0,11,0.73,10,1,0,0,0,0
ENG-Premier League,2122,Manchester Utd,Phil Jones,ENG,DF,29.0,1.8,2,1.1,1,0,0,0,1,0,0,0.0,0,0,0,0,0,0
ENG-Premier League,2122,Manchester Utd,Raphaël Varane,FRA,DF,28.0,20.3,10,0.49,9,0,0,0,0,1,2,0.1,2,0,0,0,0,0
ENG-Premier League,2122,Manchester Utd,Scott McTominay,SCO,MF,24.0,26.5,45,1.7,37,0,3,1,2,2,6,0.23,4,0,0,1,0,1
ENG-Premier League,2122,Manchester Utd,Shola Shoretire,ENG,FW,17.0,0.2,0,0.0,0,0,0,0,0,0,0,0.0,0,0,0,0,0,0
ENG-Premier League,2122,Manchester Utd,Squad Total,,,27.2,38.0,841,22.13,638,64,48,31,40,20,100,2.63,74,6,6,6,5,3
ENG-Premier League,2122,Manchester Utd,Victor Lindelöf,SWE,DF,27.0,26.2,10,0.38,10,0,0,0,0,0,3,0.11,3,0,0,0,0,0
ENG-Premier League,2122,Newcastle Utd,Allan Saint-Maximin,FRA,"FW,MF",24.0,31.2,114,3.66,74,2,23,5,7,3,9,0.29,7,0,0,1,1,0
ENG-Premier League,2122,Newcastle Utd,Bruno Guimarães,BRA,MF,23.0,11.5,24,2.09,19,0,1,2,0,2,3,0.26,1,0,0,1,0,1
ENG-Premier League,2122,Newcastle Utd,Callum Wilson,ENG,FW,29.0,15.4,20,1.3,18,0,0,1,0,1,0,0.0,0,0,0,0,0,0
ENG-Premier League,2122,Newcastle Utd,Chris Wood,NZL,FW,29.0,14.7,21,1.42,16,0,2,2,1,0,2,0.14,1,0,0,0,1,0
ENG-Premier League,2122,Newcastle Utd,Ciaran Clark,IRL,DF,31.0,11.3,5,0.44,4,0,0,1,0,0,1,0.09,1,0,0,0,0,0
ENG-Premier League,2122,Newcastle Utd,Dan Burn,ENG,DF,29.0,16.0,4,0.25,3,1,0,0,0,0,1,0.06,1,0,0,0,0,0
ENG-Premier League,2122,Newcastle Utd,Dwight Gayle,ENG,FW,30.0,0.4,2,4.74,2,0,0,0,0,0,0,0.0,0,0,0,0,0,0
ENG-Premier League,2122,Newcastle Utd,Emil Krafth,SWE,DF,26.0,18.2,13,0.72,7,4,1,1,0,0,1,0.06,1,0,0,0,0,0
ENG-Premier League,2122,Newcastle Utd,Fabian Schär,SUI,DF,29.0,24.0,24,1.0,16,3,2,2,1,0,4,0.17,3,0,1,0,0,0
ENG-Premier League,2122,Newcastle Utd,Federico Fernández,ARG,DF,32.0,5.8,3,0.52,1,0,0,2,0,0,1,0.17,0,0,0,1,0,0
ENG-Premier League,2122,Newcastle Utd,Freddie Woodman,ENG,GK,24.0,4.0,0,0.0,0,0,0,0,0,0,0,0.0,0,0,0,0,0,0
ENG-Premier League,2122,Newcastle Utd,Isaac Hayden,ENG,"MF,DF",26.0,11.1,6,0.54,6,0,0,0,0,0,0,0.0,0,0,0,0,0,0
ENG-Premier League,2122,Newcastle Utd,Jacob Murphy,ENG,"FW,DF",26.0,16.4,45,2.75,34,2,4,4,1,0,5,0.31,2,0,0,2,1,0
ENG-Premier League,2122,Newcastle Utd,Jamaal Lascelles,ENG,DF,27.0,22.9,6,0.26,6,0,0,0,0,0,1,0.04,1,0,0,0,0,0
ENG-Premier League,2122,Newcastle Utd,Jamal Lewis,NIR,DF,23.0,2.9,2,0.69,2,0,0,0,0,0,1,0.34,1,0,0,0,0,0
ENG-Premier League,2122,Newcastle Utd,Javier Manquillo,ESP,DF,27.0,14.0,9,0.64,8,0,0,0,1,0,4,0.29,3,0,0,0,1,0
ENG-Premier League,2122,Newcastle Utd,Jeff Hendrick,IRL,MF,29.0,0.8,1,1.25,1,0,0,0,0,0,0,0.0,0,0,0,0,0,0
ENG-Premier League,2122,Newcastle Utd,Joe Willock,ENG,MF,21.0,22.6,46,2.03,29,0,9,1,5,2,4,0.18,1,0,1,0,2,0
ENG-Premier League,2122,Newcastle Utd,Joelinton,BRA,"MF,FW",24.0,28.4,64,2.25,44,0,3,8,6,3,6,0.21,4,0,0,1,1,0
ENG-Premier League,2122,Newcastle Utd,Jonjo Shelvey,ENG,MF,29.0,22.0,42,1.91,30,8,1,0,0,3,2,0.09,1,0,0,0,0,1
ENG-Premier League,2122,Newcastle Utd,Karl Darlow,ENG,GK,30.0,8.0,0,0.0,0,0,0,0,0,0,0,0.0,0,0,0,0,0,0
ENG-Premier League,2122,Newcastle Utd,Kieran Trippier,ENG,DF,30.0,4.8,9,1.89,1,8,0,0,0,0,1,0.21,1,0,0,0,0,0
ENG-Premier League,2122,Newcastle Utd,Martin Dúbravka,SVK,GK,32.0,26.0,2,0.08,0,2,0,0,0,0,0,0.0,0,0,0,0,0,0
ENG-Premier League,2122,Newcastle Utd,Matt Ritchie,SCO,DF,31.0,14.9,40,2.69,18,21,0,1,0,0,3,0.2,2,1,0,0,0,0
ENG-Premier League,2122,Newcastle Utd,Matt Targett,ENG,DF,25.0,16.0,34,2.12,15,14,0,1,4,0,1,0.06,0,1,0,0,0,0
ENG-Premier League,2122,Newcastle Utd,Miguel Almirón,PAR,"MF,FW",27.0,19.1,45,2.36,31,0,3,8,2,1,5,0.26,4,0,1,0,0,0
ENG-Premier League,2122,Newcastle Utd,Opponent Total,,,26.8,38.0,846,22.26,618,70,47,60,39,12,104,2.74,74,7,4,12,6,1
ENG-Premier League,2122,Newcastle Utd,Paul Dummett,WAL,DF,29.0,2.2,1,0.45,0,1,0,0,0,0,0,0.0,0,0,0,0,0,0
ENG-Premier League,2122,Newcastle Utd,Ryan Fraser,SCO,"FW,MF",27.0,16.3,47,2.89,28,8,0,5,5,1,6,0.37,3,1,0,1,1,0
ENG-Premier League,2122,Newcastle Utd,Sean Longstaff,ENG,MF,23.0,16.3,24,1.48,20,1,0,1,0,2,4,0.25,3,0,0,0,0,1
ENG-Premier League,2122,Newcastle Utd,Squad Total,,,27.5,38.0,653,17.18,433,75,49,45,33,18,65,1.71,41,3,3,7,8,3
ENG-Premier League,2122,Norwich City,Adam Idah,IRL,"FW,MF",20.0,6.9,12,1.73,8,1,1,0,2,0,1,0.14,1,0,0,0,0,0
ENG-Premier League,2122,Norwich City,Andrew Omobamidele,IRL,DF,19.0,4.2,0,0.0,0,0,0,0,0,0,0,0.0,0,0,0,0,0,0
ENG-Premier League,2122,Norwich City,Angus Gunn,ENG,GK,25.0,9.0,0,0.0,0,0,0,0,0,0,0,0.0,0,0,0,0,0,0
ENG-Premier League,2122,Norwich City,Bali Mumba,ENG,DF,19.0,0.5,0,0.0,0,0,0,0,0,0,0,0.0,0,0,0,0,0,0
ENG-Premier League,2122,Norwich City,Ben Gibson,ENG,DF,28.0,27.7,11,0.4,10,0,0,0,0,1,1,0.04,1,0,0,0,0,0
ENG-Premier League,2122,Norwich City,Billy Gilmour,SCO,MF,20.0,20.6,48,2.33,21,22,1,3,0,1,1,0.05,0,1,0,0,0,0
ENG-Premier League,2122,Norwich City,Brandon Williams,ENG,DF,20.0,23.6,31,1.32,27,0,0,0,3,1,2,0.08,1,0,0,0,0,1
ENG-Premier League,2122,Norwich City,Christoph Zimmermann,GER,DF,28.0,1.7,0,0.0,0,0,0,0,0,0,0,0.0,0,0,0,0,0,0
ENG-Premier League,2122,Norwich City,Christos Tzolis,GRE,"FW,MF",19.0,3.7,11,2.95,11,0,0,0,0,0,0,0.0,0,0,0,0,0,0
ENG-Premier League,2122,Norwich City,Dimitris Giannoulis,GRE,DF,25.0,13.0,17,1.31,14,1,0,0,2,0,2,0.15,2,0,0,0,0,0
ENG-Premier League,2122,Norwich City,Grant Hanley,SCO,DF,29.0,32.2,10,0.31,5,1,0,4,0,0,0,0.0,0,0,0,0,0,0
ENG-Premier League,2122,Norwich City,Jakob Sørensen,DEN,"MF,DF",23.0,6.7,2,0.3,1,0,0,0,0,1,0,0.0,0,0,0,0,0,0
ENG-Premier League,2122,Norwich City,Jon Rowe,ENG,"FW,MF",18.0,2.5,6,2.42,5,1,0,0,0,0,1,0.4,1,0,0,0,0,0
ENG-Premier League,2122,Norwich City,Josh Sargent,USA,"FW,MF",21.0,17.5,26,1.49,18,0,1,3,4,0,2,0.11,1,0,1,0,0,0
ENG-Premier League,2122,Norwich City,Kenny McLean,SCO,MF,29.0,30.1,34,1.13,27,2,0,2,0,3,2,0.07,2,0,0,0,0,0
ENG-Premier League,2122,Norwich City,Kieran Dowell,ENG,"FW,MF",23.0,10.1,23,2.27,18,5,0,0,0,0,1,0.1,1,0,0,0,0,0
ENG-Premier League,2122,Norwich City,Lukas Rupp,GER,MF,30.0,8.5,27,3.16,22,0,3,1,1,0,0,0.0,0,0,0,0,0,0
ENG-Premier League,2122,Norwich City,Mathias Normann,NOR,MF,25.0,18.3,34,1.86,14,5,5,3,4,3,3,0.16,3,0,0,0,0,0
ENG-Premier League,2122,Norwich City,Max Aarons,ENG,DF,21.0,32.0,38,1.19,27,2,3,4,2,0,5,0.16,5,0,0,0,0,0
ENG-Premier League,2122,Norwich City,Milot Rashica,KVX,"FW,MF",25.0,24.8,56,2.26,33,14,2,3,2,2,4,0.16,3,1,0,0,0,0
ENG-Premier League,2122,Norwich City,Opponent Total,,,26.8,38.0,956,25.16,691,80,53,55,48,29,129,3.39,94,4,6,12,9,4
ENG-Premier League,2122,Norwich City,Ozan Kabak,TUR,DF,21.0,10.2,10,0.98,4,0,1,1,3,1,0,0.0,0,0,0,0,0,0
ENG-Premier League,2122,Norwich City,Pierre Lees-Melou,FRA,MF,28.0,25.2,52,2.07,44,1,1,1,1,4,1,0.04,0,0,0,0,1,0
ENG-Premier League,2122,Norwich City,Przemysław Płacheta,POL,"FW,MF",23.0,5.6,14,2.5,5,2,2,0,5,0,0,0.0,0,0,0,0,0,0
ENG-Premier League,2122,Norwich City,Sam Byram,ENG,DF,27.0,11.4,11,0.96,8,0,1,1,0,1,2,0.18,1,0,0,0,0,1
ENG-Premier League,2122,Norwich City,Squad Total,,,26.2,38.0,546,14.37,368,59,30,29,40,20,32,0.84,25,2,1,0,2,2
ENG-Premier League,2122,Norwich City,Teemu Pukki,FIN,FW,31.0,36.1,60,1.66,36,0,9,2,11,2,4,0.11,3,0,0,0,1,0
ENG-Premier League,2122,Norwich City,Tim Krul,NED,GK,33.0,29.0,5,0.17,3,2,0,0,0,0,0,0.0,0,0,0,0,0,0
ENG-Premier League,2122,Norwich City,Todd Cantwell,ENG,"FW,MF",23.0,4.9,5,1.02,5,0,0,0,0,0,0,0.0,0,0,0,0,0,0
ENG-Premier League,2122,Norwich City,Tony Springett,ENG,"FW,MF",18.0,1.6,3,1.91,2,0,0,1,0,0,0,0.0,0,0,0,0,0,0
ENG-Premier League,2122,Southampton,Adam Armstrong,ENG,FW,24.0,15.7,29,1.85,17,0,4,4,4,0,3,0.19,2,0,0,0,1,0
ENG-Premier League,2122,Southampton,Alex McCarthy,ENG,GK,31.0,17.0,1,0.06,1,0,0,0,0,0,0,0.0,0,0,0,0,0,0
ENG-Premier League,2122,Southampton,Armando Broja,ALB,FW,19.0,21.9,37,1.69,17,0,6,5,5,4,3,0.14,0,0,1,0,2,0
ENG-Premier League,2122,Southampton,Che Adams,SCO,FW,25.0,22.7,51,2.25,34,0,1,4,11,1,4,0.18,3,0,0,0,0,1
ENG-Premier League,2122,Southampton,Fraser Forster,ENG,GK,33.0,19.0,2,0.11,0,2,0,0,0,0,0,0.0,0,0,0,0,0,0
ENG-Premier League,2122,Southampton,Ibrahima Diallo,FRA,MF,22.0,11.4,29,2.55,25,0,2,0,1,1,4,0.35,4,0,0,0,0,0
ENG-Premier League,2122,Southampton,Jack Stephens,ENG,DF,27.0,9.0,6,0.67,5,0,0,0,0,1,0,0.0,0,0,0,0,0,0
ENG-Premier League,2122,Southampton,James Ward-Prowse,ENG,MF,26.0,35.7,113,3.16,55,51,0,3,1,3,7,0.2,3,4,0,0,0,0
ENG-Premier League,2122,Southampton,Jan Bednarek,POL,DF,25.0,29.2,19,0.65,16,2,0,0,0,1,0,0.0,0,0,0,0,0,0
ENG-Premier League,2122,Southampton,Kyle Walker-Peters,ENG,DF,24.0,29.3,61,2.09,42,0,6,3,7,3,8,0.27,5,0,0,0,2,1
ENG-Premier League,2122,Southampton,Lyanco,BRA,DF,24.0,10.1,9,0.89,6,0,0,1,0,2,1,0.1,1,0,0,0,0,0
ENG-Premier League,2122,Southampton,Mohamed Elyounoussi,NOR,"MF,FW",26.0,22.7,52,2.29,41,0,2,5,3,1,5,0.22,3,0,0,2,0,0
ENG-Premier League,2122,Southampton,Mohammed Salisu,GHA,DF,22.0,33.0,27,0.82,21,1,0,3,0,2,3,0.09,3,0,0,0,0,0
ENG-Premier League,2122,Southampton,Moussa Djenepo,MLI,MF,23.0,5.1,16,3.15,12,0,2,1,1,0,1,0.2,1,0,0,0,0,0
ENG-Premier League,2122,Southampton,Nathan Redmond,ENG,"MF,FW",27.0,20.4,66,3.24,53,4,2,4,2,1,8,0.39,6,1,0,0,1,0
ENG-Premier League,2122,Southampton,Nathan Tella,ENG,"MF,FW",22.0,8.9,18,2.01,12,0,2,0,4,0,3,0.34,2,0,0,0,1,0
ENG-Premier League,2122,Southampton,Opponent Total,,,26.8,38.0,759,19.97,562,60,43,47,30,17,103,2.71,70,8,7,13,4,1
ENG-Premier League,2122,Southampton,Oriol Romeu,ESP,MF,29.0,32.1,67,2.09,63,0,1,1,0,2,4,0.12,4,0,0,0,0,0
ENG-Premier League,2122,Southampton,Romain Perraud,FRA,DF,23.0,18.0,27,1.5,20,1,2,2,1,1,3,0.17,3,0,0,0,0,0
ENG-Premier League,2122,Southampton,Shane Long,IRL,FW,34.0,3.4,5,1.46,2,0,0,0,3,0,0,0.0,0,0,0,0,0,0
ENG-Premier League,2122,Southampton,Squad Total,,,25.7,38.0,732,19.26,524,64,33,38,49,24,62,1.63,43,5,1,2,9,2
ENG-Premier League,2122,Southampton,Stuart Armstrong,SCO,MF,29.0,16.4,51,3.12,40,2,2,2,4,1,2,0.12,1,0,0,0,1,0
ENG-Premier League,2122,Southampton,Theo Walcott,ENG,"MF,FW",32.0,4.2,4,0.95,4,0,0,0,0,0,1,0.24,1,0,0,0,0,0
ENG-Premier League,2122,Southampton,Valentino Livramento,ENG,DF,18.0,24.5,40,1.63,37,0,1,0,2,0,2,0.08,1,0,0,0,1,0
ENG-Premier League,2122,Southampton,William Smallbone,IRL,"MF,FW",21.0,1.5,1,0.68,0,1,0,0,0,0,0,0.0,0,0,0,0,0,0
ENG-Premier League,2122,Southampton,Willy Caballero,ARG,GK,39.0,2.0,0,0.0,0,0,0,0,0,0,0,0.0,0,0,0,0,0,0
ENG-Premier League,2122,Southampton,Yan Valery,FRA,DF,22.0,4.1,1,0.24,1,0,0,0,0,0,0,0.0,0,0,0,0,0,0
ENG-Premier League,2122,Tottenham,Ben Davies,WAL,DF,28.0,28.2,29,1.03,27,1,0,1,0,0,4,0.14,3,0,0,1,0,0
ENG-Premier League,2122,Tottenham,Bryan,ESP,"FW,MF",20.0,1.0,5,4.79,4,0,0,1,0,0,1,0.96,1,0,0,0,0,0
ENG-Premier League,2122,Tottenham,Cristian Romero,ARG,DF,23.0,20.5,17,0.83,14,1,0,0,1,1,2,0.1,1,0,0,0,0,1
ENG-Premier League,2122,Tottenham,Dane Scarlett,ENG,MF,17.0,0.0,0,0.0,0,0,0,0,0,0,0,0.0,0,0,0,0,0,0
ENG-Premier League,2122,Tottenham,Davinson Sánchez,COL,DF,25.0,18.1,16,0.88,15,0,0,1,0,0,1,0.06,1,0,0,0,0,0
ENG-Premier League,2122,Tottenham,Dejan Kulusevski,SWE,"MF,FW",21.0,14.0,47,3.35,35,0,6,5,1,0,14,1.0,10,0,3,1,0,0
ENG-Premier League,2122,Tottenham,Dele Alli,ENG,"MF,FW",25.0,7.3,8,1.1,5,0,0,0,3,0,1,0.14,0,0,0,0,1,0
ENG-Premier League,2122,Tottenham,Emerson,BRA,DF,22.0,25.4,49,1.93,40,0,4,2,1,2,4,0.16,4,0,0,0,0,0
ENG-Premier League,2122,Tottenham,Eric Dier,ENG,DF,27.0,34.1,28,0.82,22,0,0,4,0,2,4,0.12,2,0,0,2,0,0
ENG-Premier League,2122,Tottenham,Giovani Lo Celso,ARG,"MF,FW",25.0,2.6,10,3.78,5,2,0,1,2,0,0,0.0,0,0,0,0,0,0
ENG-Premier League,2122,Tottenham,Harry Kane,ENG,FW,28.0,35.9,117,3.26,86,2,10,11,6,2,21,0.58,17,0,1,3,0,0
ENG-Premier League,2122,Tottenham,Harry Winks,ENG,MF,25.0,10.1,23,2.27,17,3,1,0,2,0,4,0.39,4,0,0,0,0,0
ENG-Premier League,2122,Tottenham,Hugo Lloris,FRA,GK,34.0,38.0,6,0.16,6,0,0,0,0,0,2,0.05,2,0,0,0,0,0
ENG-Premier League,2122,Tottenham,Japhet Tanganga,ENG,DF,22.0,8.2,3,0.37,2,0,0,1,0,0,0,0.0,0,0,0,0,0,0
ENG-Premier League,2122,Tottenham,Joe Rodon,WAL,DF,23.0,1.0,0,0.0,0,0,0,0,0,0,0,0.0,0,0,0,0,0,0
ENG-Premier League,2122,Tottenham,Lucas Moura,BRA,"FW,MF",28.0,19.7,63,3.19,52,0,3,2,5,1,9,0.46,9,0,0,0,0,0
ENG-Premier League,2122,Tottenham,Matt Doherty,IRL,DF,29.0,9.7,23,2.37,19,0,1,3,0,0,4,0.41,4,0,0,0,0,0
ENG-Premier League,2122,Tottenham,Oliver Skipp,ENG,MF,20.0,15.0,22,1.47,21,0,0,0,1,0,3,0.2,3,0,0,0,0,0
ENG-Premier League,2122,Tottenham,Opponent Total,,,26.8,38.0,754,19.84,515,84,51,46,35,23,63,1.66,46,5,5,4,3,0
ENG-Premier League,2122,Tottenham,Pierre Højbjerg,DEN,MF,25.0,35.5,81,2.28,67,3,5,1,2,3,5,0.14,5,0,0,0,0,0
ENG-Premier League,2122,Tottenham,Rodrigo Bentancur,URU,MF,24.0,15.1,35,2.31,33,0,0,2,0,0,7,0.46,6,0,0,1,0,0
ENG-Premier League,2122,Tottenham,Ryan Sessegnon,ENG,DF,21.0,11.6,21,1.81,19,1,1,0,0,0,4,0.34,4,0,0,0,0,0
ENG-Premier League,2122,Tottenham,Sergio Reguilón,ESP,DF,24.0,21.3,52,2.44,41,3,3,2,3,0,5,0.23,5,0,0,0,0,0
ENG-Premier League,2122,Tottenham,Son Heung-min,KOR,"FW,MF",29.0,33.4,129,3.86,75,35,4,8,6,1,15,0.45,8,4,0,0,3,0
ENG-Premier League,2122,Tottenham,Squad Total,,,26.5,38.0,817,21.5,630,52,41,47,35,12,114,3.0,91,4,5,8,5,1
ENG-Premier League,2122,Tottenham,Steven Bergwijn,NED,"FW,MF",23.0,6.3,20,3.19,15,1,2,1,1,0,3,0.48,1,0,1,0,1,0
ENG-Premier League,2122,Tottenham,Tanguy Ndombele,FRA,MF,24.0,5.4,13,2.42,10,0,1,1,1,0,1,0.19,1,0,0,0,0,0
ENG-Premier League,2122,Watford,Adam Masina,MAR,DF,27.0,12.0,11,0.92,6,3,0,0,1,1,1,0.08,1,0,0,0,0,0
ENG-Premier League,2122,Watford,Ashley Fletcher,ENG,FW,25.0,0.3,2,6.0,1,0,0,1,0,0,0,0.0,0,0,0,0,0,0
ENG-Premier League,2122,Watford,Ben Foster,ENG,GK,38.0,26.0,7,0.27,7,0,0,0,0,0,1,0.04,1,0,0,0,0,0
ENG-Premier League,2122,Watford,Christian Kabasele,BEL,DF,30.0,13.3,5,0.38,4,0,0,1,0,0,0,0.0,0,0,0,0,0,0
ENG-Premier League,2122,Watford,Craig Cathcart,NIR,DF,32.0,26.6,5,0.19,5,0,0,0,0,0,0,0.0,0,0,0,0,0,0
ENG-Premier League,2122,Watford,Cucho,COL,"FW,MF",22.0,12.7,40,3.14,26,4,5,3,1,1,6,0.47,3,1,0,1,0,1
ENG-Premier League,2122,Watford,Dan Gosling,ENG,MF,31.0,1.8,2,1.08,1,0,0,0,1,0,0,0.0,0,0,0,0,0,0
ENG-Premier League,2122,Watford,Daniel Bachmann,AUT,GK,27.0,12.0,0,0.0,0,0,0,0,0,0,0,0.0,0,0,0,0,0,0
ENG-Premier League,2122,Watford,Danny Rose,ENG,DF,31.0,7.7,11,1.44,10,1,0,0,0,0,1,0.13,0,1,0,0,0,0
ENG-Premier League,2122,Watford,Edo Kayembe,COD,MF,22.0,8.9,13,1.46,12,0,0,1,0,0,0,0.0,0,0,0,0,0,0
ENG-Premier League,2122,Watford,Emmanuel Dennis,NGA,"FW,MF",23.0,28.7,91,3.17,54,2,17,8,8,2,12,0.42,7,0,1,2,1,1
ENG-Premier League,2122,Watford,Francisco Sierralta,CHI,DF,24.0,4.7,1,0.21,1,0,0,0,0,0,0,0.0,0,0,0,0,0,0
ENG-Premier League,2122,Watford,Hassane Kamara,CIV,DF,27.0,18.0,21,1.16,16,0,1,1,0,3,0,0.0,0,0,0,0,0,0
ENG-Premier League,2122,Watford,Imran Louza,MAR,MF,22.0,15.7,30,1.91,13,11,1,2,1,2,1,0.06,1,0,0,0,0,0
ENG-Premier League,2122,Watford,Ismaila Sarr,SEN,"FW,MF",23.0,20.7,44,2.13,34,0,4,0,4,2,3,0.15,3,0,0,0,0,0
ENG-Premier League,2122,Watford,Jeremy Ngakia,ENG,DF,20.0,10.0,12,1.2,8,2,0,1,1,0,1,0.1,1,0,0,0,0,0
ENG-Premier League,2122,Watford,Joshua King,NOR,FW,29.0,25.0,60,2.4,46,0,4,4,5,1,7,0.28,5,0,1,1,0,0
ENG-Premier League,2122,Watford,João Pedro,BRA,"FW,MF",19.0,18.3,49,2.68,33,0,7,4,4,1,4,0.22,3,0,0,1,0,0
ENG-Premier League,2122,Watford,Juraj Kucka,SVK,MF,34.0,21.3,37,1.73,23,0,5,2,5,2,2,0.09,1,0,0,0,1,0
ENG-Premier League,2122,Watford,Ken Sema,SWE,"MF,FW",27.0,9.5,20,2.11,8,7,1,0,3,1,0,0.0,0,0,0,0,0,0
ENG-Premier League,2122,Watford,Kiko Femenía,ESP,DF,30.0,23.8,39,1.64,27,12,0,0,0,0,6,0.25,5,1,0,0,0,0
ENG-Premier League,2122,Watford,Moussa Sissoko,FRA,MF,31.0,35.8,62,1.73,52,0,4,2,1,3,4,0.11,2,0,1,0,0,1
ENG-Premier League,2122,Watford,Nicolas Nkoulou,CMR,DF,31.0,1.9,1,0.54,1,0,0,0,0,0,0,0.0,0,0,0,0,0,0
ENG-Premier League,2122,Watford,Oghenekaro Etebo,NGA,MF,25.0,4.5,4,0.9,4,0,0,0,0,0,0,0.0,0,0,0,0,0,0
ENG-Premier League,2122,Watford,Opponent Total,,,26.8,38.0,859,22.61,642,74,38,42,41,22,119,3.13,87,7,7,4,10,4
ENG-Premier League,2122,Watford,Ozan Tufan,TUR,MF,26.0,3.7,7,1.89,6,1,0,0,0,0,0,0.0,0,0,0,0,0,0
ENG-Premier League,2122,Watford,Samir Santos,BRA,DF,26.0,18.6,4,0.22,3,0,0,1,0,0,0,0.0,0,0,0,0,0,0
ENG-Premier League,2122,Watford,Samuel Kalu,NGA,FW,23.0,2.5,6,2.43,3,0,0,0,2,1,0,0.0,0,0,0,0,0,0
ENG-Premier League,2122,Watford,Squad Total,,,28.4,38.0,624,16.42,428,53,49,32,41,21,52,1.37,35,4,3,5,2,3
ENG-Premier League,2122,Watford,Tom Cleverley,ENG,MF,31.0,18.0,35,1.95,20,10,0,1,4,0,3,0.17,2,1,0,0,0,0
ENG-Premier League,2122,Watford,Troy Deeney,ENG,FW,33.0,0.3,1,3.6,1,0,0,0,0,0,0,0.0,0,0,0,0,0,0
ENG-Premier League,2122,Watford,William Troost-Ekong,NGA,DF,27.0,15.4,4,0.26,3,0,0,0,0,1,0,0.0,0,0,0,0,0,0
ENG-Premier League,2122,West Ham,Aaron Cresswell,ENG,DF,31.0,30.3,49,1.62,27,20,0,2,0,0,5,0.17,2,3,0,0,0,0
ENG-Premier League,2122,West Ham,Alex Král,CZE,MF,23.0,0.0,0,0.0,0,0,0,0,0,0,0,0.0,0,0,0,0,0,0
ENG-Premier League,2122,West Ham,Alphonse Areola,FRA,GK,28.0,1.0,0,0.0,0,0,0,0,0,0,0,0.0,0,0,0,0,0,0
ENG-Premier League,2122,West Ham,Andriy Yarmolenko,UKR,FW,31.0,3.5,7,1.99,4,0,2,1,0,0,0,0.0,0,0,0,0,0,0
ENG-Premier League,2122,West Ham,Angelo Ogbonna,ITA,DF,33.0,10.2,2,0.2,2,0,0,0,0,0,1,0.1,1,0,0,0,0,0
ENG-Premier League,2122,West Ham,Arthur Masuaku,COD,"DF,FW",27.0,7.2,6,0.83,4,2,0,0,0,0,2,0.28,1,1,0,0,0,0
ENG-Premier League,2122,West Ham,Ben Johnson,ENG,DF,21.0,15.5,16,1.03,14,1,0,0,1,0,2,0.13,2,0,0,0,0,0
ENG-Premier League,2122,West Ham,Craig Dawson,ENG,DF,31.0,30.6,11,0.36,6,0,1,4,0,0,5,0.16,3,0,0,2,0,0
ENG-Premier League,2122,West Ham,Daniel Chesters,ENG,MF,19.0,0.0,0,0.0,0,0,0,0,0,0,0,0.0,0,0,0,0,0,0
ENG-Premier League,2122,West Ham,Declan Rice,ENG,MF,22.0,35.3,59,1.67,50,1,2,2,1,3,8,0.23,8,0,0,0,0,0
ENG-Premier League,2122,West Ham,Harrison Ashby,SCO,DF,19.0,0.1,0,0.0,0,0,0,0,0,0,0,0.0,0,0,0,0,0,0
ENG-Premier League,2122,West Ham,Issa Diop,FRA,DF,24.0,10.7,2,0.19,2,0,0,0,0,0,1,0.09,1,0,0,0,0,0
ENG-Premier League,2122,West Ham,Jarrod Bowen,ENG,FW,24.0,33.1,95,2.87,53,19,8,8,4,3,21,0.63,10,4,3,1,3,0
ENG-Premier League,2122,West Ham,Kurt Zouma,FRA,DF,26.0,23.1,6,0.26,5,0,0,1,0,0,0,0.0,0,0,0,0,0,0
ENG-Premier League,2122,West Ham,Manuel Lanzini,ARG,"MF,FW",28.0,19.8,55,2.77,45,5,2,0,2,1,10,0.5,6,1,1,0,1,1
ENG-Premier League,2122,West Ham,Mark Noble,ENG,MF,34.0,3.7,5,1.36,5,0,0,0,0,0,0,0.0,0,0,0,0,0,0
ENG-Premier League,2122,West Ham,Michail Antonio,JAM,FW,31.0,33.0,102,3.09,65,0,13,10,8,6,17,0.51,9,0,1,4,2,1
ENG-Premier League,2122,West Ham,Nikola Vlašić,CRO,"FW,MF",23.0,6.2,18,2.89,14,0,2,0,2,0,0,0.0,0,0,0,0,0,0
ENG-Premier League,2122,West Ham,Opponent Total,,,26.8,38.0,853,22.45,674,53,36,45,31,14,79,2.08,55,6,2,10,3,3
ENG-Premier League,2122,West Ham,Pablo Fornals,ESP,"FW,MF",25.0,31.1,87,2.8,67,8,4,5,2,1,9,0.29,7,1,0,1,0,0
ENG-Premier League,2122,West Ham,Ryan Fredericks,ENG,DF,28.0,3.4,2,0.59,2,0,0,0,0,0,0,0.0,0,0,0,0,0,0
ENG-Premier League,2122,West Ham,Saïd Benrahma,ALG,"FW,MF",25.0,24.1,69,2.86,53,0,6,5,4,1,8,0.33,7,0,0,1,0,0
ENG-Premier League,2122,West Ham,Sonny Perkins,ENG,FW,17.0,0.0,0,0.0,0,0,0,0,0,0,0,0.0,0,0,0,0,0,0
ENG-Premier League,2122,West Ham,Squad Total,,,28.2,38.0,674,17.74,484,65,40,42,26,17,100,2.63,67,11,5,9,6,2
ENG-Premier League,2122,West Ham,Tomáš Souček,CZE,MF,26.0,34.0,34,1.0,29,0,0,3,1,1,4,0.12,4,0,0,0,0,0
ENG-Premier League,2122,West Ham,Vladimír Coufal,CZE,DF,28.0,24.5,46,1.87,35,8,0,1,1,1,7,0.29,6,1,0,0,0,0
ENG-Premier League,2122,West Ham,Łukasz Fabiański,POL,GK,36.0,37.0,3,0.08,2,1,0,0,0,0,0,0.0,0,0,0,0,0,0
ENG-Premier League,2122,Wolves,Adama Traoré,ESP,FW,25.0,11.9,50,4.22,30,0,12,0,6,2,2,0.17,1,0,0,0,1,0
ENG-Premier League,2122,Wolves,Chem Campbell,WAL,MF,18.0,0.1,0,0.0,0,0,0,0,0,0,0,0.0,0,0,0,0,0,0
ENG-Premier League,2122,Wolves,Chiquinho,POR,"DF,MF",21.0,2.3,10,4.33,7,1,1,0,1,0,3,1.3,3,0,0,0,0,0
ENG-Premier League,2122,Wolves,Conor Coady,ENG,DF,28.0,37.3,7,0.19,7,0,0,0,0,0,0,0.0,0,0,0,0,0,0
ENG-Premier League,2122,Wolves,Daniel Podence,POR,"FW,MF",25.0,16.5,62,3.76,48,0,4,5,4,1,4,0.24,3,0,0,1,0,0
ENG-Premier League,2122,Wolves,Fernando Marçal,BRA,DF,32.0,16.1,17,1.06,15,0,0,1,1,0,1,0.06,0,0,0,1,0,0
ENG-Premier League,2122,Wolves,Francisco Trincão,POR,"FW,MF",21.0,14.8,39,2.63,24,3,9,0,2,1,2,0.13,2,0,0,0,0,0
ENG-Premier League,2122,Wolves,Fábio Silva,POR,FW,19.0,6.4,16,2.52,9,0,3,3,0,1,1,0.16,0,0,0,1,0,0
ENG-Premier League,2122,Wolves,Hwang Hee-chan,KOR,"FW,MF",25.0,20.2,34,1.69,23,0,3,3,3,2,3,0.15,1,0,1,0,0,1
ENG-Premier League,2122,Wolves,John Ruddy,ENG,GK,34.0,1.5,0,0.0,0,0,0,0,0,0,0,0.0,0,0,0,0,0,0
ENG-Premier League,2122,Wolves,Jonny Castro,ESP,DF,27.0,11.4,18,1.58,16,0,0,0,1,1,0,0.0,0,0,0,0,0,0
ENG-Premier League,2122,Wolves,José Sá,POR,GK,28.0,36.5,4,0.11,3,1,0,0,0,0,1,0.03,0,1,0,0,0,0
ENG-Premier League,2122,Wolves,João Moutinho,POR,MF,34.0,33.0,68,2.06,44,18,1,2,0,3,4,0.12,3,1,0,0,0,0
ENG-Premier League,2122,Wolves,Ki-Jana Hoever,NED,DF,19.0,3.4,3,0.88,3,0,0,0,0,0,0,0.0,0,0,0,0,0,0
ENG-Premier League,2122,Wolves,Leander Dendoncker,BEL,MF,26.0,21.7,28,1.29,26,0,0,1,0,1,8,0.37,6,0,0,1,0,1
ENG-Premier League,2122,Wolves,Luke Cundle,ENG,MF,19.0,2.0,3,1.5,3,0,0,0,0,0,0,0.0,0,0,0,0,0,0
ENG-Premier League,2122,Wolves,Max Kilman,ENG,DF,24.0,29.9,9,0.3,6,0,1,1,0,1,1,0.03,0,0,0,1,0,0
ENG-Premier League,2122,Wolves,Morgan Gibbs-White,ENG,"FW,MF",21.0,0.1,0,0.0,0,0,0,0,0,0,0,0.0,0,0,0,0,0,0
ENG-Premier League,2122,Wolves,Nélson Semedo,POR,DF,27.0,23.7,37,1.56,29,0,4,2,2,0,1,0.04,1,0,0,0,0,0
ENG-Premier League,2122,Wolves,Opponent Total,,,26.7,38.0,776,20.42,572,63,41,42,47,11,61,1.61,34,2,5,7,11,2
ENG-Premier League,2122,Wolves,Pedro Neto,POR,"FW,MF",21.0,5.2,23,4.44,13,4,2,2,2,0,1,0.19,1,0,0,0,0,0
ENG-Premier League,2122,Wolves,Rayan Aït Nouri,FRA,DF,20.0,20.3,44,2.17,26,10,4,0,2,2,6,0.3,4,1,0,0,1,0
ENG-Premier League,2122,Wolves,Raúl Jiménez,MEX,FW,30.0,29.2,67,2.29,47,1,4,7,5,3,15,0.51,7,0,3,3,1,1
ENG-Premier League,2122,Wolves,Romain Saïss,MAR,DF,31.0,30.1,15,0.5,14,0,0,1,0,0,0,0.0,0,0,0,0,0,0
ENG-Premier League,2122,Wolves,Rúben Neves,POR,MF,24.0,29.6,55,1.86,45,2,1,3,2,2,3,0.1,3,0,0,0,0,0
ENG-Premier League,2122,Wolves,Squad Total,,,27.3,38.0,611,16.08,439,40,49,31,31,21,56,1.47,35,3,4,8,3,3
ENG-Premier League,2122,Wolves,Toti Gomes,POR,DF,22.0,4.0,0,0.0,0,0,0,0,0,0,0,0.0,0,0,0,0,0,0
ENG-Premier League,2122,Wolves,Willy Boly,CIV,DF,30.0,10.0,2,0.2,1,0,0,0,0,1,0,0.0,0,0,0,0,0,0
