,,,,Nation,Pos,Age,90s,Performance,Performance,Performance,Performance,Performance,Performance,Performance,Performance,Performance,Performance,Performance,Performance,Performance,Aerial Duels,Aerial Duels,Aerial Duels
,,,,,,,,CrdY,CrdR,2CrdY,Fls,Fld,Off,Crs,Int,TklW,PKwon,PKcon,OG,Recov,Won,Lost,Won%
league,season,team,player,,,,,,,,,,,,,,,,,,,,
ENG-Premier League,2122,Arsenal,Aaron Ramsdale,ENG,GK,23.0,34.0,1,0,0,0,7,0,0,0,0,0,0,0,183,0,1,0.0
ENG-Premier League,2122,Arsenal,Ainsley Maitland-Niles,ENG,MF,23.0,3.0,0,0,0,5,2,0,1,3,4,0,0,0,37,5,4,55.6
ENG-Premier League,2122,Arsenal,Albert Sambi Lokonga,BEL,MF,21.0,12.6,5,0,0,17,17,0,3,23,13,0,0,0,124,21,23,47.7
ENG-Premier League,2122,Arsenal,Alexandre Lacazette,FRA,"FW,MF",30.0,19.8,0,0,0,37,36,6,7,13,19,4,0,0,75,22,68,24.4
ENG-Premier League,2122,Arsenal,Ben White,ENG,DF,23.0,32.0,3,0,0,22,29,0,4,66,23,0,1,1,302,68,45,60.2
ENG-Premier League,2122,Arsenal,Bernd Leno,GER,GK,29.0,4.0,0,0,0,0,0,0,0,0,0,0,0,0,16,0,0,
ENG-Premier League,2122,Arsenal,Bukayo Saka,ENG,"FW,MF",19.0,33.1,6,0,0,38,76,17,72,31,23,2,0,0,200,30,57,34.5
ENG-Premier League,2122,Arsenal,Calum Chambers,ENG,DF,26.0,1.9,0,0,0,1,1,0,2,3,1,0,0,0,14,3,2,60.0
ENG-Premier League,2122,Arsenal,Cédric Soares,POR,DF,29.0,16.5,3,0,0,18,9,3,62,20,20,0,1,0,154,22,24,47.8
ENG-Premier League,2122,Arsenal,Eddie Nketiah,ENG,FW,22.0,9.3,3,0,0,21,16,5,11,6,7,0,0,0,43,9,42,17.6
ENG-Premier League,2122,Arsenal,Emile Smith Rowe,ENG,"MF,FW",21.0,21.3,1,0,0,7,30,2,21,20,16,0,0,0,144,8,20,28.6
ENG-Premier League,2122,Arsenal,Folarin Balogun,ENG,FW,20.0,0.8,0,0,0,0,1,1,0,0,0,0,0,0,3,1,2,33.3
ENG-Premier League,2122,Arsenal,Gabriel Dos Santos,BRA,DF,23.0,34.0,8,1,1,24,43,1,4,39,37,0,0,0,250,68,38,64.2
ENG-Premier League,2122,Arsenal,Granit Xhaka,SUI,"MF,DF",28.0,25.9,10,1,0,35,23,2,18,31,24,0,1,0,248,36,29,55.4
ENG-Premier League,2122,Arsenal,Kieran Tierney,SCO,DF,24.0,21.3,0,0,0,7,19,1,72,31,12,0,0,0,171,16,20,44.4
ENG-Premier League,2122,Arsenal,Martin Ødegaard,NOR,MF,22.0,30.9,4,0,0,32,23,3,26,22,25,0,2,0,230,17,25,40.5
ENG-Premier League,2122,Arsenal,Martinelli,BRA,"FW,MF",20.0,20.7,3,1,1,26,25,10,48,21,19,0,0,0,116,30,54,35.7
ENG-Premier League,2122,Arsenal,Mohamed Elneny,EGY,MF,29.0,9.0,1,0,0,5,7,0,0,18,9,0,0,0,94,11,11,50.0
ENG-Premier League,2122,Arsenal,Nicolas Pépé,CIV,"FW,MF",26.0,7.7,0,0,0,12,5,4,11,9,11,0,0,0,59,17,34,33.3
ENG-Premier League,2122,Arsenal,Nuno Tavares,POR,DF,21.0,13.1,2,0,0,27,14,1,32,24,12,0,1,0,101,26,27,49.1
ENG-Premier League,2122,Arsenal,Opponent Total,,,26.9,38.0,69,3,2,450,406,64,408,548,374,5,7,1,2824,662,553,54.5
ENG-Premier League,2122,Arsenal,Pablo Marí,ESP,DF,27.0,2.0,1,0,0,1,1,0,0,6,2,0,0,0,17,5,4,55.6
ENG-Premier League,2122,Arsenal,Pierre-Emerick Aubameyang,GAB,FW,32.0,11.5,3,0,0,18,12,10,9,1,7,0,0,0,38,28,32,46.7
ENG-Premier League,2122,Arsenal,Reiss Nelson,ENG,FW,21.0,0.2,0,0,0,0,0,0,0,1,0,0,0,0,2,0,0,
ENG-Premier League,2122,Arsenal,Rob Holding,ENG,DF,25.0,9.4,4,1,1,9,4,0,0,15,7,0,0,0,88,28,21,57.1
ENG-Premier League,2122,Arsenal,Sead Kolašinac,BIH,DF,28.0,1.0,1,0,0,3,0,0,0,4,1,0,0,0,2,2,1,66.7
ENG-Premier League,2122,Arsenal,Squad Total,,,24.4,38.0,67,4,3,425,436,66,433,476,350,6,6,1,3139,553,662,45.5
ENG-Premier League,2122,Arsenal,Takehiro Tomiyasu,JPN,DF,22.0,18.7,2,0,0,20,14,0,27,36,17,0,0,0,197,57,51,52.8
ENG-Premier League,2122,Arsenal,Thomas Partey,GHA,MF,28.0,22.5,6,0,0,40,22,0,3,33,41,0,0,0,231,23,27,46.0
ENG-Premier League,2122,Aston Villa,Anwar El Ghazi,NED,"FW,MF",26.0,4.3,2,0,0,9,7,2,11,2,3,0,0,0,27,11,9,55.0
ENG-Premier League,2122,Aston Villa,Ashley Young,ENG,"DF,FW",36.0,13.9,2,0,0,20,34,1,29,22,15,0,0,1,91,12,18,40.0
ENG-Premier League,2122,Aston Villa,Axel Tuanzebe,ENG,DF,23.0,5.6,1,0,0,5,3,0,1,9,6,0,0,0,43,12,11,52.2
ENG-Premier League,2122,Aston Villa,Bertrand Traoré,BFA,"MF,FW",25.0,2.4,0,0,0,0,4,2,6,0,0,1,0,0,18,5,7,41.7
ENG-Premier League,2122,Aston Villa,Calum Chambers,ENG,DF,26.0,9.2,1,0,0,14,3,0,2,11,11,0,0,0,86,29,28,50.9
ENG-Premier League,2122,Aston Villa,Cameron Archer,ENG,"MF,FW",20.0,0.3,0,0,0,3,0,0,0,1,0,0,0,0,2,1,2,33.3
ENG-Premier League,2122,Aston Villa,Carney Chukwuemeka,ENG,"MF,FW",17.0,3.3,0,0,0,4,10,0,0,4,2,0,0,0,25,5,10,33.3
ENG-Premier League,2122,Aston Villa,Danny Ings,ENG,FW,29.0,21.1,4,0,0,20,14,11,17,15,11,0,0,0,89,23,52,30.7
ENG-Premier League,2122,Aston Villa,Douglas Luiz,BRA,MF,23.0,30.2,7,0,0,51,45,0,27,61,43,0,0,0,285,37,31,54.4
ENG-Premier League,2122,Aston Villa,Emi Buendía,ARG,"FW,MF",24.0,21.1,1,0,0,26,53,3,19,18,31,0,1,0,172,24,47,33.8
ENG-Premier League,2122,Aston Villa,Emiliano Martínez,ARG,GK,28.0,36.0,4,0,0,0,8,0,0,1,0,0,0,0,164,0,1,0.0
ENG-Premier League,2122,Aston Villa,Ezri Konsa,ENG,DF,23.0,27.5,6,2,1,17,38,1,1,45,14,0,1,0,183,60,43,58.3
ENG-Premier League,2122,Aston Villa,Jacob Ramsey,ENG,MF,20.0,27.4,6,0,0,41,52,1,16,38,41,0,0,0,178,22,35,38.6
ENG-Premier League,2122,Aston Villa,Jaden Philogene Bidace,ENG,FW,19.0,0.1,0,0,0,0,1,0,0,0,0,0,0,0,0,0,0,
ENG-Premier League,2122,Aston Villa,Jed Steer,ENG,GK,28.0,1.0,0,0,0,0,0,0,0,0,0,0,0,0,6,0,0,
ENG-Premier League,2122,Aston Villa,John McGinn,SCO,MF,26.0,34.3,8,0,0,70,98,0,57,52,61,0,0,0,288,22,15,59.5
ENG-Premier League,2122,Aston Villa,Keinan Davis,ENG,FW,23.0,0.1,0,0,0,0,1,0,0,0,0,0,0,0,0,0,2,0.0
ENG-Premier League,2122,Aston Villa,Kortney Hause,ENG,DF,26.0,4.4,0,0,0,8,2,1,1,9,4,0,1,0,55,20,8,71.4
ENG-Premier League,2122,Aston Villa,Leon Bailey,JAM,"FW,MF",23.0,8.5,3,0,0,13,12,3,21,3,12,0,0,0,43,9,16,36.0
ENG-Premier League,2122,Aston Villa,Lucas Digne,FRA,DF,28.0,14.1,2,0,0,21,23,3,62,32,10,0,0,0,120,25,21,54.3
ENG-Premier League,2122,Aston Villa,Marvelous Nakamba,ZIM,MF,27.0,10.0,5,0,0,22,10,0,1,23,19,0,0,0,107,11,11,50.0
ENG-Premier League,2122,Aston Villa,Matt Targett,ENG,DF,25.0,15.9,2,0,0,19,13,0,41,35,15,0,1,1,129,31,20,60.8
ENG-Premier League,2122,Aston Villa,Matty Cash,POL,DF,23.0,37.5,8,0,0,45,50,2,94,90,44,0,1,0,285,44,56,44.0
ENG-Premier League,2122,Aston Villa,Morgan Sanson,FRA,MF,26.0,4.0,0,0,0,6,15,0,6,11,8,0,0,0,34,2,3,40.0
ENG-Premier League,2122,Aston Villa,Ollie Watkins,ENG,FW,25.0,32.8,7,0,0,38,48,17,23,17,14,1,0,0,104,88,120,42.3
ENG-Premier League,2122,Aston Villa,Opponent Total,,,26.7,38.0,83,1,0,604,488,39,432,499,406,5,3,2,3116,639,599,51.6
ENG-Premier League,2122,Aston Villa,Philippe Coutinho,BRA,"MF,FW",29.0,14.8,0,0,0,10,22,4,13,8,11,0,0,0,93,6,22,21.4
ENG-Premier League,2122,Aston Villa,Robin Olsen,SWE,GK,31.0,1.0,0,0,0,0,0,0,0,0,0,0,0,0,6,0,0,
ENG-Premier League,2122,Aston Villa,Squad Total,,,26.1,38.0,81,2,1,494,594,52,452,587,398,2,6,2,2957,599,639,48.4
ENG-Premier League,2122,Aston Villa,Tim Iroegbunam,ENG,MF,18.0,1.0,1,0,0,2,1,0,0,2,2,0,0,0,10,3,0,100.0
ENG-Premier League,2122,Aston Villa,Trézéguet,EGY,FW,26.0,0.1,0,0,0,0,0,0,0,0,0,0,0,0,0,0,0,
ENG-Premier League,2122,Aston Villa,Tyrone Mings,ENG,DF,28.0,35.4,11,0,0,29,27,1,4,78,21,0,1,0,314,95,49,66.0
ENG-Premier League,2122,Aston Villa,Wesley Moraes,BRA,FW,24.0,0.0,0,0,0,1,0,0,0,0,0,0,0,0,0,2,2,50.0
ENG-Premier League,2122,Brentford,Bryan Mbeumo,FRA,FW,21.0,32.3,4,0,0,23,41,13,54,23,25,0,0,0,179,34,123,21.7
ENG-Premier League,2122,Brentford,Charlie Goode,ENG,DF,25.0,5.0,3,0,0,7,8,0,14,5,5,0,1,0,58,19,9,67.9
ENG-Premier League,2122,Brentford,Christian Eriksen,DEN,MF,29.0,10.4,1,0,0,6,4,0,30,10,10,0,0,0,85,6,9,40.0
ENG-Premier League,2122,Brentford,Christian Nørgaard,DEN,MF,27.0,33.9,8,0,0,73,38,0,14,85,80,0,0,0,439,61,72,45.9
ENG-Premier League,2122,Brentford,David Raya,ESP,GK,25.0,24.0,1,0,0,1,2,0,0,0,0,0,1,0,126,0,0,
ENG-Premier League,2122,Brentford,Dominic Thompson,ENG,DF,21.0,1.6,0,0,0,1,1,0,1,3,1,0,0,0,12,1,2,33.3
ENG-Premier League,2122,Brentford,Ethan Pinnock,JAM,DF,28.0,29.9,1,0,0,12,19,1,28,56,38,0,0,0,349,151,71,68.0
ENG-Premier League,2122,Brentford,Finley Stevens,WAL,DF,18.0,0.2,0,0,0,0,0,0,0,0,0,0,0,0,3,1,0,100.0
ENG-Premier League,2122,Brentford,Frank Onyeka,NGA,MF,23.0,11.6,4,0,0,43,27,0,7,15,16,1,0,0,95,15,25,37.5
ENG-Premier League,2122,Brentford,Ivan Toney,ENG,FW,25.0,32.3,8,0,0,61,84,25,29,21,20,3,0,0,145,150,140,51.7
ENG-Premier League,2122,Brentford,Jonas Lössl,DEN,GK,32.0,2.0,0,0,0,0,0,0,0,0,0,0,0,0,8,0,0,
ENG-Premier League,2122,Brentford,Josh Dasilva,ENG,"MF,FW",22.0,2.9,0,1,0,3,5,0,4,4,2,0,0,0,30,1,3,25.0
ENG-Premier League,2122,Brentford,Kristoffer Ajer,NOR,DF,23.0,22.2,5,0,0,18,19,0,12,49,22,0,0,0,186,63,38,62.4
ENG-Premier League,2122,Brentford,Mads Bech Sørensen,DEN,DF,22.0,9.3,3,0,0,9,4,0,18,9,7,0,1,0,100,14,10,58.3
ENG-Premier League,2122,Brentford,Mads Bidstrup,DEN,MF,20.0,0.5,0,0,0,1,0,0,0,1,2,0,0,0,6,0,0,
ENG-Premier League,2122,Brentford,Mads Roerslev,DEN,DF,22.0,13.8,1,0,0,20,9,2,23,21,9,0,1,0,82,16,30,34.8
ENG-Premier League,2122,Brentford,Marcus Forss,FIN,"FW,MF",22.0,2.3,0,0,0,4,1,0,1,2,2,0,0,0,11,5,15,25.0
ENG-Premier League,2122,Brentford,Mathias Jensen,DEN,MF,25.0,17.8,0,0,0,20,10,3,32,33,28,0,0,0,147,10,18,35.7
ENG-Premier League,2122,Brentford,Mathias Jørgensen,DEN,DF,31.0,5.8,2,0,0,9,1,0,8,10,2,0,0,0,66,18,8,69.2
ENG-Premier League,2122,Brentford,Nathan Young-Coombes,ENG,FW,18.0,0.0,0,0,0,1,0,0,0,0,0,0,0,0,0,0,0,
ENG-Premier League,2122,Brentford,Opponent Total,,,26.8,38.0,50,3,0,443,435,71,504,581,323,5,5,2,3666,824,830,49.8
ENG-Premier League,2122,Brentford,Pontus Jansson,SWE,DF,30.0,36.9,7,0,0,20,12,5,1,69,25,1,0,0,374,131,82,61.5
ENG-Premier League,2122,Brentford,Rico Henry,ENG,DF,24.0,30.8,2,0,0,21,32,1,50,59,27,0,1,0,311,37,45,45.1
ENG-Premier League,2122,Brentford,Saman Ghoddos,IRN,"DF,MF",27.0,6.0,2,0,0,13,12,0,14,7,8,1,0,0,54,8,15,34.8
ENG-Premier League,2122,Brentford,Sergi Canós,ESP,DF,24.0,23.1,8,1,1,32,20,5,52,33,22,0,0,1,182,14,31,31.1
ENG-Premier League,2122,Brentford,Shandon Baptiste,GRN,MF,23.0,10.1,2,1,1,7,15,1,5,21,4,0,0,0,82,11,22,33.3
ENG-Premier League,2122,Brentford,Squad Total,,,25.4,38.0,65,3,2,447,430,66,433,589,398,6,5,2,3506,830,824,50.2
ENG-Premier League,2122,Brentford,Tariqe Fosu,GHA,DF,25.0,0.2,0,0,0,0,1,0,1,0,0,0,0,0,2,0,1,0.0
ENG-Premier League,2122,Brentford,Vitaly Janelt,GER,MF,23.0,25.5,3,0,0,31,35,3,23,44,35,0,0,0,239,38,28,57.6
ENG-Premier League,2122,Brentford,Yoane Wissa,COD,"FW,MF",24.0,14.3,0,0,0,11,27,7,12,9,8,0,0,0,67,26,27,49.1
ENG-Premier League,2122,Brentford,Álvaro Fernández,ESP,GK,23.0,12.0,0,0,0,0,3,0,0,0,0,0,0,1,68,0,0,
ENG-Premier League,2122,Brighton,Aaron Connolly,IRL,FW,21.0,1.7,0,0,0,1,7,0,1,0,0,0,0,0,7,0,7,0.0
ENG-Premier League,2122,Brighton,Adam Lallana,ENG,MF,33.0,17.3,4,0,0,14,23,0,8,27,22,0,0,0,186,14,13,51.9
ENG-Premier League,2122,Brighton,Adam Webster,ENG,DF,26.0,15.9,5,0,0,18,3,0,4,25,13,0,0,0,185,65,18,78.3
ENG-Premier League,2122,Brighton,Alexis Mac Allister,ARG,"MF,FW",22.0,23.6,4,0,0,38,47,4,21,24,51,0,0,0,245,28,29,49.1
ENG-Premier League,2122,Brighton,Dan Burn,ENG,DF,29.0,11.4,4,0,0,18,3,0,1,32,15,0,0,0,100,41,20,67.2
ENG-Premier League,2122,Brighton,Danny Welbeck,ENG,FW,30.0,16.4,0,0,0,19,19,4,6,5,12,1,0,0,51,47,66,41.6
ENG-Premier League,2122,Brighton,Enock Mwepu,ZAM,"MF,FW",23.0,11.1,2,0,0,24,17,2,9,16,14,1,1,0,104,12,30,28.6
ENG-Premier League,2122,Brighton,Evan Ferguson,IRL,MF,16.0,0.3,0,0,0,0,0,0,1,0,0,0,0,0,0,1,3,25.0
ENG-Premier League,2122,Brighton,Jakub Moder,POL,"MF,FW",22.0,18.9,1,0,0,23,11,0,28,22,29,0,0,0,146,23,41,35.9
ENG-Premier League,2122,Brighton,Jason Steele,ENG,GK,30.0,1.0,0,0,0,0,0,0,0,0,0,0,0,0,3,0,0,
ENG-Premier League,2122,Brighton,Jeremy Sarmiento,ECU,"FW,MF",19.0,0.5,0,0,0,0,3,0,0,1,1,0,0,0,6,1,2,33.3
ENG-Premier League,2122,Brighton,Joël Veltman,NED,DF,29.0,31.9,6,0,0,48,38,0,30,67,40,1,1,0,318,69,42,62.2
ENG-Premier League,2122,Brighton,Jürgen Locadia,NED,FW,27.0,0.3,0,0,0,1,1,0,0,0,1,0,0,0,1,0,0,
ENG-Premier League,2122,Brighton,Leandro Trossard,BEL,"FW,MF",26.0,31.2,2,0,0,28,39,13,62,29,24,1,1,0,196,10,32,23.8
ENG-Premier League,2122,Brighton,Lewis Dunk,ENG,DF,29.0,28.6,3,1,0,8,6,0,6,46,11,0,0,0,257,91,44,67.4
ENG-Premier League,2122,Brighton,Marc Cucurella,ESP,DF,23.0,34.3,6,0,0,35,36,3,94,72,62,0,0,0,348,54,46,54.0
ENG-Premier League,2122,Brighton,Moisés Caicedo,ECU,MF,19.0,7.3,2,0,0,9,16,1,2,12,12,0,0,0,84,11,6,64.7
ENG-Premier League,2122,Brighton,Neal Maupay,FRA,FW,24.0,25.3,7,0,0,37,39,6,5,10,12,0,0,0,117,24,78,23.5
ENG-Premier League,2122,Brighton,Opponent Total,,,26.9,38.0,80,0,0,463,449,42,444,654,383,3,7,2,3157,630,649,49.3
ENG-Premier League,2122,Brighton,Pascal Groß,GER,"MF,DF",30.0,22.6,1,0,0,19,11,4,66,16,21,0,0,0,184,18,30,37.5
ENG-Premier League,2122,Brighton,Robert Sánchez,ESP,GK,23.0,37.0,3,1,0,0,3,0,0,0,0,0,0,0,166,0,0,
ENG-Premier League,2122,Brighton,Shane Duffy,IRL,DF,29.0,16.0,7,0,0,20,7,1,0,18,9,0,0,0,152,81,23,77.9
ENG-Premier League,2122,Brighton,Solly March,ENG,"DF,FW",27.0,19.4,1,0,0,35,23,12,63,31,22,0,0,0,129,22,38,36.7
ENG-Premier League,2122,Brighton,Squad Total,,,26.2,38.0,72,2,0,468,445,53,486,559,452,4,4,0,3423,649,630,50.7
ENG-Premier League,2122,Brighton,Steven Alzate,COL,MF,22.0,4.5,0,0,0,6,8,0,2,14,8,0,0,0,61,7,12,36.8
ENG-Premier League,2122,Brighton,Tariq Lamptey,ENG,"DF,FW",20.0,17.3,4,0,0,31,54,3,72,37,23,0,0,0,121,9,32,22.0
ENG-Premier League,2122,Brighton,Taylor Richards,ENG,"MF,FW",20.0,0.3,0,0,0,2,2,0,0,0,0,0,0,0,5,0,1,0.0
ENG-Premier League,2122,Brighton,Yves Bissouma,MLI,MF,24.0,23.5,10,0,0,34,29,0,5,55,50,0,1,0,251,21,17,55.3
ENG-Premier League,2122,Burnley,Aaron Lennon,ENG,MF,34.0,17.2,2,0,0,23,25,4,30,15,18,0,1,0,91,10,26,27.8
ENG-Premier League,2122,Burnley,Ashley Barnes,ENG,FW,31.0,9.0,4,0,0,24,14,9,4,6,10,0,1,0,46,41,76,35.0
ENG-Premier League,2122,Burnley,Ashley Westwood,ENG,MF,31.0,25.4,7,0,0,32,25,0,37,43,23,0,1,0,268,10,21,32.3
ENG-Premier League,2122,Burnley,Ben Mee,ENG,DF,31.0,20.4,3,0,0,14,8,2,3,35,16,0,0,1,243,92,37,71.3
ENG-Premier League,2122,Burnley,Charlie Taylor,ENG,DF,27.0,30.3,3,0,0,20,48,0,67,72,24,0,0,0,275,66,34,66.0
ENG-Premier League,2122,Burnley,Chris Wood,NZL,FW,29.0,15.2,1,0,0,14,9,16,5,4,8,0,0,0,41,114,105,52.1
ENG-Premier League,2122,Burnley,Connor Roberts,WAL,DF,25.0,18.8,2,0,0,12,31,1,28,42,13,0,0,0,150,19,17,52.8
ENG-Premier League,2122,Burnley,Dale Stephens,ENG,MF,32.0,1.4,1,0,0,4,1,0,0,2,2,0,0,0,19,1,2,33.3
ENG-Premier League,2122,Burnley,Dwight McNeil,ENG,MF,21.0,34.5,1,0,0,22,49,1,112,67,36,0,0,0,272,20,24,45.5
ENG-Premier League,2122,Burnley,Erik Pieters,NED,DF,32.0,8.1,1,0,0,18,5,0,4,23,16,0,0,0,75,13,12,52.0
ENG-Premier League,2122,Burnley,Jack Cork,ENG,MF,32.0,18.6,4,0,0,40,14,1,7,34,8,0,0,0,185,36,25,59.0
ENG-Premier League,2122,Burnley,James Tarkowski,ENG,DF,28.0,34.5,11,0,0,34,22,2,2,72,42,0,0,1,377,171,78,68.7
ENG-Premier League,2122,Burnley,Jay Rodriguez,ENG,FW,32.0,15.4,3,0,0,37,19,17,8,6,10,0,0,0,68,61,86,41.5
ENG-Premier League,2122,Burnley,Josh Brownhill,ENG,MF,25.0,32.8,10,0,0,49,29,0,25,79,41,0,0,0,364,56,40,58.3
ENG-Premier League,2122,Burnley,Jóhann Berg Guðmundsson,ISL,MF,30.0,12.2,2,0,0,17,16,3,42,17,9,0,0,0,96,21,16,56.8
ENG-Premier League,2122,Burnley,Kevin Long,IRL,DF,30.0,4.6,1,0,0,6,1,1,0,7,5,0,0,0,32,14,4,77.8
ENG-Premier League,2122,Burnley,Matthew Lowton,ENG,DF,32.0,19.7,3,1,0,18,8,0,39,34,26,0,0,0,182,31,26,54.4
ENG-Premier League,2122,Burnley,Matěj Vydra,CZE,FW,29.0,7.5,1,0,0,13,11,5,3,3,8,0,0,0,24,19,62,23.5
ENG-Premier League,2122,Burnley,Maxwel Cornet,CIV,"FW,MF",24.0,19.6,2,0,0,23,23,26,22,11,11,2,0,0,114,40,70,36.4
ENG-Premier League,2122,Burnley,Nathan Collins,IRL,DF,20.0,18.6,2,1,0,20,14,4,4,37,23,0,1,0,231,83,44,65.4
ENG-Premier League,2122,Burnley,Nick Pope,ENG,GK,29.0,36.0,1,0,0,0,4,0,0,0,0,0,0,0,188,0,0,
ENG-Premier League,2122,Burnley,Opponent Total,,,26.7,38.0,44,0,0,405,460,53,557,455,306,3,2,2,3740,912,984,48.1
ENG-Premier League,2122,Burnley,Squad Total,,,28.5,38.0,68,2,0,473,398,101,450,617,361,2,4,2,3450,984,912,51.9
ENG-Premier League,2122,Burnley,Wayne Hennessey,WAL,GK,34.0,2.0,0,0,0,0,1,0,0,0,0,0,0,0,12,0,0,
ENG-Premier League,2122,Burnley,Wout Weghorst,NED,FW,28.0,16.1,3,0,0,33,21,9,8,8,12,0,0,0,97,66,107,38.2
ENG-Premier League,2122,Chelsea,Andreas Christensen,DEN,DF,25.0,16.6,2,0,0,13,7,0,2,52,12,0,0,0,168,60,37,61.9
ENG-Premier League,2122,Chelsea,Antonio Rüdiger,GER,DF,28.0,33.7,9,0,0,41,16,0,14,43,28,2,0,0,284,67,30,69.1
ENG-Premier League,2122,Chelsea,Ben Chilwell,ENG,DF,24.0,6.0,0,0,0,10,18,2,10,6,5,0,1,0,42,8,11,42.1
ENG-Premier League,2122,Chelsea,Callum Hudson-Odoi,ENG,"FW,MF",20.0,10.7,1,0,0,12,22,4,26,5,6,1,0,0,55,5,12,29.4
ENG-Premier League,2122,Chelsea,Christian Pulisic,USA,"MF,FW",22.0,14.3,2,0,0,14,35,4,13,11,9,0,0,0,79,15,33,31.3
ENG-Premier League,2122,Chelsea,César Azpilicueta,ESP,DF,31.0,23.0,3,0,0,29,8,2,37,37,31,0,1,0,169,52,34,60.5
ENG-Premier League,2122,Chelsea,Edouard Mendy,SEN,GK,29.0,34.0,3,0,0,1,3,0,0,0,0,0,1,0,131,0,0,
ENG-Premier League,2122,Chelsea,Emerson Palmieri,ITA,DF,26.0,0.1,0,0,0,0,0,0,0,0,0,0,0,0,0,0,0,
ENG-Premier League,2122,Chelsea,Hakim Ziyech,MAR,"FW,MF",28.0,14.7,3,0,0,30,38,5,65,20,11,0,0,0,131,11,18,37.9
ENG-Premier League,2122,Chelsea,Jorginho,ITA,MF,29.0,25.3,5,0,0,39,44,0,3,60,46,0,0,0,267,20,30,40.0
ENG-Premier League,2122,Chelsea,Kai Havertz,GER,"FW,MF",22.0,20.1,3,0,0,43,31,12,20,6,13,1,0,0,87,40,61,39.6
ENG-Premier League,2122,Chelsea,Kenedy,BRA,DF,25.0,0.6,0,0,0,1,0,0,3,0,2,0,0,0,5,0,1,0.0
ENG-Premier League,2122,Chelsea,Kepa Arrizabalaga,ESP,GK,26.0,4.0,0,0,0,0,1,0,0,0,0,0,0,0,16,0,0,
ENG-Premier League,2122,Chelsea,Malang Sarr,FRA,DF,22.0,6.1,2,0,0,9,1,0,4,12,4,0,0,0,51,14,7,66.7
ENG-Premier League,2122,Chelsea,Marcos Alonso,ESP,DF,30.0,24.1,8,0,0,33,34,3,64,66,28,0,1,0,216,59,26,69.4
ENG-Premier League,2122,Chelsea,Mason Mount,ENG,"MF,FW",22.0,26.3,4,0,0,37,29,5,79,20,29,0,0,0,145,11,39,22.0
ENG-Premier League,2122,Chelsea,Mateo Kovačić,CRO,MF,27.0,17.3,4,0,0,30,35,0,5,20,40,0,0,0,162,5,9,35.7
ENG-Premier League,2122,Chelsea,N'Golo Kanté,FRA,MF,30.0,19.7,2,0,0,30,26,0,11,44,34,0,0,0,176,18,19,48.6
ENG-Premier League,2122,Chelsea,Opponent Total,,,26.7,38.0,69,4,1,515,467,67,363,646,440,4,8,1,2818,547,623,46.8
ENG-Premier League,2122,Chelsea,Reece James,ENG,DF,21.0,20.7,4,1,0,18,37,4,82,21,23,0,0,1,167,22,24,47.8
ENG-Premier League,2122,Chelsea,Romelu Lukaku,BEL,FW,28.0,17.7,1,0,0,8,14,14,9,1,3,3,0,0,49,48,50,49.0
ENG-Premier League,2122,Chelsea,Ross Barkley,ENG,MF,27.0,2.0,0,0,0,2,7,0,1,2,1,0,0,0,12,6,2,75.0
ENG-Premier League,2122,Chelsea,Ruben Loftus-Cheek,ENG,"MF,DF",25.0,15.5,1,0,0,24,51,2,10,15,20,0,0,0,156,41,12,77.4
ENG-Premier League,2122,Chelsea,Saúl Ñíguez,ESP,"MF,DF",26.0,5.3,1,0,0,13,1,0,6,14,8,0,0,0,44,9,13,40.9
ENG-Premier League,2122,Chelsea,Squad Total,,,27.4,38.0,63,1,0,485,504,69,496,557,401,8,5,1,3152,623,547,53.2
ENG-Premier League,2122,Chelsea,Thiago Silva,BRA,DF,36.0,29.4,2,0,0,13,15,1,1,65,23,1,0,0,307,68,32,68.0
ENG-Premier League,2122,Chelsea,Timo Werner,GER,"FW,MF",25.0,14.3,1,0,0,13,15,11,28,4,4,0,0,0,72,9,22,29.0
ENG-Premier League,2122,Chelsea,Trevoh Chalobah,ENG,DF,22.0,16.1,2,0,0,22,16,0,3,33,21,0,1,0,161,35,25,58.3
ENG-Premier League,2122,Crystal Palace,Cheikhou Kouyaté,SEN,MF,31.0,21.9,3,0,0,37,30,0,5,45,34,0,0,0,259,56,27,67.5
ENG-Premier League,2122,Crystal Palace,Christian Benteke,BEL,FW,30.0,12.7,3,0,0,17,17,10,2,1,2,0,0,0,45,88,61,59.1
ENG-Premier League,2122,Crystal Palace,Conor Gallagher,ENG,MF,21.0,31.6,10,0,0,84,72,2,67,43,44,1,0,0,277,35,40,46.7
ENG-Premier League,2122,Crystal Palace,Eberechi Eze,ENG,"MF,FW",23.0,6.7,1,0,0,7,14,0,10,8,5,0,0,0,54,12,11,52.2
ENG-Premier League,2122,Crystal Palace,Jack Butland,ENG,GK,28.0,8.5,0,0,0,0,2,0,0,0,0,0,0,0,28,0,0,
ENG-Premier League,2122,Crystal Palace,James McArthur,SCO,MF,33.0,16.0,4,0,0,31,22,3,15,34,26,0,0,0,201,33,34,49.3
ENG-Premier League,2122,Crystal Palace,James Tomkins,ENG,DF,32.0,6.1,2,0,0,7,2,0,0,10,6,0,0,0,46,13,7,65.0
ENG-Premier League,2122,Crystal Palace,Jaïro Riedewald,NED,MF,24.0,1.3,0,0,0,1,0,0,0,0,2,0,0,0,12,0,2,0.0
ENG-Premier League,2122,Crystal Palace,Jean-Philippe Mateta,FRA,FW,24.0,12.7,2,0,0,19,10,14,9,4,5,0,0,0,46,42,53,44.2
ENG-Premier League,2122,Crystal Palace,Jeffrey Schlupp,GHA,"MF,FW",28.0,20.6,1,0,0,32,28,0,19,25,23,1,0,0,181,41,35,53.9
ENG-Premier League,2122,Crystal Palace,Jesuran Rak Sakyi,ENG,"FW,MF",18.0,0.9,0,0,0,1,4,0,1,3,0,0,0,0,5,0,1,0.0
ENG-Premier League,2122,Crystal Palace,Joachim Andersen,DEN,DF,25.0,32.4,4,0,0,19,8,1,14,60,23,0,0,1,287,84,43,66.1
ENG-Premier League,2122,Crystal Palace,Joel Ward,ENG,DF,31.0,27.6,8,0,0,30,25,1,30,54,28,0,0,0,242,80,37,68.4
ENG-Premier League,2122,Crystal Palace,Jordan Ayew,GHA,FW,29.0,22.4,2,0,0,42,70,1,50,28,34,1,0,0,156,31,62,33.3
ENG-Premier League,2122,Crystal Palace,Luka Milivojević,SRB,MF,30.0,8.6,1,0,0,17,12,0,15,9,13,0,1,1,96,17,8,68.0
ENG-Premier League,2122,Crystal Palace,Marc Guéhi,ENG,DF,21.0,35.8,4,0,0,19,37,0,2,58,22,0,1,0,340,85,58,59.4
ENG-Premier League,2122,Crystal Palace,Michael Olise,FRA,"FW,MF",19.0,12.7,4,0,0,18,33,1,48,13,15,0,0,0,101,9,21,30.0
ENG-Premier League,2122,Crystal Palace,Nathan Ferguson,ENG,DF,20.0,0.1,0,0,0,0,0,0,0,0,0,0,0,0,2,0,0,
ENG-Premier League,2122,Crystal Palace,Nathaniel Clyne,ENG,DF,30.0,15.0,1,0,0,4,6,0,13,33,11,0,0,0,104,12,10,54.5
ENG-Premier League,2122,Crystal Palace,Odsonne Édouard,FRA,FW,23.0,17.4,4,0,0,28,11,4,8,11,13,0,0,0,86,46,64,41.8
ENG-Premier League,2122,Crystal Palace,Opponent Total,,,26.8,38.0,74,3,2,579,481,52,420,580,487,2,8,0,3290,686,755,47.6
ENG-Premier League,2122,Crystal Palace,Squad Total,,,27.1,38.0,69,1,1,501,566,64,422,564,410,6,4,2,3364,755,686,52.4
ENG-Premier League,2122,Crystal Palace,Tyrick Mitchell,ENG,DF,21.0,34.5,1,0,0,22,17,2,56,79,54,1,0,0,316,33,40,45.2
ENG-Premier League,2122,Crystal Palace,Vicente Guaita,ESP,GK,34.0,29.5,2,0,0,1,2,0,0,0,0,0,1,0,148,0,0,
ENG-Premier League,2122,Crystal Palace,Wilfried Zaha,CIV,FW,28.0,30.7,6,1,1,41,124,25,49,24,35,1,0,0,212,19,52,26.8
ENG-Premier League,2122,Crystal Palace,Will Hughes,ENG,MF,26.0,11.7,6,0,0,24,20,0,9,22,15,1,1,0,120,19,20,48.7
ENG-Premier League,2122,Everton,Abdoulaye Doucouré,MLI,MF,28.0,28.2,6,0,0,54,20,1,8,41,45,0,0,0,355,44,52,45.8
ENG-Premier League,2122,Everton,Alex Iwobi,NGA,"MF,DF",25.0,22.6,1,0,0,21,10,3,30,40,28,0,1,0,148,9,36,20.0
ENG-Premier League,2122,Everton,Allan,BRA,MF,30.0,24.3,7,1,0,39,28,0,6,42,61,1,0,0,272,12,13,48.0
ENG-Premier League,2122,Everton,Andros Townsend,ENG,MF,30.0,16.2,3,0,0,10,44,1,56,21,15,0,1,0,120,5,22,18.5
ENG-Premier League,2122,Everton,André Gomes,POR,MF,28.0,6.9,3,0,0,33,8,0,3,11,9,0,0,0,82,6,13,31.6
ENG-Premier League,2122,Everton,Anthony Gordon,ENG,"MF,FW",20.0,25.4,4,0,0,30,69,8,71,36,36,2,0,0,166,18,47,27.7
ENG-Premier League,2122,Everton,Anwar El Ghazi,NED,FW,26.0,0.1,0,0,0,0,0,0,1,1,1,0,0,0,0,0,3,0.0
ENG-Premier League,2122,Everton,Asmir Begović,BIH,GK,34.0,3.0,0,0,0,0,0,0,0,0,0,0,0,0,11,0,0,
ENG-Premier League,2122,Everton,Ben Godfrey,ENG,DF,23.0,22.5,6,0,0,17,14,0,14,48,26,0,0,0,161,51,36,58.6
ENG-Premier League,2122,Everton,Cenk Tosun,TUR,FW,30.0,0.1,0,0,0,0,0,0,0,0,0,0,0,0,1,0,1,0.0
ENG-Premier League,2122,Everton,Dele Alli,ENG,MF,25.0,3.8,3,0,0,11,7,2,4,10,10,0,0,0,39,8,11,42.1
ENG-Premier League,2122,Everton,Demarai Gray,ENG,"MF,FW",25.0,26.0,3,0,0,14,45,3,57,16,19,0,0,0,142,6,53,10.2
ENG-Premier League,2122,Everton,Dominic Calvert-Lewin,ENG,FW,24.0,14.3,2,0,0,21,22,4,3,6,11,1,0,0,49,97,107,47.5
ENG-Premier League,2122,Everton,Donny van de Beek,NED,MF,24.0,5.4,1,0,0,11,1,0,6,9,9,0,0,0,63,6,3,66.7
ENG-Premier League,2122,Everton,Ellis Simms,ENG,FW,20.0,0.7,0,0,0,0,0,0,0,0,0,0,0,0,3,3,4,42.9
ENG-Premier League,2122,Everton,Fabian Delph,ENG,MF,31.0,7.4,2,0,0,11,7,0,1,19,13,0,0,0,83,5,5,50.0
ENG-Premier League,2122,Everton,Isaac Price,NIR,MF,17.0,0.2,0,0,0,0,0,0,0,1,0,0,0,0,0,0,0,
ENG-Premier League,2122,Everton,Jarrad Branthwaite,ENG,DF,19.0,4.3,0,1,0,2,4,0,0,8,2,0,0,0,37,13,6,68.4
ENG-Premier League,2122,Everton,Jean-Philippe Gbamin,CIV,MF,25.0,0.7,0,0,0,0,1,0,0,0,1,0,0,0,7,1,0,100.0
ENG-Premier League,2122,Everton,Jonjoe Kenny,ENG,DF,24.0,11.3,3,1,1,11,6,1,15,32,12,0,0,0,93,13,16,44.8
ENG-Premier League,2122,Everton,Jordan Pickford,ENG,GK,27.0,35.0,2,0,0,0,6,0,0,0,0,0,0,0,168,0,0,
ENG-Premier League,2122,Everton,Lewis Dobbin,ENG,"FW,MF",18.0,0.4,1,0,0,0,1,0,1,1,2,0,0,0,2,0,6,0.0
ENG-Premier League,2122,Everton,Lucas Digne,FRA,DF,28.0,13.0,4,0,0,17,11,0,34,31,17,0,0,1,138,25,14,64.1
ENG-Premier League,2122,Everton,Mason Holgate,ENG,DF,24.0,23.7,7,1,0,28,17,0,3,42,26,0,0,1,234,76,35,68.5
ENG-Premier League,2122,Everton,Michael Keane,ENG,DF,28.0,31.0,4,1,1,17,11,1,0,62,35,0,0,2,321,121,72,62.7
ENG-Premier League,2122,Everton,Moise Kean,ITA,FW,21.0,0.0,0,0,0,0,0,0,0,0,0,0,0,0,0,0,0,
ENG-Premier League,2122,Everton,Opponent Total,,,26.8,38.0,72,0,0,473,436,43,459,535,368,1,7,1,3515,866,711,54.9
ENG-Premier League,2122,Everton,Richarlison,BRA,"FW,MF",24.0,28.0,9,0,0,40,83,20,29,21,27,1,0,0,185,57,176,24.5
ENG-Premier League,2122,Everton,Salomón Rondón,VEN,FW,31.0,8.8,3,1,0,15,4,5,3,4,2,0,0,0,40,44,63,41.1
ENG-Premier League,2122,Everton,Squad Total,,,26.7,38.0,82,6,2,450,462,52,414,600,477,7,2,5,3396,711,866,45.1
ENG-Premier League,2122,Everton,Séamus Coleman,IRL,DF,32.0,29.5,4,0,0,19,20,2,40,54,42,1,0,1,269,34,34,50.0
ENG-Premier League,2122,Everton,Tom Davies,ENG,MF,23.0,2.6,1,0,0,4,3,0,0,8,2,0,0,0,20,5,3,62.5
ENG-Premier League,2122,Everton,Tyler Onyango,ENG,"MF,FW",18.0,0.3,0,0,0,1,0,0,0,1,0,0,0,0,1,1,1,50.0
ENG-Premier League,2122,Everton,Vitaliy Mykolenko,UKR,DF,22.0,11.7,0,0,0,15,11,0,27,25,14,1,0,0,101,13,17,43.3
ENG-Premier League,2122,Everton,Yerry Mina,COL,DF,26.0,9.4,3,0,0,9,9,1,2,10,12,0,0,0,85,38,17,69.1
ENG-Premier League,2122,Leeds United,Adam Forshaw,ENG,MF,29.0,17.0,5,0,0,38,21,2,5,30,28,0,0,0,190,13,15,46.4
ENG-Premier League,2122,Leeds United,Charlie Cresswell,ENG,DF,18.0,1.6,1,0,0,3,2,1,0,4,3,0,0,0,17,7,3,70.0
ENG-Premier League,2122,Leeds United,Cody Drameh,ENG,DF,19.0,1.4,1,0,0,2,0,0,2,3,3,0,0,0,9,0,2,0.0
ENG-Premier League,2122,Leeds United,Crysencio Summerville,NED,"MF,FW",19.0,1.4,0,0,0,1,2,0,4,5,4,0,0,0,16,1,5,16.7
ENG-Premier League,2122,Leeds United,Daniel James,WAL,"FW,MF",23.0,26.3,7,1,0,37,44,13,44,19,17,1,0,0,123,16,52,23.5
ENG-Premier League,2122,Leeds United,Diego Llorente,ESP,DF,27.0,26.0,7,0,0,29,27,0,2,61,35,0,0,0,275,64,64,50.0
ENG-Premier League,2122,Leeds United,Hélder Costa,ANG,MF,27.0,0.2,0,0,0,2,2,0,0,0,0,0,0,0,0,0,1,0.0
ENG-Premier League,2122,Leeds United,Illan Meslier,FRA,GK,21.0,37.6,2,0,0,0,9,0,0,0,0,0,0,0,161,0,0,
ENG-Premier League,2122,Leeds United,Jack Harrison,ENG,"FW,MF",24.0,29.3,3,0,0,31,27,4,92,41,32,0,0,0,197,23,65,26.1
ENG-Premier League,2122,Leeds United,Jamie Shackleton,ENG,"DF,MF",21.0,7.9,4,0,0,14,7,0,4,10,18,0,0,0,68,6,13,31.6
ENG-Premier League,2122,Leeds United,Joe Gelhardt,ENG,"FW,MF",19.0,8.3,4,0,0,21,28,5,5,4,6,2,0,0,41,8,31,20.5
ENG-Premier League,2122,Leeds United,Junior Firpo,ESP,DF,24.0,19.0,11,0,0,50,20,1,27,33,38,0,0,1,143,33,21,61.1
ENG-Premier League,2122,Leeds United,Kalvin Phillips,ENG,MF,25.0,17.7,4,0,0,43,24,0,7,34,43,0,0,0,215,23,26,46.9
ENG-Premier League,2122,Leeds United,Kristoffer Klaesson,NOR,GK,20.0,0.4,0,0,0,0,0,0,0,0,0,0,0,0,2,0,0,
ENG-Premier League,2122,Leeds United,Leo Fuhr Hjelde,NOR,DF,17.0,1.7,0,0,0,1,1,0,3,4,2,0,0,0,14,4,2,66.7
ENG-Premier League,2122,Leeds United,Lewis Bate,ENG,MF,18.0,1.6,0,0,0,2,1,0,0,5,0,0,0,0,17,1,2,33.3
ENG-Premier League,2122,Leeds United,Liam Cooper,SCO,DF,29.0,20.2,5,0,0,19,13,2,1,40,18,0,1,0,253,92,43,68.1
ENG-Premier League,2122,Leeds United,Liam McCarron,SCO,FW,20.0,0.1,0,0,0,0,0,0,0,0,0,0,0,0,1,0,0,
ENG-Premier League,2122,Leeds United,Luke Ayling,ENG,DF,29.0,25.2,4,1,0,28,24,2,25,54,45,0,1,0,263,49,51,49.0
ENG-Premier League,2122,Leeds United,Mateusz Klich,POL,MF,31.0,23.0,5,0,0,45,19,2,28,31,26,0,1,0,226,8,20,28.6
ENG-Premier League,2122,Leeds United,Opponent Total,,,26.9,38.0,74,3,3,463,567,53,368,670,416,4,5,0,3370,664,560,54.2
ENG-Premier League,2122,Leeds United,Pascal Struijk,NED,DF,21.0,22.8,6,1,0,29,10,1,0,63,35,0,0,0,230,47,36,56.6
ENG-Premier League,2122,Leeds United,Patrick Bamford,ENG,FW,27.0,6.2,2,0,0,7,8,5,4,3,2,0,0,0,19,5,15,25.0
ENG-Premier League,2122,Leeds United,Raphael Dias Belloli,BRA,"FW,MF",24.0,32.4,7,0,0,49,52,14,90,43,25,1,1,0,212,25,37,40.3
ENG-Premier League,2122,Leeds United,Robin Koch,GER,"MF,DF",25.0,17.5,3,0,0,25,11,0,2,34,20,0,0,0,168,54,47,53.5
ENG-Premier League,2122,Leeds United,Rodrigo,ESP,"MF,FW",30.0,25.2,9,0,0,27,32,4,28,19,18,0,0,0,139,29,50,36.7
ENG-Premier League,2122,Leeds United,Sam Greenwood,ENG,"MF,FW",19.0,2.6,0,0,0,7,1,1,4,2,2,0,0,0,24,2,4,33.3
ENG-Premier League,2122,Leeds United,Squad Total,,,26.1,38.0,101,3,0,567,449,62,436,627,473,4,5,1,3374,560,664,45.8
ENG-Premier League,2122,Leeds United,Stuart Dallas,NIR,"DF,MF",30.0,32.4,5,0,0,38,39,2,43,78,46,0,1,0,286,40,33,54.8
ENG-Premier League,2122,Leeds United,Stuart McKinstry,SCO,MF,18.0,0.0,0,0,0,0,0,0,0,0,0,0,0,0,2,0,0,
ENG-Premier League,2122,Leeds United,Tyler Roberts,WAL,"MF,FW",22.0,11.0,5,0,0,19,25,3,16,7,7,0,0,0,63,10,26,27.8
ENG-Premier League,2122,Leicester City,Ademola Lookman,NGA,"FW,MF",23.0,16.1,2,0,0,30,40,6,22,20,25,0,0,0,112,4,17,19.0
ENG-Premier League,2122,Leicester City,Ayoze Pérez,ESP,"MF,FW",28.0,4.9,0,1,0,8,12,0,4,9,6,0,0,0,30,8,16,33.3
ENG-Premier League,2122,Leicester City,Boubakary Soumaré,FRA,MF,22.0,12.2,0,0,0,20,21,0,5,17,13,0,0,0,108,29,14,67.4
ENG-Premier League,2122,Leicester City,Daniel Amartey,GHA,DF,26.0,23.6,4,0,0,17,9,1,0,30,12,0,0,0,211,45,38,54.2
ENG-Premier League,2122,Leicester City,Danny Ward,WAL,GK,28.0,1.0,0,0,0,0,0,0,0,0,0,0,0,0,2,0,0,
ENG-Premier League,2122,Leicester City,Hamza Choudhury,ENG,"DF,MF",23.0,3.2,1,0,0,6,7,0,0,16,2,0,0,0,24,14,1,93.3
ENG-Premier League,2122,Leicester City,Harvey Barnes,ENG,"FW,MF",23.0,23.3,2,0,0,22,27,10,40,10,13,0,0,0,131,25,48,34.2
ENG-Premier League,2122,Leicester City,James Justin,ENG,DF,23.0,11.1,0,0,0,8,14,1,11,27,21,0,0,0,97,17,17,50.0
ENG-Premier League,2122,Leicester City,James Maddison,ENG,"MF,FW",24.0,27.3,3,0,0,26,80,4,49,20,24,1,0,0,134,6,25,19.4
ENG-Premier League,2122,Leicester City,Jamie Vardy,ENG,FW,34.0,20.1,2,0,0,14,13,19,17,7,4,0,0,1,43,28,48,36.8
ENG-Premier League,2122,Leicester City,Jannik Vestergaard,DEN,DF,28.0,6.3,2,0,0,6,1,0,0,15,11,0,1,0,47,16,11,59.3
ENG-Premier League,2122,Leicester City,Jonny Evans,NIR,DF,33.0,15.0,3,0,0,16,12,0,3,31,18,0,0,0,180,53,18,74.6
ENG-Premier League,2122,Leicester City,Kasey McAteer,ENG,FW,19.0,0.0,0,0,0,0,0,0,0,0,0,0,0,0,0,0,0,
ENG-Premier League,2122,Leicester City,Kasper Schmeichel,DEN,GK,34.0,37.0,2,0,0,0,2,0,0,0,0,0,0,0,159,0,1,0.0
ENG-Premier League,2122,Leicester City,Kelechi Iheanacho,NGA,FW,24.0,14.0,1,0,0,26,12,7,10,4,9,0,0,0,61,15,46,24.6
ENG-Premier League,2122,Leicester City,Kiernan Dewsbury Hall,ENG,MF,22.0,23.4,4,0,0,28,41,0,50,27,25,0,0,0,210,23,26,46.9
ENG-Premier League,2122,Leicester City,Lewis Brunt,ENG,MF,20.0,0.3,0,0,0,0,0,0,0,0,0,0,0,0,2,0,2,0.0
ENG-Premier League,2122,Leicester City,Luke Thomas,ENG,DF,20.0,21.2,2,0,0,20,18,0,23,40,29,0,0,0,192,30,39,43.5
ENG-Premier League,2122,Leicester City,Marc Albrighton,ENG,"FW,DF",31.0,12.6,3,0,0,8,15,2,31,25,16,0,0,0,77,6,11,35.3
ENG-Premier League,2122,Leicester City,Nampalys Mendy,SEN,MF,29.0,11.5,3,0,0,22,21,0,0,13,12,0,0,0,111,6,10,37.5
ENG-Premier League,2122,Leicester City,Opponent Total,,,26.8,38.0,60,0,0,502,446,73,448,644,400,7,2,0,3274,611,625,49.4
ENG-Premier League,2122,Leicester City,Patson Daka,ZAM,FW,22.0,12.9,2,0,0,20,16,7,4,3,11,0,0,0,58,22,49,31.0
ENG-Premier League,2122,Leicester City,Ricardo Pereira,POR,DF,27.0,11.0,3,0,0,8,17,0,17,25,25,0,0,0,81,23,11,67.6
ENG-Premier League,2122,Leicester City,Ryan Bertrand,ENG,DF,31.0,3.7,1,0,0,5,1,0,1,3,4,0,0,0,17,3,5,37.5
ENG-Premier League,2122,Leicester City,Squad Total,,,26.5,38.0,55,1,0,456,491,60,345,532,440,1,9,1,3153,625,611,50.6
ENG-Premier League,2122,Leicester City,Timothy Castagne,BEL,DF,25.0,23.6,1,0,0,18,13,1,27,38,29,0,0,0,181,44,32,57.9
ENG-Premier League,2122,Leicester City,Wesley Fofana,FRA,DF,20.0,7.0,2,0,0,9,8,0,0,16,5,0,0,0,76,23,12,65.7
ENG-Premier League,2122,Leicester City,Wilfred Ndidi,NGA,"MF,DF",24.0,18.0,4,0,0,34,26,1,2,45,47,0,2,0,249,56,34,62.2
ENG-Premier League,2122,Leicester City,Youri Tielemans,BEL,MF,24.0,29.2,3,0,0,53,50,0,24,41,49,0,4,0,261,30,27,52.6
ENG-Premier League,2122,Leicester City,Çağlar Söyüncü,TUR,DF,25.0,27.7,5,0,0,32,15,1,5,50,30,0,2,0,299,99,53,65.1
ENG-Premier League,2122,Liverpool,Alex Oxlade-Chamberlain,ENG,"MF,FW",27.0,8.7,0,0,0,12,7,2,22,8,14,0,0,0,65,5,12,29.4
ENG-Premier League,2122,Liverpool,Alisson,BRA,GK,28.0,36.0,0,0,0,0,5,0,0,0,0,0,0,1,224,0,0,
ENG-Premier League,2122,Liverpool,Andrew Robertson,SCO,DF,27.0,28.2,5,1,0,21,11,4,89,49,17,0,0,0,248,33,13,71.7
ENG-Premier League,2122,Liverpool,Caoimhín Kelleher,IRL,GK,22.0,2.0,0,0,0,0,1,0,0,0,0,0,0,0,11,0,0,
ENG-Premier League,2122,Liverpool,Curtis Jones,ENG,MF,20.0,9.5,0,0,0,12,26,1,2,10,9,0,0,0,76,7,10,41.2
ENG-Premier League,2122,Liverpool,Diogo Jota,POR,FW,24.0,26.3,3,0,0,40,45,5,16,17,21,2,0,0,141,37,96,27.8
ENG-Premier League,2122,Liverpool,Divock Origi,BEL,FW,26.0,1.5,0,0,0,3,2,0,1,3,0,0,0,0,12,3,5,37.5
ENG-Premier League,2122,Liverpool,Fabinho,BRA,MF,27.0,25.7,7,0,0,49,39,0,6,56,37,0,0,0,312,45,28,61.6
ENG-Premier League,2122,Liverpool,Harvey Elliott,ENG,MF,18.0,3.8,0,0,0,2,7,0,7,3,1,0,0,0,45,1,4,20.0
ENG-Premier League,2122,Liverpool,Ibrahima Konaté,FRA,DF,22.0,11.0,2,0,0,13,3,0,0,28,8,0,0,0,128,41,16,71.9
ENG-Premier League,2122,Liverpool,James Milner,ENG,"MF,DF",35.0,9.5,2,0,0,17,20,0,20,22,23,0,0,0,109,14,11,56.0
ENG-Premier League,2122,Liverpool,Joe Gomez,ENG,DF,24.0,3.7,2,0,0,5,3,0,17,12,4,0,0,0,44,13,6,68.4
ENG-Premier League,2122,Liverpool,Jordan Henderson,ENG,MF,31.0,28.9,3,0,0,33,13,3,48,43,24,0,0,0,322,23,20,53.5
ENG-Premier League,2122,Liverpool,Joël Matip,CMR,DF,29.0,31.0,2,0,0,16,19,0,0,66,36,0,0,0,376,120,55,68.6
ENG-Premier League,2122,Liverpool,Kaide Gordon,ENG,FW,16.0,0.1,0,0,0,1,0,0,0,0,0,0,0,0,0,0,1,0.0
ENG-Premier League,2122,Liverpool,Kostas Tsimikas,GRE,DF,25.0,9.7,3,0,0,22,8,0,57,14,10,0,0,0,93,10,11,47.6
ENG-Premier League,2122,Liverpool,Luis Díaz,COL,FW,24.0,10.6,0,0,0,16,21,3,22,4,10,0,0,0,81,10,28,26.3
ENG-Premier League,2122,Liverpool,Mohamed Salah,EGY,FW,29.0,30.7,1,0,0,13,30,12,51,15,7,2,0,0,176,13,46,22.0
ENG-Premier League,2122,Liverpool,Naby Keïta,GUI,MF,26.0,13.0,3,0,0,30,14,0,7,20,28,0,0,0,128,8,16,33.3
ENG-Premier League,2122,Liverpool,Neco Williams,WAL,DF,20.0,0.1,0,0,0,0,0,0,1,0,0,0,0,0,0,0,2,0.0
ENG-Premier League,2122,Liverpool,Opponent Total,,,26.7,38.0,63,3,0,417,410,144,309,735,413,0,7,0,3056,549,621,46.9
ENG-Premier League,2122,Liverpool,Roberto Firmino,BRA,FW,29.0,11.0,3,0,0,9,9,3,8,4,21,0,0,0,69,13,30,30.2
ENG-Premier League,2122,Liverpool,Sadio Mané,SEN,FW,29.0,31.3,5,0,0,52,61,19,51,15,18,1,0,0,176,29,54,34.9
ENG-Premier League,2122,Liverpool,Squad Total,,,27.7,38.0,50,1,0,422,395,63,554,552,366,5,0,1,3804,621,549,53.1
ENG-Premier League,2122,Liverpool,Takumi Minamino,JPN,"FW,MF",26.0,2.1,1,0,0,4,4,0,0,3,2,0,0,0,9,3,4,42.9
ENG-Premier League,2122,Liverpool,Thiago Alcántara,ESP,MF,30.0,17.0,2,0,0,25,26,0,2,35,40,0,0,0,217,37,16,69.8
ENG-Premier League,2122,Liverpool,Trent Alexander-Arnold,ENG,DF,22.0,31.7,2,0,0,16,9,11,127,76,24,0,0,0,319,18,22,45.0
ENG-Premier League,2122,Liverpool,Tyler Morton,ENG,MF,18.0,0.7,1,0,0,1,0,0,0,2,0,0,0,0,13,3,3,50.0
ENG-Premier League,2122,Liverpool,Virgil van Dijk,NED,DF,30.0,34.0,3,0,0,10,12,0,0,47,12,0,0,0,410,135,40,77.1
ENG-Premier League,2122,Manchester City,Aymeric Laporte,ESP,DF,27.0,31.4,5,1,0,15,13,2,5,33,17,1,0,0,288,73,36,67.0
ENG-Premier League,2122,Manchester City,Benjamin Mendy,FRA,DF,27.0,0.9,0,0,0,3,0,0,4,0,1,0,0,0,7,2,2,50.0
ENG-Premier League,2122,Manchester City,Bernardo Silva,POR,"MF,FW",26.0,31.7,6,0,0,36,37,9,65,32,33,1,0,0,214,14,19,42.4
ENG-Premier League,2122,Manchester City,CJ Egan-Riley,ENG,DF,18.0,0.0,0,0,0,0,0,0,0,0,1,0,0,0,0,0,0,
ENG-Premier League,2122,Manchester City,Cole Palmer,ENG,"FW,MF",19.0,1.4,0,0,0,2,1,0,4,2,2,0,0,0,7,2,0,100.0
ENG-Premier League,2122,Manchester City,Ederson,BRA,GK,27.0,37.0,3,0,0,1,7,0,0,0,0,0,1,0,121,0,0,
ENG-Premier League,2122,Manchester City,Fernandinho,BRA,"MF,DF",36.0,10.7,1,0,0,22,16,0,4,14,16,0,0,0,109,21,15,58.3
ENG-Premier League,2122,Manchester City,Ferrán Torres,ESP,FW,21.0,3.4,0,0,0,1,1,1,2,1,1,0,0,0,12,1,3,25.0
ENG-Premier League,2122,Manchester City,Gabriel Jesus,BRA,FW,24.0,20.9,1,0,0,30,31,10,27,18,12,2,0,0,128,21,41,33.9
ENG-Premier League,2122,Manchester City,Jack Grealish,ENG,FW,25.0,21.3,3,0,0,18,65,5,36,16,15,0,0,0,106,16,30,34.8
ENG-Premier League,2122,Manchester City,James Mcatee,ENG,"MF,FW",18.0,0.2,0,0,0,2,0,0,0,1,0,0,0,0,3,1,0,100.0
ENG-Premier League,2122,Manchester City,John Stones,ENG,DF,27.0,12.4,0,0,0,3,9,0,1,17,4,0,0,0,86,54,11,83.1
ENG-Premier League,2122,Manchester City,João Cancelo,POR,DF,27.0,35.9,7,0,0,37,37,2,103,75,54,0,0,0,349,49,45,52.1
ENG-Premier League,2122,Manchester City,Kayky Chagas,BRA,FW,18.0,0.1,0,0,0,0,0,0,0,0,0,0,0,0,0,0,0,
ENG-Premier League,2122,Manchester City,Kevin De Bruyne,BEL,MF,30.0,24.5,2,0,0,25,36,5,101,14,14,0,0,0,174,15,29,34.1
ENG-Premier League,2122,Manchester City,Kyle Walker,ENG,DF,31.0,19.5,1,0,0,7,13,1,28,25,16,0,0,0,155,21,17,55.3
ENG-Premier League,2122,Manchester City,Liam Delap,ENG,FW,18.0,0.1,0,0,0,1,1,0,0,0,0,1,0,0,0,0,0,
ENG-Premier League,2122,Manchester City,Nathan Aké,NED,DF,26.0,10.3,0,0,0,8,5,0,0,18,5,0,0,0,78,41,8,83.7
ENG-Premier League,2122,Manchester City,Oleksandr Zinchenko,UKR,DF,24.0,11.6,0,0,0,11,4,1,28,18,11,0,0,0,114,17,16,51.5
ENG-Premier League,2122,Manchester City,Opponent Total,,,26.9,38.0,68,3,2,453,360,94,250,597,424,1,9,3,2402,433,530,45.0
ENG-Premier League,2122,Manchester City,Phil Foden,ENG,FW,21.0,23.6,1,0,0,17,38,13,59,17,15,0,0,0,115,8,33,19.5
ENG-Premier League,2122,Manchester City,Raheem Sterling,ENG,FW,26.0,23.6,1,0,0,27,46,9,52,15,18,2,0,0,112,5,28,15.2
ENG-Premier League,2122,Manchester City,Riyad Mahrez,ALG,FW,30.0,16.6,0,0,0,10,18,3,54,13,6,0,0,0,109,12,16,42.9
ENG-Premier League,2122,Manchester City,Rodri,ESP,MF,25.0,32.0,5,0,0,50,37,0,8,40,46,0,0,0,415,91,33,73.4
ENG-Premier League,2122,Manchester City,Rúben Dias,POR,DF,24.0,26.7,5,0,0,30,10,2,5,38,27,0,0,0,217,53,36,59.6
ENG-Premier League,2122,Manchester City,Squad Total,,,27.0,38.0,42,1,0,373,442,65,610,434,325,7,1,0,3058,530,433,55.0
ENG-Premier League,2122,Manchester City,Zack Steffen,USA,GK,26.0,1.0,0,0,0,0,0,0,0,0,0,0,0,0,7,0,0,
ENG-Premier League,2122,Manchester City,İlkay Gündoğan,GER,MF,30.0,20.6,1,0,0,17,17,2,24,27,11,0,0,0,132,13,15,46.4
ENG-Premier League,2122,Manchester Utd,Aaron Wan-Bissaka,ENG,DF,23.0,19.9,2,0,0,19,17,1,22,51,25,0,1,0,164,19,31,38.0
ENG-Premier League,2122,Manchester Utd,Alejandro Garnacho,ESP,FW,17.0,0.1,0,0,0,1,1,0,0,0,0,0,0,0,0,0,0,
ENG-Premier League,2122,Manchester Utd,Alex Telles,BRA,DF,28.0,18.4,1,0,0,26,16,1,63,36,27,0,2,0,131,31,22,58.5
ENG-Premier League,2122,Manchester Utd,Anthony Elanga,SWE,FW,19.0,13.5,0,0,0,11,24,3,16,19,17,0,0,0,67,27,25,51.9
ENG-Premier League,2122,Manchester Utd,Anthony Martial,FRA,FW,25.0,2.4,0,0,0,1,4,2,5,1,1,0,0,0,5,5,3,62.5
ENG-Premier League,2122,Manchester Utd,Bruno Fernandes,POR,MF,26.0,34.6,10,0,0,44,60,3,82,38,45,0,0,0,258,23,33,41.1
ENG-Premier League,2122,Manchester Utd,Cristiano Ronaldo,POR,FW,36.0,27.3,8,0,0,16,26,34,12,5,8,2,0,0,101,48,58,45.3
ENG-Premier League,2122,Manchester Utd,Daniel James,WAL,FW,23.0,1.4,0,0,0,1,1,2,5,0,4,0,0,0,12,0,1,0.0
ENG-Premier League,2122,Manchester Utd,David de Gea,ESP,GK,30.0,38.0,0,0,0,0,1,0,0,0,0,0,0,0,113,0,0,
ENG-Premier League,2122,Manchester Utd,Diogo Dalot,POR,DF,22.0,20.0,4,0,0,20,7,1,46,44,33,0,0,0,178,38,22,63.3
ENG-Premier League,2122,Manchester Utd,Donny van de Beek,NED,MF,24.0,0.8,0,0,0,4,2,0,0,2,3,0,0,0,11,3,3,50.0
ENG-Premier League,2122,Manchester Utd,Edinson Cavani,URU,FW,34.0,8.5,0,0,0,9,6,6,3,9,2,0,0,0,34,5,15,25.0
ENG-Premier League,2122,Manchester Utd,Eric Bailly,CIV,DF,27.0,2.4,1,0,0,2,0,0,0,8,3,0,0,1,23,5,2,71.4
ENG-Premier League,2122,Manchester Utd,Fred,BRA,MF,28.0,22.5,5,0,0,43,35,0,2,49,38,1,0,1,253,16,14,53.3
ENG-Premier League,2122,Manchester Utd,Hannibal Mejbri,TUN,FW,18.0,0.8,2,0,0,4,0,1,0,1,0,0,0,0,5,0,1,0.0
ENG-Premier League,2122,Manchester Utd,Harry Maguire,ENG,DF,28.0,27.9,9,1,1,23,23,1,1,53,26,0,0,1,284,102,36,73.9
ENG-Premier League,2122,Manchester Utd,Jadon Sancho,ENG,"FW,MF",21.0,21.1,0,0,0,7,9,7,32,24,13,0,0,0,145,2,22,8.3
ENG-Premier League,2122,Manchester Utd,Jesse Lingard,ENG,"FW,MF",28.0,4.1,1,0,0,6,5,1,8,4,6,0,0,0,26,0,1,0.0
ENG-Premier League,2122,Manchester Utd,Juan Mata,ESP,MF,33.0,2.6,0,0,0,2,4,2,6,2,6,0,0,0,29,0,1,0.0
ENG-Premier League,2122,Manchester Utd,Luke Shaw,ENG,DF,26.0,17.8,8,0,0,35,18,2,44,15,13,0,1,0,145,22,20,52.4
ENG-Premier League,2122,Manchester Utd,Marcus Rashford,ENG,"FW,MF",23.0,13.7,2,0,0,13,21,14,25,12,6,0,0,0,67,15,29,34.1
ENG-Premier League,2122,Manchester Utd,Mason Greenwood,ENG,"FW,MF",19.0,14.1,1,0,0,21,22,3,25,4,8,0,0,0,81,6,9,40.0
ENG-Premier League,2122,Manchester Utd,Nemanja Matić,SRB,MF,32.0,15.4,3,0,0,32,7,0,5,32,28,0,0,0,165,34,21,61.8
ENG-Premier League,2122,Manchester Utd,Opponent Total,,,27.0,38.0,48,1,0,425,465,72,420,691,418,3,5,1,3099,498,640,43.8
ENG-Premier League,2122,Manchester Utd,Paul Pogba,FRA,"MF,FW",28.0,15.0,7,1,0,45,39,0,15,19,13,0,0,0,126,39,26,60.0
ENG-Premier League,2122,Manchester Utd,Phil Jones,ENG,DF,29.0,1.8,0,0,0,0,3,0,0,5,4,0,0,0,12,1,0,100.0
ENG-Premier League,2122,Manchester Utd,Raphaël Varane,FRA,DF,28.0,20.3,0,0,0,7,7,0,0,35,16,0,0,0,184,63,34,64.9
ENG-Premier League,2122,Manchester Utd,Scott McTominay,SCO,MF,24.0,26.5,9,0,0,58,47,1,8,47,33,0,1,0,286,73,36,67.0
ENG-Premier League,2122,Manchester Utd,Shola Shoretire,ENG,FW,17.0,0.2,0,0,0,0,1,0,0,0,0,0,0,0,1,0,1,0.0
ENG-Premier League,2122,Manchester Utd,Squad Total,,,27.2,38.0,77,2,1,474,414,87,425,566,388,3,5,3,3158,640,498,56.2
ENG-Premier League,2122,Manchester Utd,Victor Lindelöf,SWE,DF,27.0,26.2,4,0,0,24,8,2,0,51,10,0,0,0,252,63,32,66.3
ENG-Premier League,2122,Newcastle Utd,Allan Saint-Maximin,FRA,"FW,MF",24.0,31.2,6,0,0,24,71,13,69,21,6,0,0,0,179,19,30,38.8
ENG-Premier League,2122,Newcastle Utd,Bruno Guimarães,BRA,MF,23.0,11.5,4,0,0,22,46,4,9,19,39,0,0,0,121,6,12,33.3
ENG-Premier League,2122,Newcastle Utd,Callum Wilson,ENG,FW,29.0,15.4,4,0,0,31,26,17,5,4,6,0,0,0,40,30,78,27.8
ENG-Premier League,2122,Newcastle Utd,Chris Wood,NZL,FW,29.0,14.7,0,0,0,22,13,10,2,2,3,1,0,0,51,146,128,53.3
ENG-Premier League,2122,Newcastle Utd,Ciaran Clark,IRL,DF,31.0,11.3,2,1,0,6,7,1,3,15,13,0,1,0,86,34,15,69.4
ENG-Premier League,2122,Newcastle Utd,Dan Burn,ENG,DF,29.0,16.0,4,0,0,13,5,5,1,29,12,0,0,0,173,90,28,76.3
ENG-Premier League,2122,Newcastle Utd,Dwight Gayle,ENG,FW,30.0,0.4,1,0,0,2,2,0,0,1,0,0,0,0,1,1,3,25.0
ENG-Premier League,2122,Newcastle Utd,Emil Krafth,SWE,DF,26.0,18.2,5,0,0,27,12,0,18,48,20,0,0,0,142,32,27,54.2
ENG-Premier League,2122,Newcastle Utd,Fabian Schär,SUI,DF,29.0,24.0,4,0,0,33,13,3,6,75,11,0,0,0,208,51,45,53.1
ENG-Premier League,2122,Newcastle Utd,Federico Fernández,ARG,DF,32.0,5.8,0,0,0,2,2,0,0,13,1,0,0,0,34,10,5,66.7
ENG-Premier League,2122,Newcastle Utd,Freddie Woodman,ENG,GK,24.0,4.0,0,0,0,0,0,0,0,0,0,0,0,0,15,0,0,
ENG-Premier League,2122,Newcastle Utd,Isaac Hayden,ENG,"MF,DF",26.0,11.1,5,0,0,24,9,0,5,20,18,0,0,0,77,24,15,61.5
ENG-Premier League,2122,Newcastle Utd,Jacob Murphy,ENG,"FW,DF",26.0,16.4,4,0,0,24,17,2,49,33,17,0,1,0,123,13,34,27.7
ENG-Premier League,2122,Newcastle Utd,Jamaal Lascelles,ENG,DF,27.0,22.9,5,0,0,23,4,0,5,35,11,0,3,2,177,99,35,73.9
ENG-Premier League,2122,Newcastle Utd,Jamal Lewis,NIR,DF,23.0,2.9,1,0,0,2,3,0,3,6,6,0,0,0,23,2,6,25.0
ENG-Premier League,2122,Newcastle Utd,Javier Manquillo,ESP,DF,27.0,14.0,5,0,0,8,18,1,10,23,24,0,0,0,100,16,15,51.6
ENG-Premier League,2122,Newcastle Utd,Jeff Hendrick,IRL,MF,29.0,0.8,0,0,0,2,0,0,0,0,1,0,0,0,6,1,1,50.0
ENG-Premier League,2122,Newcastle Utd,Joe Willock,ENG,MF,21.0,22.6,0,0,0,41,32,0,13,30,44,0,0,0,147,19,36,34.5
ENG-Premier League,2122,Newcastle Utd,Joelinton,BRA,"MF,FW",24.0,28.4,8,0,0,79,48,3,18,48,44,0,0,0,241,106,107,49.8
ENG-Premier League,2122,Newcastle Utd,Jonjo Shelvey,ENG,MF,29.0,22.0,7,1,1,20,11,0,13,35,14,0,0,0,213,13,14,48.1
ENG-Premier League,2122,Newcastle Utd,Karl Darlow,ENG,GK,30.0,8.0,1,0,0,1,2,0,0,0,0,0,1,0,31,0,0,
ENG-Premier League,2122,Newcastle Utd,Kieran Trippier,ENG,DF,30.0,4.8,0,0,0,5,3,0,11,11,13,0,0,0,46,12,5,70.6
ENG-Premier League,2122,Newcastle Utd,Martin Dúbravka,SVK,GK,32.0,26.0,1,0,0,0,6,0,0,0,0,0,0,0,106,0,0,
ENG-Premier League,2122,Newcastle Utd,Matt Ritchie,SCO,DF,31.0,14.9,5,0,0,12,11,0,45,30,7,0,0,0,118,14,21,40.0
ENG-Premier League,2122,Newcastle Utd,Matt Targett,ENG,DF,25.0,16.0,1,0,0,11,13,1,30,35,23,0,0,0,136,24,21,53.3
ENG-Premier League,2122,Newcastle Utd,Miguel Almirón,PAR,"MF,FW",27.0,19.1,2,0,0,20,27,9,22,25,33,0,0,0,122,5,18,21.7
ENG-Premier League,2122,Newcastle Utd,Opponent Total,,,26.8,38.0,75,3,0,461,484,58,468,429,413,5,3,3,3380,740,791,48.3
ENG-Premier League,2122,Newcastle Utd,Paul Dummett,WAL,DF,29.0,2.2,2,0,0,4,3,0,3,4,4,0,0,0,10,3,3,50.0
ENG-Premier League,2122,Newcastle Utd,Ryan Fraser,SCO,"FW,MF",27.0,16.3,3,0,0,12,24,2,61,16,4,0,0,0,82,7,23,23.3
ENG-Premier League,2122,Newcastle Utd,Sean Longstaff,ENG,MF,23.0,16.3,1,0,0,26,20,0,5,20,33,0,0,0,156,14,15,48.3
ENG-Premier League,2122,Newcastle Utd,Squad Total,,,27.5,38.0,81,2,1,496,448,71,406,598,407,1,6,2,2964,791,740,51.7
ENG-Premier League,2122,Norwich City,Adam Idah,IRL,"FW,MF",20.0,6.9,0,0,0,10,12,10,11,4,6,0,0,0,34,16,36,30.8
ENG-Premier League,2122,Norwich City,Andrew Omobamidele,IRL,DF,19.0,4.2,1,0,0,5,5,0,0,10,3,0,0,0,51,6,10,37.5
ENG-Premier League,2122,Norwich City,Angus Gunn,ENG,GK,25.0,9.0,0,0,0,0,0,0,0,0,0,0,0,0,39,0,0,
ENG-Premier League,2122,Norwich City,Bali Mumba,ENG,DF,19.0,0.5,0,0,0,0,0,0,0,1,0,0,0,0,2,0,1,0.0
ENG-Premier League,2122,Norwich City,Ben Gibson,ENG,DF,28.0,27.7,5,1,1,14,10,0,0,48,17,0,2,0,200,67,33,67.0
ENG-Premier League,2122,Norwich City,Billy Gilmour,SCO,MF,20.0,20.6,2,0,0,45,21,1,19,33,22,0,1,0,177,12,26,31.6
ENG-Premier League,2122,Norwich City,Brandon Williams,ENG,DF,20.0,23.6,8,0,0,26,53,0,18,61,29,0,0,0,172,22,20,52.4
ENG-Premier League,2122,Norwich City,Christoph Zimmermann,GER,DF,28.0,1.7,0,0,0,1,2,0,0,3,3,0,0,0,16,2,1,66.7
ENG-Premier League,2122,Norwich City,Christos Tzolis,GRE,"FW,MF",19.0,3.7,0,0,0,3,5,2,9,2,2,0,0,0,25,4,18,18.2
ENG-Premier League,2122,Norwich City,Dimitris Giannoulis,GRE,DF,25.0,13.0,2,0,0,18,26,0,30,36,23,0,0,0,119,10,9,52.6
ENG-Premier League,2122,Norwich City,Grant Hanley,SCO,DF,29.0,32.2,2,0,0,28,24,2,1,65,38,0,1,0,252,116,37,75.8
ENG-Premier League,2122,Norwich City,Jakob Sørensen,DEN,"MF,DF",23.0,6.7,0,0,0,7,1,0,0,15,16,0,1,0,56,14,12,53.8
ENG-Premier League,2122,Norwich City,Jon Rowe,ENG,"FW,MF",18.0,2.5,0,0,0,6,8,1,5,4,3,0,0,0,15,2,11,15.4
ENG-Premier League,2122,Norwich City,Josh Sargent,USA,"FW,MF",21.0,17.5,1,0,0,13,29,4,13,21,17,0,0,0,103,42,53,44.2
ENG-Premier League,2122,Norwich City,Kenny McLean,SCO,MF,29.0,30.1,3,0,0,23,45,3,26,55,24,0,1,0,229,86,69,55.5
ENG-Premier League,2122,Norwich City,Kieran Dowell,ENG,"FW,MF",23.0,10.1,0,0,0,26,4,0,20,9,7,0,0,0,49,13,28,31.7
ENG-Premier League,2122,Norwich City,Lukas Rupp,GER,MF,30.0,8.5,0,0,0,11,11,0,4,17,8,0,0,0,94,6,8,42.9
ENG-Premier League,2122,Norwich City,Mathias Normann,NOR,MF,25.0,18.3,6,0,0,49,30,1,15,25,24,0,1,0,189,32,15,68.1
ENG-Premier League,2122,Norwich City,Max Aarons,ENG,DF,21.0,32.0,8,0,0,31,59,1,45,56,37,0,2,1,177,15,51,22.7
ENG-Premier League,2122,Norwich City,Milot Rashica,KVX,"FW,MF",25.0,24.8,0,0,0,28,52,13,80,36,21,0,0,0,139,17,38,30.9
ENG-Premier League,2122,Norwich City,Opponent Total,,,26.8,38.0,62,2,1,504,461,57,537,540,372,8,3,2,3366,669,585,53.3
ENG-Premier League,2122,Norwich City,Ozan Kabak,TUR,DF,21.0,10.2,2,0,0,12,13,0,0,22,11,0,2,0,80,29,20,59.2
ENG-Premier League,2122,Norwich City,Pierre Lees-Melou,FRA,MF,28.0,25.2,5,0,0,50,25,2,30,42,40,1,0,0,230,15,23,39.5
ENG-Premier League,2122,Norwich City,Przemysław Płacheta,POL,"FW,MF",23.0,5.6,1,0,0,2,8,0,10,9,3,0,0,0,34,3,10,23.1
ENG-Premier League,2122,Norwich City,Sam Byram,ENG,DF,27.0,11.4,3,0,0,16,4,0,8,38,15,0,1,0,91,35,22,61.4
ENG-Premier League,2122,Norwich City,Squad Total,,,26.2,38.0,57,1,1,475,493,54,374,633,392,2,12,2,2883,585,669,46.7
ENG-Premier League,2122,Norwich City,Teemu Pukki,FIN,FW,31.0,36.1,4,0,0,44,29,12,25,17,11,1,0,0,124,16,108,12.9
ENG-Premier League,2122,Norwich City,Tim Krul,NED,GK,33.0,29.0,1,0,0,0,1,0,0,0,0,0,0,1,146,0,0,
ENG-Premier League,2122,Norwich City,Todd Cantwell,ENG,"FW,MF",23.0,4.9,2,0,0,6,12,2,3,4,11,0,0,0,32,4,5,44.4
ENG-Premier League,2122,Norwich City,Tony Springett,ENG,"FW,MF",18.0,1.6,1,0,0,1,4,0,2,0,1,0,0,0,8,1,5,16.7
ENG-Premier League,2122,Southampton,Adam Armstrong,ENG,FW,24.0,15.7,1,0,0,15,9,2,22,9,7,1,0,0,57,14,38,26.9
ENG-Premier League,2122,Southampton,Alex McCarthy,ENG,GK,31.0,17.0,1,0,0,0,1,0,0,0,0,0,0,0,61,0,0,
ENG-Premier League,2122,Southampton,Armando Broja,ALB,FW,19.0,21.9,2,0,0,38,32,13,19,13,12,1,0,0,100,94,175,34.9
ENG-Premier League,2122,Southampton,Che Adams,SCO,FW,25.0,22.7,0,0,0,31,47,7,11,10,9,0,0,0,120,56,111,33.5
ENG-Premier League,2122,Southampton,Fraser Forster,ENG,GK,33.0,19.0,1,0,0,0,3,0,0,0,0,0,0,0,79,0,0,
ENG-Premier League,2122,Southampton,Ibrahima Diallo,FRA,MF,22.0,11.4,1,0,0,13,17,0,7,17,20,0,0,0,101,13,15,46.4
ENG-Premier League,2122,Southampton,Jack Stephens,ENG,DF,27.0,9.0,3,0,0,11,3,0,0,27,12,0,0,0,97,19,16,54.3
ENG-Premier League,2122,Southampton,James Ward-Prowse,ENG,MF,26.0,35.7,3,1,0,30,30,0,68,60,26,0,0,0,414,34,40,45.9
ENG-Premier League,2122,Southampton,Jan Bednarek,POL,DF,25.0,29.2,10,0,0,38,17,1,6,95,21,0,1,1,324,114,60,65.5
ENG-Premier League,2122,Southampton,Kyle Walker-Peters,ENG,DF,24.0,29.3,5,0,0,29,53,3,33,56,27,0,0,0,252,32,40,44.4
ENG-Premier League,2122,Southampton,Lyanco,BRA,DF,24.0,10.1,2,0,0,16,8,0,3,29,14,0,0,0,86,21,15,58.3
ENG-Premier League,2122,Southampton,Mohamed Elyounoussi,NOR,"MF,FW",26.0,22.7,4,0,0,38,28,1,35,19,33,0,0,0,167,35,61,36.5
ENG-Premier League,2122,Southampton,Mohammed Salisu,GHA,DF,22.0,33.0,10,1,1,49,13,2,26,93,60,0,0,1,397,128,62,67.4
ENG-Premier League,2122,Southampton,Moussa Djenepo,MLI,MF,23.0,5.1,3,0,0,12,11,0,6,9,8,0,0,0,54,2,7,22.2
ENG-Premier League,2122,Southampton,Nathan Redmond,ENG,"MF,FW",27.0,20.4,0,0,0,17,20,3,51,21,13,0,0,0,142,16,47,25.4
ENG-Premier League,2122,Southampton,Nathan Tella,ENG,"MF,FW",22.0,8.9,2,0,0,21,23,3,9,19,5,0,0,0,78,8,27,22.9
ENG-Premier League,2122,Southampton,Opponent Total,,,26.8,38.0,64,1,1,456,480,65,480,528,421,2,4,2,3571,902,756,54.4
ENG-Premier League,2122,Southampton,Oriol Romeu,ESP,MF,29.0,32.1,9,0,0,55,26,0,7,67,54,0,0,0,412,73,58,55.7
ENG-Premier League,2122,Southampton,Romain Perraud,FRA,DF,23.0,18.0,3,0,0,35,20,0,49,24,20,0,0,0,130,18,30,37.5
ENG-Premier League,2122,Southampton,Shane Long,IRL,FW,34.0,3.4,1,0,0,9,9,3,4,1,3,0,0,0,15,27,27,50.0
ENG-Premier League,2122,Southampton,Squad Total,,,25.7,38.0,65,2,1,495,444,42,450,677,404,4,1,2,3529,756,902,45.6
ENG-Premier League,2122,Southampton,Stuart Armstrong,SCO,MF,29.0,16.4,1,0,0,11,24,1,32,14,15,1,0,0,147,5,22,18.5
ENG-Premier League,2122,Southampton,Theo Walcott,ENG,"MF,FW",32.0,4.2,0,0,0,2,6,2,4,7,3,0,0,0,21,3,4,42.9
ENG-Premier League,2122,Southampton,Valentino Livramento,ENG,DF,18.0,24.5,2,0,0,17,40,1,55,73,30,1,0,0,218,27,34,44.3
ENG-Premier League,2122,Southampton,William Smallbone,IRL,"MF,FW",21.0,1.5,0,0,0,3,1,0,1,2,5,0,0,0,9,2,5,28.6
ENG-Premier League,2122,Southampton,Willy Caballero,ARG,GK,39.0,2.0,1,0,0,0,0,0,0,0,0,0,0,0,6,0,0,
ENG-Premier League,2122,Southampton,Yan Valery,FRA,DF,22.0,4.1,0,0,0,5,3,0,2,12,7,0,0,0,42,15,8,65.2
ENG-Premier League,2122,Tottenham,Ben Davies,WAL,DF,28.0,28.2,6,0,0,33,23,5,9,45,18,0,1,0,201,77,49,61.1
ENG-Premier League,2122,Tottenham,Bryan,ESP,"FW,MF",20.0,1.0,0,0,0,1,4,0,4,0,3,0,0,0,12,0,0,
ENG-Premier League,2122,Tottenham,Cristian Romero,ARG,DF,23.0,20.5,8,0,0,36,17,2,2,57,45,0,1,0,199,50,30,62.5
ENG-Premier League,2122,Tottenham,Dane Scarlett,ENG,MF,17.0,0.0,0,0,0,0,0,0,0,0,0,0,0,0,0,0,0,
ENG-Premier League,2122,Tottenham,Davinson Sánchez,COL,DF,25.0,18.1,4,0,0,16,12,1,2,34,22,0,0,0,153,56,38,59.6
ENG-Premier League,2122,Tottenham,Dejan Kulusevski,SWE,"MF,FW",21.0,14.0,3,0,0,25,18,4,24,26,16,0,0,0,90,5,13,27.8
ENG-Premier League,2122,Tottenham,Dele Alli,ENG,"MF,FW",25.0,7.3,1,0,0,13,15,2,3,17,7,1,0,0,46,11,13,45.8
ENG-Premier League,2122,Tottenham,Emerson,BRA,DF,22.0,25.4,5,0,0,38,53,2,60,35,39,0,0,0,211,41,42,49.4
ENG-Premier League,2122,Tottenham,Eric Dier,ENG,DF,27.0,34.1,1,0,0,18,13,0,3,47,13,0,0,1,240,89,51,63.6
ENG-Premier League,2122,Tottenham,Giovani Lo Celso,ARG,"MF,FW",25.0,2.6,0,0,0,5,7,1,1,3,3,0,0,0,19,0,3,0.0
ENG-Premier League,2122,Tottenham,Harry Kane,ENG,FW,28.0,35.9,5,0,0,46,70,17,40,7,10,0,0,0,150,95,106,47.3
ENG-Premier League,2122,Tottenham,Harry Winks,ENG,MF,25.0,10.1,2,0,0,12,16,0,9,19,7,0,0,0,75,5,7,41.7
ENG-Premier League,2122,Tottenham,Hugo Lloris,FRA,GK,34.0,38.0,2,0,0,0,3,0,0,0,0,0,0,0,156,0,1,0.0
ENG-Premier League,2122,Tottenham,Japhet Tanganga,ENG,DF,22.0,8.2,4,1,1,20,10,1,10,17,12,0,0,0,46,19,10,65.5
ENG-Premier League,2122,Tottenham,Joe Rodon,WAL,DF,23.0,1.0,0,0,0,0,1,0,0,2,0,0,0,0,8,4,2,66.7
ENG-Premier League,2122,Tottenham,Lucas Moura,BRA,"FW,MF",28.0,19.7,4,0,0,26,53,3,26,22,14,0,0,0,139,48,33,59.3
ENG-Premier League,2122,Tottenham,Matt Doherty,IRL,DF,29.0,9.7,0,0,0,14,4,0,20,17,12,0,0,0,72,17,9,65.4
ENG-Premier League,2122,Tottenham,Oliver Skipp,ENG,MF,20.0,15.0,6,0,0,20,23,1,5,19,18,0,0,0,133,12,14,46.2
ENG-Premier League,2122,Tottenham,Opponent Total,,,26.8,38.0,83,6,4,519,464,43,512,610,421,0,4,6,3015,552,651,45.9
ENG-Premier League,2122,Tottenham,Pierre Højbjerg,DEN,MF,25.0,35.5,3,0,0,44,47,0,21,70,49,0,0,0,375,35,20,63.6
ENG-Premier League,2122,Tottenham,Rodrigo Bentancur,URU,MF,24.0,15.1,5,0,0,29,19,0,10,18,15,0,0,0,133,25,15,62.5
ENG-Premier League,2122,Tottenham,Ryan Sessegnon,ENG,DF,21.0,11.6,2,0,0,27,9,5,26,19,14,0,0,0,61,13,15,46.4
ENG-Premier League,2122,Tottenham,Sergio Reguilón,ESP,DF,24.0,21.3,4,0,0,25,28,1,59,42,28,0,0,0,144,31,24,56.4
ENG-Premier League,2122,Tottenham,Son Heung-min,KOR,"FW,MF",29.0,33.4,2,0,0,17,46,16,65,29,12,2,0,0,168,15,48,23.8
ENG-Premier League,2122,Tottenham,Squad Total,,,26.5,38.0,69,1,1,479,515,62,407,552,371,3,2,1,2898,651,552,54.1
ENG-Premier League,2122,Tottenham,Steven Bergwijn,NED,"FW,MF",23.0,6.3,1,0,0,9,12,1,6,4,4,0,0,0,30,1,6,14.3
ENG-Premier League,2122,Tottenham,Tanguy Ndombele,FRA,MF,24.0,5.4,1,0,0,5,12,0,2,3,10,0,0,0,37,2,3,40.0
ENG-Premier League,2122,Watford,Adam Masina,MAR,DF,27.0,12.0,0,0,0,19,5,0,18,31,14,0,1,0,93,30,15,66.7
ENG-Premier League,2122,Watford,Ashley Fletcher,ENG,FW,25.0,0.3,0,0,0,1,0,0,0,0,2,0,0,0,4,2,6,25.0
ENG-Premier League,2122,Watford,Ben Foster,ENG,GK,38.0,26.0,0,0,0,1,4,0,0,0,0,0,1,0,131,0,0,
ENG-Premier League,2122,Watford,Christian Kabasele,BEL,DF,30.0,13.3,0,0,0,6,4,0,1,26,6,0,0,0,116,50,17,74.6
ENG-Premier League,2122,Watford,Craig Cathcart,NIR,DF,32.0,26.6,3,0,0,14,7,0,3,38,15,0,0,0,219,63,42,60.0
ENG-Premier League,2122,Watford,Cucho,COL,"FW,MF",22.0,12.7,3,0,0,19,13,1,26,11,5,0,0,1,89,39,49,44.3
ENG-Premier League,2122,Watford,Dan Gosling,ENG,MF,31.0,1.8,0,0,0,3,6,0,1,1,1,0,0,0,20,5,3,62.5
ENG-Premier League,2122,Watford,Daniel Bachmann,AUT,GK,27.0,12.0,0,0,0,1,2,0,0,0,0,0,1,0,57,0,0,
ENG-Premier League,2122,Watford,Danny Rose,ENG,DF,31.0,7.7,4,0,0,12,16,0,15,15,15,0,1,0,51,4,6,40.0
ENG-Premier League,2122,Watford,Edo Kayembe,COD,MF,22.0,8.9,0,0,0,6,8,1,4,14,15,0,0,0,104,11,19,36.7
ENG-Premier League,2122,Watford,Emmanuel Dennis,NGA,"FW,MF",23.0,28.7,9,1,1,69,47,12,29,25,28,1,0,0,165,59,101,36.9
ENG-Premier League,2122,Watford,Francisco Sierralta,CHI,DF,24.0,4.7,0,0,0,5,2,0,0,14,4,0,0,1,33,18,4,81.8
ENG-Premier League,2122,Watford,Hassane Kamara,CIV,DF,27.0,18.0,5,1,1,27,17,0,19,94,29,0,1,0,184,41,13,75.9
ENG-Premier League,2122,Watford,Imran Louza,MAR,MF,22.0,15.7,6,0,0,35,17,0,19,48,32,0,0,0,192,11,17,39.3
ENG-Premier League,2122,Watford,Ismaila Sarr,SEN,"FW,MF",23.0,20.7,2,0,0,21,47,12,48,16,7,0,0,0,105,13,23,36.1
ENG-Premier League,2122,Watford,Jeremy Ngakia,ENG,DF,20.0,10.0,0,0,0,12,7,0,18,29,21,0,0,0,83,19,22,46.3
ENG-Premier League,2122,Watford,Joshua King,NOR,FW,29.0,25.0,5,0,0,44,25,8,24,12,21,1,0,0,105,93,127,42.3
ENG-Premier League,2122,Watford,João Pedro,BRA,"FW,MF",19.0,18.3,1,0,0,17,38,6,25,19,17,0,0,0,115,62,108,36.5
ENG-Premier League,2122,Watford,Juraj Kucka,SVK,MF,34.0,21.3,5,1,1,53,49,2,10,46,47,0,1,1,235,55,58,48.7
ENG-Premier League,2122,Watford,Ken Sema,SWE,"MF,FW",27.0,9.5,1,0,0,19,9,0,18,9,8,0,0,0,63,10,22,31.3
ENG-Premier League,2122,Watford,Kiko Femenía,ESP,DF,30.0,23.8,2,0,0,16,16,2,55,63,26,0,0,0,207,21,25,45.7
ENG-Premier League,2122,Watford,Moussa Sissoko,FRA,MF,31.0,35.8,5,0,0,45,16,2,24,44,40,0,0,0,385,85,58,59.4
ENG-Premier League,2122,Watford,Nicolas Nkoulou,CMR,DF,31.0,1.9,0,0,0,1,0,0,0,1,0,0,0,0,13,1,1,50.0
ENG-Premier League,2122,Watford,Oghenekaro Etebo,NGA,MF,25.0,4.5,3,0,0,9,4,0,1,8,10,0,0,0,35,2,2,50.0
ENG-Premier League,2122,Watford,Opponent Total,,,26.8,38.0,64,1,1,409,523,55,539,478,480,6,2,1,3661,843,809,51.0
ENG-Premier League,2122,Watford,Ozan Tufan,TUR,MF,26.0,3.7,0,0,0,9,0,1,3,2,2,0,0,0,35,4,9,30.8
ENG-Premier League,2122,Watford,Samir Santos,BRA,DF,26.0,18.6,4,0,0,18,16,0,0,54,19,0,0,0,171,55,36,60.4
ENG-Premier League,2122,Watford,Samuel Kalu,NGA,FW,23.0,2.5,0,0,0,0,5,3,4,5,2,0,0,0,5,2,3,40.0
ENG-Premier League,2122,Watford,Squad Total,,,28.4,38.0,63,3,3,536,402,53,385,675,423,2,7,3,3264,809,843,49.0
ENG-Premier League,2122,Watford,Tom Cleverley,ENG,MF,31.0,18.0,2,0,0,37,21,2,19,27,27,0,0,0,134,18,37,32.7
ENG-Premier League,2122,Watford,Troy Deeney,ENG,FW,33.0,0.3,0,0,0,0,0,0,0,0,0,0,0,0,0,4,3,57.1
ENG-Premier League,2122,Watford,William Troost-Ekong,NGA,DF,27.0,15.4,3,0,0,17,1,1,1,23,10,0,1,0,115,32,17,65.3
ENG-Premier League,2122,West Ham,Aaron Cresswell,ENG,DF,31.0,30.3,3,0,0,20,13,2,63,43,19,0,1,0,243,36,30,54.5
ENG-Premier League,2122,West Ham,Alex Král,CZE,MF,23.0,0.0,0,0,0,0,0,0,0,0,0,0,0,0,2,1,1,50.0
ENG-Premier League,2122,West Ham,Alphonse Areola,FRA,GK,28.0,1.0,0,0,0,0,0,0,0,0,0,0,0,0,2,0,0,
ENG-Premier League,2122,West Ham,Andriy Yarmolenko,UKR,FW,31.0,3.5,1,0,0,1,5,3,5,1,0,0,0,0,17,4,8,33.3
ENG-Premier League,2122,West Ham,Angelo Ogbonna,ITA,DF,33.0,10.2,1,0,0,5,3,0,0,13,8,0,0,0,78,26,12,68.4
ENG-Premier League,2122,West Ham,Arthur Masuaku,COD,"DF,FW",27.0,7.2,1,0,0,8,4,0,20,18,19,0,0,0,74,13,9,59.1
ENG-Premier League,2122,West Ham,Ben Johnson,ENG,DF,21.0,15.5,1,0,0,11,5,0,40,25,16,0,0,0,115,18,19,48.6
ENG-Premier League,2122,West Ham,Craig Dawson,ENG,DF,31.0,30.6,5,1,0,40,12,1,1,30,21,0,2,0,265,103,56,64.8
ENG-Premier League,2122,West Ham,Daniel Chesters,ENG,MF,19.0,0.0,0,0,0,0,0,0,0,0,0,0,0,0,0,0,0,
ENG-Premier League,2122,West Ham,Declan Rice,ENG,MF,22.0,35.3,8,0,0,35,21,0,37,95,53,0,0,0,366,48,28,63.2
ENG-Premier League,2122,West Ham,Harrison Ashby,SCO,DF,19.0,0.1,0,0,0,0,0,0,0,1,0,0,0,0,1,0,0,
ENG-Premier League,2122,West Ham,Issa Diop,FRA,DF,24.0,10.7,0,0,0,6,5,1,1,17,3,0,0,0,96,19,20,48.7
ENG-Premier League,2122,West Ham,Jarrod Bowen,ENG,FW,24.0,33.1,6,0,0,26,51,13,57,38,26,2,0,0,194,40,78,33.9
ENG-Premier League,2122,West Ham,Kurt Zouma,FRA,DF,26.0,23.1,1,0,0,12,10,0,2,47,5,0,0,1,164,55,25,68.8
ENG-Premier League,2122,West Ham,Manuel Lanzini,ARG,"MF,FW",28.0,19.8,2,0,0,18,24,1,12,28,18,0,0,0,187,7,20,25.9
ENG-Premier League,2122,West Ham,Mark Noble,ENG,MF,34.0,3.7,0,0,0,5,7,0,0,5,7,0,0,0,31,1,1,50.0
ENG-Premier League,2122,West Ham,Michail Antonio,JAM,FW,31.0,33.0,8,1,1,51,63,13,54,14,23,0,0,0,138,81,145,35.8
ENG-Premier League,2122,West Ham,Nikola Vlašić,CRO,"FW,MF",23.0,6.2,0,0,0,9,19,3,15,10,11,0,0,0,44,6,11,35.3
ENG-Premier League,2122,West Ham,Opponent Total,,,26.8,38.0,49,3,1,374,362,35,501,492,358,5,6,2,3213,709,689,50.7
ENG-Premier League,2122,West Ham,Pablo Fornals,ESP,"FW,MF",25.0,31.1,4,0,0,32,40,6,49,47,34,1,0,0,235,29,38,43.3
ENG-Premier League,2122,West Ham,Ryan Fredericks,ENG,DF,28.0,3.4,1,0,0,3,1,0,8,6,2,0,0,0,27,6,1,85.7
ENG-Premier League,2122,West Ham,Saïd Benrahma,ALG,"FW,MF",25.0,24.1,0,0,0,11,22,9,64,12,23,0,0,0,167,15,22,40.5
ENG-Premier League,2122,West Ham,Sonny Perkins,ENG,FW,17.0,0.0,0,0,0,0,0,0,0,0,0,0,0,0,0,1,0,100.0
ENG-Premier League,2122,West Ham,Squad Total,,,28.2,38.0,52,3,2,373,352,58,521,539,351,3,4,2,3184,689,709,49.3
ENG-Premier League,2122,West Ham,Tomáš Souček,CZE,MF,26.0,34.0,3,0,0,49,20,4,13,55,41,0,0,0,331,140,143,49.5
ENG-Premier League,2122,West Ham,Vladimír Coufal,CZE,DF,28.0,24.5,5,1,1,30,20,2,80,34,22,0,0,1,265,40,42,48.8
ENG-Premier League,2122,West Ham,Łukasz Fabiański,POL,GK,36.0,37.0,2,0,0,1,7,0,0,0,0,0,1,0,142,0,0,
ENG-Premier League,2122,Wolves,Adama Traoré,ESP,FW,25.0,11.9,0,0,0,13,40,9,28,4,9,0,0,0,64,12,26,31.6
ENG-Premier League,2122,Wolves,Chem Campbell,WAL,MF,18.0,0.1,0,0,0,0,0,0,0,0,1,0,0,0,1,0,1,0.0
ENG-Premier League,2122,Wolves,Chiquinho,POR,"DF,MF",21.0,2.3,0,0,0,11,8,0,21,6,6,0,0,0,21,5,5,50.0
ENG-Premier League,2122,Wolves,Conor Coady,ENG,DF,28.0,37.3,4,0,0,21,3,2,2,44,18,0,0,0,235,39,29,57.4
ENG-Premier League,2122,Wolves,Daniel Podence,POR,"FW,MF",25.0,16.5,2,0,0,11,30,3,34,6,9,0,0,0,90,2,25,7.4
ENG-Premier League,2122,Wolves,Fernando Marçal,BRA,DF,32.0,16.1,3,0,0,33,12,1,55,31,26,0,1,0,137,29,17,63.0
ENG-Premier League,2122,Wolves,Francisco Trincão,POR,"FW,MF",21.0,14.8,0,0,0,16,23,1,24,15,15,0,0,0,95,5,20,20.0
ENG-Premier League,2122,Wolves,Fábio Silva,POR,FW,19.0,6.4,0,0,0,14,8,4,4,4,5,0,0,0,33,14,36,28.0
ENG-Premier League,2122,Wolves,Hwang Hee-chan,KOR,"FW,MF",25.0,20.2,2,0,0,32,44,3,10,25,14,0,0,0,104,10,32,23.8
ENG-Premier League,2122,Wolves,John Ruddy,ENG,GK,34.0,1.5,0,0,0,0,0,0,0,0,0,0,0,0,2,0,0,
ENG-Premier League,2122,Wolves,Jonny Castro,ESP,DF,27.0,11.4,1,0,0,11,18,0,10,13,21,0,0,0,86,11,11,50.0
ENG-Premier League,2122,Wolves,José Sá,POR,GK,28.0,36.5,3,0,0,3,13,0,0,0,0,0,3,1,220,0,0,
ENG-Premier League,2122,Wolves,João Moutinho,POR,MF,34.0,33.0,4,0,0,49,23,0,32,48,54,0,1,0,356,18,27,40.0
ENG-Premier League,2122,Wolves,Ki-Jana Hoever,NED,DF,19.0,3.4,1,0,0,5,4,1,8,5,10,0,0,0,23,4,4,50.0
ENG-Premier League,2122,Wolves,Leander Dendoncker,BEL,MF,26.0,21.7,4,0,0,20,6,0,9,24,24,0,0,0,179,40,38,51.3
ENG-Premier League,2122,Wolves,Luke Cundle,ENG,MF,19.0,2.0,0,0,0,6,1,0,0,2,3,0,0,0,16,0,4,0.0
ENG-Premier League,2122,Wolves,Max Kilman,ENG,DF,24.0,29.9,3,0,0,22,16,0,2,64,33,0,1,0,238,86,43,66.7
ENG-Premier League,2122,Wolves,Morgan Gibbs-White,ENG,"FW,MF",21.0,0.1,1,0,0,2,1,0,0,0,0,0,0,0,3,0,2,0.0
ENG-Premier League,2122,Wolves,Nélson Semedo,POR,DF,27.0,23.7,1,0,0,23,24,4,26,43,40,0,1,0,177,20,32,38.5
ENG-Premier League,2122,Wolves,Opponent Total,,,26.7,38.0,90,3,3,423,439,81,473,584,429,8,1,3,3201,568,543,51.1
ENG-Premier League,2122,Wolves,Pedro Neto,POR,"FW,MF",21.0,5.2,3,0,0,3,7,1,23,6,5,0,0,0,27,3,5,37.5
ENG-Premier League,2122,Wolves,Rayan Aït Nouri,FRA,DF,20.0,20.3,4,0,0,20,23,3,56,38,43,1,0,0,135,20,19,51.3
ENG-Premier League,2122,Wolves,Raúl Jiménez,MEX,FW,30.0,29.2,9,2,2,55,58,23,20,19,23,0,0,0,121,74,93,44.3
ENG-Premier League,2122,Wolves,Romain Saïss,MAR,DF,31.0,30.1,6,0,0,35,18,3,7,81,38,0,2,0,260,84,43,66.1
ENG-Premier League,2122,Wolves,Rúben Neves,POR,MF,24.0,29.6,9,0,0,33,18,1,21,55,43,0,0,0,311,26,23,53.1
ENG-Premier League,2122,Wolves,Squad Total,,,27.3,38.0,62,2,2,449,403,61,393,562,465,1,10,1,3078,543,568,48.9
ENG-Premier League,2122,Wolves,Toti Gomes,POR,DF,22.0,4.0,1,0,0,2,3,1,1,10,3,0,0,0,42,15,11,57.7
ENG-Premier League,2122,Wolves,Willy Boly,CIV,DF,30.0,10.0,1,0,0,9,2,1,0,19,22,0,1,0,102,26,22,54.2
