,,,,Nation,Pos,Age,90s,Tackles,Tackles,Tackles,Tackles,Tackles,Vs Dribbles,Vs Dribbles,Vs Dribbles,Vs Dribbles,Pressures,Pressures,Pressures,Pressures,Pressures,Pressures,Blocks,Blocks,Blocks,Blocks,Int,Tkl+Int,Clr,Err
,,,,,,,,Tkl,TklW,Def 3rd,Mid 3rd,Att 3rd,Tkl,Att,Tkl%,Past,Press,Succ,%,Def 3rd,Mid 3rd,Att 3rd,Blocks,Sh,ShSv,Pass,,,,
league,season,team,player,,,,,,,,,,,,,,,,,,,,,,,,,,,
ENG-Premier League,2122,Arsenal,Aaron Ramsdale,ENG,GK,23.0,34.0,0,0,0,0,0,0,3,0.0,3,3,0,0.0,3,0,0,0,0,0,0,0,0,2,0
ENG-Premier League,2122,Arsenal,Ainsley Maitland-Niles,ENG,MF,23.0,3.0,7,4,4,2,1,1,4,25.0,3,54,17,31.5,19,25,10,5,1,0,4,3,10,4,0
ENG-Premier League,2122,Arsenal,Albert Sambi Lokonga,BEL,MF,21.0,12.6,22,13,9,10,3,9,15,60.0,6,138,47,34.1,45,64,29,18,8,0,10,23,45,18,2
ENG-Premier League,2122,Arsenal,Alexandre Lacazette,FRA,"FW,MF",30.0,19.8,26,19,7,13,6,7,15,46.7,8,358,108,30.2,47,126,185,13,2,0,11,13,39,6,0
ENG-Premier League,2122,Arsenal,Ben White,ENG,DF,23.0,32.0,42,23,27,11,4,19,43,44.2,24,252,82,32.5,134,95,23,54,26,0,28,66,108,114,0
ENG-Premier League,2122,Arsenal,Bernd Leno,GER,GK,29.0,4.0,0,0,0,0,0,0,0,,0,0,0,,0,0,0,0,0,0,0,0,0,0,0
ENG-Premier League,2122,Arsenal,Bukayo Saka,ENG,"FW,MF",19.0,33.1,37,23,13,14,10,7,31,22.6,24,496,134,27.0,110,188,198,41,2,0,39,31,68,19,0
ENG-Premier League,2122,Arsenal,Calum Chambers,ENG,DF,26.0,1.9,2,1,2,0,0,1,3,33.3,2,24,5,20.8,18,5,1,11,3,0,8,3,5,7,1
ENG-Premier League,2122,Arsenal,Cédric Soares,POR,DF,29.0,16.5,39,20,21,10,8,15,25,60.0,10,194,68,35.1,76,75,43,24,8,0,16,20,59,35,1
ENG-Premier League,2122,Arsenal,Eddie Nketiah,ENG,FW,22.0,9.3,12,7,0,7,5,1,3,33.3,2,178,50,28.1,11,62,105,7,2,0,5,6,18,7,0
ENG-Premier League,2122,Arsenal,Emile Smith Rowe,ENG,"MF,FW",21.0,21.3,20,16,7,13,0,4,15,26.7,11,256,78,30.5,54,125,77,15,1,0,14,20,40,13,0
ENG-Premier League,2122,Arsenal,Folarin Balogun,ENG,FW,20.0,0.8,0,0,0,0,0,0,0,,0,21,5,23.8,2,2,17,1,0,0,1,0,0,1,0
ENG-Premier League,2122,Arsenal,Gabriel Dos Santos,BRA,DF,23.0,34.0,57,37,39,14,4,23,35,65.7,12,222,86,38.7,131,77,14,49,28,0,21,39,96,117,3
ENG-Premier League,2122,Arsenal,Granit Xhaka,SUI,"MF,DF",28.0,25.9,39,24,19,14,6,13,36,36.1,23,300,84,28.0,101,121,78,36,8,0,28,31,70,28,0
ENG-Premier League,2122,Arsenal,Kieran Tierney,SCO,DF,24.0,21.3,21,12,11,7,3,10,14,71.4,4,162,49,30.2,60,58,44,35,7,0,28,31,52,46,0
ENG-Premier League,2122,Arsenal,Martin Ødegaard,NOR,MF,22.0,30.9,43,25,5,19,19,12,39,30.8,27,574,154,26.8,107,262,205,18,1,0,17,22,65,12,1
ENG-Premier League,2122,Arsenal,Martinelli,BRA,"FW,MF",20.0,20.7,30,19,10,14,6,6,21,28.6,15,341,99,29.0,58,113,170,41,6,0,35,21,51,15,0
ENG-Premier League,2122,Arsenal,Mohamed Elneny,EGY,MF,29.0,9.0,17,9,10,6,1,3,7,42.9,4,108,38,35.2,49,50,9,9,1,0,8,18,35,12,0
ENG-Premier League,2122,Arsenal,Nicolas Pépé,CIV,"FW,MF",26.0,7.7,14,11,7,5,2,2,9,22.2,7,122,35,28.7,36,45,41,13,1,0,12,9,23,3,1
ENG-Premier League,2122,Arsenal,Nuno Tavares,POR,DF,21.0,13.1,20,12,9,7,4,5,10,50.0,5,155,47,30.3,64,55,36,21,5,0,16,24,44,30,1
ENG-Premier League,2122,Arsenal,Opponent Total,,,26.9,38.0,630,374,322,225,83,238,550,43.3,312,5543,1433,25.9,2032,2324,1187,548,184,0,364,548,1178,766,8
ENG-Premier League,2122,Arsenal,Pablo Marí,ESP,DF,27.0,2.0,6,2,2,3,1,4,8,50.0,4,19,4,21.1,9,8,2,6,4,0,2,6,12,11,0
ENG-Premier League,2122,Arsenal,Pierre-Emerick Aubameyang,GAB,FW,32.0,11.5,12,7,5,5,2,2,6,33.3,4,201,53,26.4,23,78,100,19,3,0,16,1,13,3,0
ENG-Premier League,2122,Arsenal,Reiss Nelson,ENG,FW,21.0,0.2,1,0,0,1,0,0,0,,0,8,2,25.0,2,5,1,0,0,0,0,1,2,0,0
ENG-Premier League,2122,Arsenal,Rob Holding,ENG,DF,25.0,9.4,12,7,10,1,1,5,8,62.5,3,62,19,30.6,35,23,4,25,18,0,7,15,27,50,0
ENG-Premier League,2122,Arsenal,Sead Kolašinac,BIH,DF,28.0,1.0,1,1,1,0,0,0,0,,0,12,3,25.0,7,3,2,2,0,0,2,4,5,8,0
ENG-Premier League,2122,Arsenal,Squad Total,,,24.4,38.0,573,350,262,211,100,183,421,43.5,238,4772,1440,30.2,1398,1910,1464,528,143,0,385,476,1049,641,12
ENG-Premier League,2122,Arsenal,Takehiro Tomiyasu,JPN,DF,22.0,18.7,38,17,19,12,7,16,30,53.3,14,221,70,31.7,90,97,34,37,3,0,34,36,74,48,1
ENG-Premier League,2122,Arsenal,Thomas Partey,GHA,MF,28.0,22.5,55,41,25,23,7,18,41,43.9,23,291,103,35.4,107,148,36,28,5,0,23,33,88,32,1
ENG-Premier League,2122,Aston Villa,Anwar El Ghazi,NED,"FW,MF",26.0,4.3,3,3,1,2,0,2,6,33.3,4,48,18,37.5,7,24,17,5,0,0,5,2,5,2,0
ENG-Premier League,2122,Aston Villa,Ashley Young,ENG,"DF,FW",36.0,13.9,28,15,15,9,4,11,14,78.6,3,145,35,24.1,59,56,30,12,4,0,8,22,50,24,0
ENG-Premier League,2122,Aston Villa,Axel Tuanzebe,ENG,DF,23.0,5.6,8,6,6,2,0,2,5,40.0,3,47,13,27.7,23,20,4,5,4,0,1,9,17,13,1
ENG-Premier League,2122,Aston Villa,Bertrand Traoré,BFA,"MF,FW",25.0,2.4,2,0,0,0,2,1,3,33.3,2,27,5,18.5,4,5,18,0,0,0,0,0,2,1,0
ENG-Premier League,2122,Aston Villa,Calum Chambers,ENG,DF,26.0,9.2,20,11,11,7,2,5,7,71.4,2,94,31,33.0,50,40,4,21,10,0,11,11,31,59,0
ENG-Premier League,2122,Aston Villa,Cameron Archer,ENG,"MF,FW",20.0,0.3,0,0,0,0,0,0,0,,0,4,0,0.0,0,2,2,0,0,0,0,1,1,1,0
ENG-Premier League,2122,Aston Villa,Carney Chukwuemeka,ENG,"MF,FW",17.0,3.3,3,2,1,2,0,2,6,33.3,4,86,25,29.1,23,48,15,3,0,0,3,4,7,1,0
ENG-Premier League,2122,Aston Villa,Danny Ings,ENG,FW,29.0,21.1,26,11,6,14,6,11,28,39.3,17,385,89,23.1,52,165,168,30,4,0,26,15,41,19,0
ENG-Premier League,2122,Aston Villa,Douglas Luiz,BRA,MF,23.0,30.2,64,43,35,24,5,24,73,32.9,49,524,156,29.8,229,243,52,44,8,0,36,61,125,29,0
ENG-Premier League,2122,Aston Villa,Emi Buendía,ARG,"FW,MF",24.0,21.1,52,31,25,19,8,15,44,34.1,29,441,108,24.5,112,205,124,24,5,0,19,18,70,6,0
ENG-Premier League,2122,Aston Villa,Emiliano Martínez,ARG,GK,28.0,36.0,0,0,0,0,0,0,2,0.0,2,2,0,0.0,2,0,0,0,0,0,0,1,1,1,1
ENG-Premier League,2122,Aston Villa,Ezri Konsa,ENG,DF,23.0,27.5,26,14,15,10,1,7,13,53.8,6,179,64,35.8,106,60,13,43,22,0,21,45,71,81,2
ENG-Premier League,2122,Aston Villa,Jacob Ramsey,ENG,MF,20.0,27.4,66,41,35,27,4,22,59,37.3,37,547,148,27.1,186,258,103,41,7,0,34,38,104,27,0
ENG-Premier League,2122,Aston Villa,Jaden Philogene Bidace,ENG,FW,19.0,0.1,0,0,0,0,0,0,0,,0,2,0,0.0,1,1,0,0,0,0,0,0,0,0,0
ENG-Premier League,2122,Aston Villa,Jed Steer,ENG,GK,28.0,1.0,0,0,0,0,0,0,0,,0,0,0,,0,0,0,0,0,0,0,0,0,0,0
ENG-Premier League,2122,Aston Villa,John McGinn,SCO,MF,26.0,34.3,104,61,39,51,14,42,104,40.4,62,560,174,31.1,162,298,100,61,7,0,54,52,156,38,0
ENG-Premier League,2122,Aston Villa,Keinan Davis,ENG,FW,23.0,0.1,0,0,0,0,0,0,0,,0,1,0,0.0,0,0,1,0,0,0,0,0,0,0,0
ENG-Premier League,2122,Aston Villa,Kortney Hause,ENG,DF,26.0,4.4,4,4,3,0,1,2,2,100.0,0,47,21,44.7,30,16,1,10,5,0,5,9,13,19,0
ENG-Premier League,2122,Aston Villa,Leon Bailey,JAM,"FW,MF",23.0,8.5,19,12,7,9,3,4,13,30.8,9,145,48,33.1,24,59,62,13,2,0,11,3,22,3,0
ENG-Premier League,2122,Aston Villa,Lucas Digne,FRA,DF,28.0,14.1,19,10,12,4,3,7,18,38.9,11,157,34,21.7,74,52,31,29,8,0,21,32,51,42,0
ENG-Premier League,2122,Aston Villa,Marvelous Nakamba,ZIM,MF,27.0,10.0,31,19,19,11,1,14,35,40.0,21,209,59,28.2,107,86,16,16,4,0,12,23,54,16,0
ENG-Premier League,2122,Aston Villa,Matt Targett,ENG,DF,25.0,15.9,31,15,26,5,0,13,35,37.1,22,191,44,23.0,107,62,22,44,10,0,34,35,66,25,0
ENG-Premier League,2122,Aston Villa,Matty Cash,POL,DF,23.0,37.5,90,44,53,33,4,41,74,55.4,33,511,142,27.8,268,193,50,91,19,0,72,90,180,95,0
ENG-Premier League,2122,Aston Villa,Morgan Sanson,FRA,MF,26.0,4.0,12,8,5,4,3,4,6,66.7,2,135,46,34.1,51,60,24,15,0,0,15,11,23,2,0
ENG-Premier League,2122,Aston Villa,Ollie Watkins,ENG,FW,25.0,32.8,17,14,2,7,8,2,10,20.0,8,578,141,24.4,38,256,284,42,4,0,38,17,34,26,0
ENG-Premier League,2122,Aston Villa,Opponent Total,,,26.7,38.0,641,406,318,241,82,198,502,39.4,304,5133,1533,29.9,1663,2245,1225,517,138,0,379,499,1140,752,7
ENG-Premier League,2122,Aston Villa,Philippe Coutinho,BRA,"MF,FW",29.0,14.8,20,11,5,8,7,7,14,50.0,7,221,48,21.7,51,110,60,17,1,0,16,8,28,3,0
ENG-Premier League,2122,Aston Villa,Robin Olsen,SWE,GK,31.0,1.0,0,0,0,0,0,0,0,,0,0,0,,0,0,0,0,0,0,0,0,0,0,0
ENG-Premier League,2122,Aston Villa,Squad Total,,,26.1,38.0,686,398,347,258,81,250,594,42.1,344,5515,1524,27.6,1886,2402,1227,636,157,3,479,587,1273,715,6
ENG-Premier League,2122,Aston Villa,Tim Iroegbunam,ENG,MF,18.0,1.0,5,2,3,2,0,1,2,50.0,1,24,8,33.3,6,16,2,1,0,0,1,2,7,1,0
ENG-Premier League,2122,Aston Villa,Trézéguet,EGY,FW,26.0,0.1,0,0,0,0,0,0,0,,0,0,0,,0,0,0,0,0,0,0,0,0,0,0
ENG-Premier League,2122,Aston Villa,Tyrone Mings,ENG,DF,28.0,35.4,36,21,23,8,5,11,21,52.4,10,203,66,32.5,113,67,23,69,33,3,36,78,114,181,2
ENG-Premier League,2122,Aston Villa,Wesley Moraes,BRA,FW,24.0,0.0,0,0,0,0,0,0,0,,0,2,1,50.0,1,0,1,0,0,0,0,0,0,0,0
ENG-Premier League,2122,Brentford,Bryan Mbeumo,FRA,FW,21.0,32.3,38,25,3,18,17,7,18,38.9,11,505,138,27.3,74,222,209,38,8,0,30,23,61,21,0
ENG-Premier League,2122,Brentford,Charlie Goode,ENG,DF,25.0,5.0,8,5,6,2,0,4,4,100.0,0,36,15,41.7,20,13,3,5,2,0,3,5,13,12,0
ENG-Premier League,2122,Brentford,Christian Eriksen,DEN,MF,29.0,10.4,18,10,7,8,3,9,13,69.2,4,150,32,21.3,38,86,26,13,1,0,12,10,28,11,0
ENG-Premier League,2122,Brentford,Christian Nørgaard,DEN,MF,27.0,33.9,130,80,54,64,12,54,105,51.4,51,691,218,31.5,260,366,65,59,10,1,49,85,215,57,1
ENG-Premier League,2122,Brentford,David Raya,ESP,GK,25.0,24.0,0,0,0,0,0,0,1,0.0,1,1,0,0.0,1,0,0,1,0,0,1,0,0,0,1
ENG-Premier League,2122,Brentford,Dominic Thompson,ENG,DF,21.0,1.6,3,1,3,0,0,2,3,66.7,1,16,3,18.8,9,5,2,2,2,0,0,3,6,4,0
ENG-Premier League,2122,Brentford,Ethan Pinnock,JAM,DF,28.0,29.9,63,38,46,15,2,20,36,55.6,16,281,102,36.3,167,94,20,49,13,0,36,56,119,175,1
ENG-Premier League,2122,Brentford,Finley Stevens,WAL,DF,18.0,0.2,2,0,0,2,0,1,1,100.0,0,5,1,20.0,0,4,1,0,0,0,0,0,2,0,0
ENG-Premier League,2122,Brentford,Frank Onyeka,NGA,MF,23.0,11.6,30,16,14,12,4,5,20,25.0,15,253,69,27.3,109,106,38,20,2,0,18,15,45,13,0
ENG-Premier League,2122,Brentford,Ivan Toney,ENG,FW,25.0,32.3,31,20,5,16,10,6,26,23.1,20,457,112,24.5,53,192,212,31,3,1,28,21,52,43,1
ENG-Premier League,2122,Brentford,Jonas Lössl,DEN,GK,32.0,2.0,0,0,0,0,0,0,0,,0,0,0,,0,0,0,0,0,0,0,0,0,0,0
ENG-Premier League,2122,Brentford,Josh Dasilva,ENG,"MF,FW",22.0,2.9,4,2,1,1,2,2,6,33.3,4,55,12,21.8,14,28,13,8,1,0,7,4,8,7,0
ENG-Premier League,2122,Brentford,Kristoffer Ajer,NOR,DF,23.0,22.2,40,22,25,12,3,20,36,55.6,16,206,73,35.4,107,70,29,36,13,1,23,49,89,81,1
ENG-Premier League,2122,Brentford,Mads Bech Sørensen,DEN,DF,22.0,9.3,12,7,10,2,0,5,6,83.3,1,73,29,39.7,45,22,6,10,6,0,4,9,21,28,0
ENG-Premier League,2122,Brentford,Mads Bidstrup,DEN,MF,20.0,0.5,4,2,2,2,0,0,2,0.0,2,19,8,42.1,12,7,0,1,0,0,1,1,5,2,0
ENG-Premier League,2122,Brentford,Mads Roerslev,DEN,DF,22.0,13.8,26,9,23,1,2,16,35,45.7,19,173,43,24.9,114,40,19,31,6,0,25,21,47,30,0
ENG-Premier League,2122,Brentford,Marcus Forss,FIN,"FW,MF",22.0,2.3,4,2,0,3,1,2,4,50.0,2,70,21,30.0,11,29,30,3,0,0,3,2,6,0,0
ENG-Premier League,2122,Brentford,Mathias Jensen,DEN,MF,25.0,17.8,34,28,12,17,5,19,61,31.1,42,456,133,29.2,166,214,76,33,4,0,29,33,67,14,1
ENG-Premier League,2122,Brentford,Mathias Jørgensen,DEN,DF,31.0,5.8,11,2,4,4,3,6,9,66.7,3,54,13,24.1,28,19,7,8,1,0,7,10,21,14,0
ENG-Premier League,2122,Brentford,Nathan Young-Coombes,ENG,FW,18.0,0.0,0,0,0,0,0,0,0,,0,2,0,0.0,1,1,0,0,0,0,0,0,0,0,0
ENG-Premier League,2122,Brentford,Opponent Total,,,26.8,38.0,541,323,229,239,73,185,436,42.4,251,4660,1498,32.1,1386,1984,1290,593,145,8,448,581,1122,910,11
ENG-Premier League,2122,Brentford,Pontus Jansson,SWE,DF,30.0,36.9,36,25,27,8,1,17,36,47.2,19,204,75,36.8,120,71,13,56,27,0,29,69,105,208,2
ENG-Premier League,2122,Brentford,Rico Henry,ENG,DF,24.0,30.8,42,27,27,8,7,11,36,30.6,25,396,106,26.8,183,133,80,74,12,0,62,59,101,62,1
ENG-Premier League,2122,Brentford,Saman Ghoddos,IRN,"DF,MF",27.0,6.0,17,8,8,7,2,8,12,66.7,4,117,26,22.2,37,48,32,13,0,0,13,7,24,13,0
ENG-Premier League,2122,Brentford,Sergi Canós,ESP,DF,24.0,23.1,57,22,28,19,10,23,60,38.3,37,460,113,24.6,197,175,88,40,3,0,37,33,90,38,0
ENG-Premier League,2122,Brentford,Shandon Baptiste,GRN,MF,23.0,10.1,7,4,6,0,1,3,13,23.1,10,204,68,33.3,62,94,48,15,0,0,15,21,28,11,0
ENG-Premier League,2122,Brentford,Squad Total,,,25.4,38.0,693,398,339,254,100,257,602,42.7,345,5566,1609,28.9,1992,2351,1223,606,127,3,479,589,1282,886,12
ENG-Premier League,2122,Brentford,Tariqe Fosu,GHA,DF,25.0,0.2,0,0,0,0,0,0,0,,0,5,0,0.0,0,2,3,1,0,0,1,0,0,0,0
ENG-Premier League,2122,Brentford,Vitaly Janelt,GER,MF,23.0,25.5,62,35,23,28,11,17,44,38.6,27,487,145,29.8,128,246,113,43,8,0,35,44,106,34,1
ENG-Premier League,2122,Brentford,Yoane Wissa,COD,"FW,MF",24.0,14.3,14,8,5,5,4,0,15,0.0,15,190,54,28.4,36,64,90,16,5,0,11,9,23,8,0
ENG-Premier League,2122,Brentford,Álvaro Fernández,ESP,GK,23.0,12.0,0,0,0,0,0,0,0,,0,0,0,,0,0,0,0,0,0,0,0,0,0,2
ENG-Premier League,2122,Brighton,Aaron Connolly,IRL,FW,21.0,1.7,0,0,0,0,0,0,1,0.0,1,27,5,18.5,4,11,12,2,0,0,2,0,0,0,0
ENG-Premier League,2122,Brighton,Adam Lallana,ENG,MF,33.0,17.3,38,22,19,15,4,11,36,30.6,25,303,104,34.3,113,133,57,26,8,0,18,27,65,15,0
ENG-Premier League,2122,Brighton,Adam Webster,ENG,DF,26.0,15.9,23,13,15,6,2,12,22,54.5,10,118,45,38.1,69,41,8,36,19,0,17,25,48,81,2
ENG-Premier League,2122,Brighton,Alexis Mac Allister,ARG,"MF,FW",22.0,23.6,73,51,27,31,15,22,59,37.3,37,565,199,35.2,162,258,145,45,7,0,38,24,97,20,0
ENG-Premier League,2122,Brighton,Dan Burn,ENG,DF,29.0,11.4,24,15,12,8,4,6,18,33.3,12,141,46,32.6,61,64,16,28,11,0,17,32,56,52,2
ENG-Premier League,2122,Brighton,Danny Welbeck,ENG,FW,30.0,16.4,14,12,1,10,3,2,11,18.2,9,262,90,34.4,29,94,139,20,5,0,15,5,19,17,0
ENG-Premier League,2122,Brighton,Enock Mwepu,ZAM,"MF,FW",23.0,11.1,25,14,8,12,5,7,29,24.1,22,223,57,25.6,63,93,67,24,4,0,20,16,41,20,0
ENG-Premier League,2122,Brighton,Evan Ferguson,IRL,MF,16.0,0.3,0,0,0,0,0,0,0,,0,1,0,0.0,0,0,1,0,0,0,0,0,0,0,0
ENG-Premier League,2122,Brighton,Jakub Moder,POL,"MF,FW",22.0,18.9,42,29,19,14,9,18,40,45.0,22,361,116,32.1,118,135,108,31,2,0,29,22,64,26,1
ENG-Premier League,2122,Brighton,Jason Steele,ENG,GK,30.0,1.0,0,0,0,0,0,0,0,,0,0,0,,0,0,0,0,0,0,0,0,0,0,0
ENG-Premier League,2122,Brighton,Jeremy Sarmiento,ECU,"FW,MF",19.0,0.5,3,1,1,1,1,1,2,50.0,1,26,7,26.9,8,13,5,3,1,0,2,1,4,0,0
ENG-Premier League,2122,Brighton,Joël Veltman,NED,DF,29.0,31.9,90,40,55,29,6,31,64,48.4,33,350,109,31.1,177,137,36,65,16,0,49,67,157,97,1
ENG-Premier League,2122,Brighton,Jürgen Locadia,NED,FW,27.0,0.3,1,1,0,1,0,0,0,,0,4,3,75.0,0,2,2,0,0,0,0,0,1,0,0
ENG-Premier League,2122,Brighton,Leandro Trossard,BEL,"FW,MF",26.0,31.2,37,24,8,13,16,6,32,18.8,26,478,156,32.6,86,178,214,42,4,0,38,29,66,8,0
ENG-Premier League,2122,Brighton,Lewis Dunk,ENG,DF,29.0,28.6,20,11,9,10,1,6,13,46.2,7,125,48,38.4,74,41,10,42,27,0,15,46,66,119,3
ENG-Premier League,2122,Brighton,Marc Cucurella,ESP,DF,23.0,34.3,88,62,36,38,14,48,77,62.3,29,534,201,37.6,215,218,101,72,15,2,57,72,160,66,0
ENG-Premier League,2122,Brighton,Moisés Caicedo,ECU,MF,19.0,7.3,20,12,11,6,3,6,14,42.9,8,141,44,31.2,36,75,30,13,4,0,9,12,32,11,0
ENG-Premier League,2122,Brighton,Neal Maupay,FRA,FW,24.0,25.3,19,12,3,9,7,5,14,35.7,9,508,143,28.1,43,186,279,21,3,0,18,10,29,3,0
ENG-Premier League,2122,Brighton,Opponent Total,,,26.9,38.0,669,383,343,238,88,214,574,37.3,360,6013,1678,27.9,2243,2395,1375,677,161,5,516,654,1323,801,5
ENG-Premier League,2122,Brighton,Pascal Groß,GER,"MF,DF",30.0,22.6,31,21,18,10,3,12,34,35.3,22,401,118,29.4,130,149,122,39,7,0,32,16,47,24,0
ENG-Premier League,2122,Brighton,Robert Sánchez,ESP,GK,23.0,37.0,0,0,0,0,0,0,0,,0,5,1,20.0,5,0,0,2,0,0,2,0,0,0,4
ENG-Premier League,2122,Brighton,Shane Duffy,IRL,DF,29.0,16.0,16,9,12,1,3,5,13,38.5,8,85,19,22.4,50,31,4,35,19,1,16,18,34,91,1
ENG-Premier League,2122,Brighton,Solly March,ENG,"DF,FW",27.0,19.4,38,22,15,9,14,9,24,37.5,15,260,72,27.7,71,82,107,33,4,0,29,31,69,23,0
ENG-Premier League,2122,Brighton,Squad Total,,,26.2,38.0,722,452,323,280,119,242,569,42.5,327,5667,1831,32.3,1793,2280,1594,649,166,3,483,559,1281,753,14
ENG-Premier League,2122,Brighton,Steven Alzate,COL,MF,22.0,4.5,9,8,3,5,1,3,5,60.0,2,79,20,25.3,30,37,12,5,1,0,4,14,23,10,0
ENG-Premier League,2122,Brighton,Tariq Lamptey,ENG,"DF,FW",20.0,17.3,38,23,15,18,5,14,26,53.8,12,245,74,30.2,78,96,71,22,4,0,18,37,75,19,0
ENG-Premier League,2122,Brighton,Taylor Richards,ENG,"MF,FW",20.0,0.3,0,0,0,0,0,0,2,0.0,2,10,5,50.0,5,5,0,0,0,0,0,0,0,0,0
ENG-Premier League,2122,Brighton,Yves Bissouma,MLI,MF,24.0,23.5,73,50,36,34,3,18,33,54.5,15,415,149,35.9,166,201,48,43,5,0,38,55,128,51,0
ENG-Premier League,2122,Burnley,Aaron Lennon,ENG,MF,34.0,17.2,38,18,13,16,9,9,39,23.1,30,348,83,23.9,97,142,109,32,4,0,28,15,53,13,0
ENG-Premier League,2122,Burnley,Ashley Barnes,ENG,FW,31.0,9.0,13,10,4,6,3,2,6,33.3,4,157,35,22.3,16,84,57,6,1,1,5,6,19,4,0
ENG-Premier League,2122,Burnley,Ashley Westwood,ENG,MF,31.0,25.4,30,23,7,20,3,13,29,44.8,16,434,92,21.2,126,247,61,19,9,0,10,43,73,20,0
ENG-Premier League,2122,Burnley,Ben Mee,ENG,DF,31.0,20.4,27,16,15,9,3,11,22,50.0,11,109,39,35.8,61,42,6,40,26,1,14,35,62,122,0
ENG-Premier League,2122,Burnley,Charlie Taylor,ENG,DF,27.0,30.3,54,24,33,18,3,28,48,58.3,20,243,62,25.5,130,85,28,95,20,0,75,72,126,84,1
ENG-Premier League,2122,Burnley,Chris Wood,NZL,FW,29.0,15.2,11,8,2,5,4,4,8,50.0,4,198,60,30.3,8,81,109,16,7,0,9,4,15,6,0
ENG-Premier League,2122,Burnley,Connor Roberts,WAL,DF,25.0,18.8,21,13,11,7,3,8,16,50.0,8,157,46,29.3,72,62,23,49,8,0,41,42,63,55,1
ENG-Premier League,2122,Burnley,Dale Stephens,ENG,MF,32.0,1.4,7,2,2,4,1,1,5,20.0,4,41,14,34.1,7,29,5,4,1,0,3,2,9,1,0
ENG-Premier League,2122,Burnley,Dwight McNeil,ENG,MF,21.0,34.5,68,36,28,32,8,22,74,29.7,52,680,172,25.3,237,288,155,82,12,2,70,67,135,20,0
ENG-Premier League,2122,Burnley,Erik Pieters,NED,DF,32.0,8.1,28,16,22,5,1,16,35,45.7,19,143,40,28.0,75,53,15,25,7,0,18,23,51,27,1
ENG-Premier League,2122,Burnley,Jack Cork,ENG,MF,32.0,18.6,17,8,4,10,3,5,24,20.8,19,343,94,27.4,107,176,60,26,5,0,21,34,51,27,0
ENG-Premier League,2122,Burnley,James Tarkowski,ENG,DF,28.0,34.5,71,42,52,18,1,32,57,56.1,25,261,94,36.0,176,73,12,92,63,3,29,72,143,216,5
ENG-Premier League,2122,Burnley,Jay Rodriguez,ENG,FW,32.0,15.4,22,10,9,8,5,3,15,20.0,12,330,70,21.2,74,114,142,25,3,0,22,6,28,12,0
ENG-Premier League,2122,Burnley,Josh Brownhill,ENG,MF,25.0,32.8,73,41,25,42,6,15,46,32.6,31,540,168,31.1,168,271,101,51,16,0,35,79,152,49,0
ENG-Premier League,2122,Burnley,Jóhann Berg Guðmundsson,ISL,MF,30.0,12.2,19,9,10,7,2,9,20,45.0,11,170,44,25.9,49,69,52,18,2,0,16,17,36,21,0
ENG-Premier League,2122,Burnley,Kevin Long,IRL,DF,30.0,4.6,6,5,3,3,0,0,2,0.0,2,42,13,31.0,22,16,4,8,3,0,5,7,13,15,0
ENG-Premier League,2122,Burnley,Matthew Lowton,ENG,DF,32.0,19.7,45,26,21,17,7,21,46,45.7,25,188,61,32.4,74,70,44,45,13,0,32,34,79,68,0
ENG-Premier League,2122,Burnley,Matěj Vydra,CZE,FW,29.0,7.5,12,8,3,3,6,3,5,60.0,2,159,40,25.2,17,62,80,5,1,0,4,3,15,9,0
ENG-Premier League,2122,Burnley,Maxwel Cornet,CIV,"FW,MF",24.0,19.6,20,11,7,7,6,4,11,36.4,7,303,84,27.7,68,127,108,14,4,0,10,11,31,16,0
ENG-Premier League,2122,Burnley,Nathan Collins,IRL,DF,20.0,18.6,30,23,24,4,2,9,23,39.1,14,161,54,33.5,103,46,12,48,26,1,22,37,67,102,1
ENG-Premier League,2122,Burnley,Nick Pope,ENG,GK,29.0,36.0,0,0,0,0,0,0,2,0.0,2,1,1,100.0,1,0,0,0,0,0,0,0,0,4,2
ENG-Premier League,2122,Burnley,Opponent Total,,,26.7,38.0,522,306,247,208,67,193,476,40.5,283,4517,1411,31.2,1572,1994,951,574,119,3,455,455,977,1051,11
ENG-Premier League,2122,Burnley,Squad Total,,,28.5,38.0,629,361,299,250,80,221,553,40.0,332,5527,1499,27.1,1770,2362,1395,730,236,8,494,617,1246,903,11
ENG-Premier League,2122,Burnley,Wayne Hennessey,WAL,GK,34.0,2.0,0,0,0,0,0,0,0,,0,1,0,0.0,1,0,0,0,0,0,0,0,0,0,0
ENG-Premier League,2122,Burnley,Wout Weghorst,NED,FW,28.0,16.1,17,12,4,9,4,6,20,30.0,14,518,133,25.7,81,225,212,30,5,0,25,8,25,12,0
ENG-Premier League,2122,Chelsea,Andreas Christensen,DEN,DF,25.0,16.6,18,12,11,4,3,10,15,66.7,5,148,51,34.5,84,52,12,30,9,0,21,52,70,87,1
ENG-Premier League,2122,Chelsea,Antonio Rüdiger,GER,DF,28.0,33.7,53,28,30,21,2,30,46,65.2,16,294,92,31.3,146,115,33,41,13,0,28,43,96,110,1
ENG-Premier League,2122,Chelsea,Ben Chilwell,ENG,DF,24.0,6.0,10,5,3,6,1,0,5,0.0,5,92,31,33.7,34,36,22,10,0,0,10,6,16,15,1
ENG-Premier League,2122,Chelsea,Callum Hudson-Odoi,ENG,"FW,MF",20.0,10.7,13,6,4,7,2,3,15,20.0,12,158,38,24.1,24,77,57,13,0,0,13,5,18,5,0
ENG-Premier League,2122,Chelsea,Christian Pulisic,USA,"MF,FW",22.0,14.3,18,9,5,11,2,2,12,16.7,10,294,72,24.5,47,124,123,18,0,0,18,11,29,9,0
ENG-Premier League,2122,Chelsea,César Azpilicueta,ESP,DF,31.0,23.0,54,31,22,27,5,21,43,48.8,22,356,104,29.2,143,158,55,62,11,0,51,37,91,71,1
ENG-Premier League,2122,Chelsea,Edouard Mendy,SEN,GK,29.0,34.0,0,0,0,0,0,0,2,0.0,2,3,1,33.3,3,0,0,0,0,0,0,0,0,1,5
ENG-Premier League,2122,Chelsea,Emerson Palmieri,ITA,DF,26.0,0.1,0,0,0,0,0,0,0,,0,0,0,,0,0,0,0,0,0,0,0,0,0,0
ENG-Premier League,2122,Chelsea,Hakim Ziyech,MAR,"FW,MF",28.0,14.7,20,11,5,11,4,4,25,16.0,21,266,78,29.3,53,118,95,18,1,0,17,20,40,9,0
ENG-Premier League,2122,Chelsea,Jorginho,ITA,MF,29.0,25.3,68,46,30,32,6,23,76,30.3,53,488,175,35.9,176,237,75,35,6,0,29,60,128,21,1
ENG-Premier League,2122,Chelsea,Kai Havertz,GER,"FW,MF",22.0,20.1,21,13,4,12,5,5,18,27.8,13,352,95,27.0,36,128,188,37,1,0,36,6,27,30,0
ENG-Premier League,2122,Chelsea,Kenedy,BRA,DF,25.0,0.6,3,2,0,1,2,0,2,0.0,2,9,2,22.2,1,5,3,2,0,0,2,0,3,0,0
ENG-Premier League,2122,Chelsea,Kepa Arrizabalaga,ESP,GK,26.0,4.0,0,0,0,0,0,0,0,,0,0,0,,0,0,0,0,0,0,0,0,0,0,0
ENG-Premier League,2122,Chelsea,Malang Sarr,FRA,DF,22.0,6.1,13,4,10,2,1,3,7,42.9,4,68,23,33.8,40,22,6,9,3,0,6,12,25,26,0
ENG-Premier League,2122,Chelsea,Marcos Alonso,ESP,DF,30.0,24.1,45,28,21,13,11,14,32,43.8,18,300,85,28.3,121,101,78,39,6,0,33,66,111,55,0
ENG-Premier League,2122,Chelsea,Mason Mount,ENG,"MF,FW",22.0,26.3,43,29,10,18,15,11,33,33.3,22,528,161,30.5,86,208,234,23,2,0,21,20,63,11,0
ENG-Premier League,2122,Chelsea,Mateo Kovačić,CRO,MF,27.0,17.3,52,40,15,27,10,17,33,51.5,16,379,115,30.3,97,214,68,18,4,0,14,20,72,13,1
ENG-Premier League,2122,Chelsea,N'Golo Kanté,FRA,MF,30.0,19.7,57,34,22,22,13,19,38,50.0,19,385,134,34.8,123,180,82,37,2,0,35,44,101,14,0
ENG-Premier League,2122,Chelsea,Opponent Total,,,26.7,38.0,698,440,353,267,78,221,610,36.2,389,6945,1796,25.9,2396,3000,1549,632,195,1,437,646,1344,782,9
ENG-Premier League,2122,Chelsea,Reece James,ENG,DF,21.0,20.7,39,23,22,14,3,8,25,32.0,17,265,93,35.1,98,107,60,29,3,1,26,21,60,21,0
ENG-Premier League,2122,Chelsea,Romelu Lukaku,BEL,FW,28.0,17.7,5,3,0,2,3,2,5,40.0,3,190,55,28.9,6,63,121,10,3,0,7,1,6,21,0
ENG-Premier League,2122,Chelsea,Ross Barkley,ENG,MF,27.0,2.0,1,1,0,1,0,0,1,0.0,1,18,3,16.7,1,10,7,1,0,0,1,2,3,0,0
ENG-Premier League,2122,Chelsea,Ruben Loftus-Cheek,ENG,"MF,DF",25.0,15.5,31,20,17,10,4,5,16,31.3,11,251,84,33.5,81,124,46,21,6,0,15,15,46,22,0
ENG-Premier League,2122,Chelsea,Saúl Ñíguez,ESP,"MF,DF",26.0,5.3,15,8,7,6,2,6,15,40.0,9,103,29,28.2,43,48,12,13,3,0,10,14,29,7,1
ENG-Premier League,2122,Chelsea,Squad Total,,,27.4,38.0,660,401,272,283,105,214,536,39.9,322,5533,1702,30.8,1643,2365,1525,562,114,5,448,557,1217,730,13
ENG-Premier League,2122,Chelsea,Thiago Silva,BRA,DF,36.0,29.4,36,23,18,15,3,11,25,44.0,14,173,57,32.9,101,66,6,65,31,3,34,65,101,114,0
ENG-Premier League,2122,Chelsea,Timo Werner,GER,"FW,MF",25.0,14.3,7,4,0,3,4,0,17,0.0,17,248,64,25.8,35,86,127,11,1,0,10,4,11,3,0
ENG-Premier League,2122,Chelsea,Trevoh Chalobah,ENG,DF,22.0,16.1,38,21,16,18,4,20,30,66.7,10,165,60,36.4,64,86,15,20,9,1,11,33,71,65,1
ENG-Premier League,2122,Crystal Palace,Cheikhou Kouyaté,SEN,MF,31.0,21.9,60,34,32,26,2,15,34,44.1,19,393,115,29.3,193,177,23,59,17,0,42,45,105,54,0
ENG-Premier League,2122,Crystal Palace,Christian Benteke,BEL,FW,30.0,12.7,8,2,2,4,2,2,6,33.3,4,120,32,26.7,9,50,61,8,4,0,4,1,9,30,1
ENG-Premier League,2122,Crystal Palace,Conor Gallagher,ENG,MF,21.0,31.6,69,44,33,20,16,14,61,23.0,47,781,221,28.3,208,361,212,56,10,0,46,43,112,27,0
ENG-Premier League,2122,Crystal Palace,Eberechi Eze,ENG,"MF,FW",23.0,6.7,10,5,4,3,3,6,12,50.0,6,86,24,27.9,18,48,20,7,1,0,6,8,18,1,0
ENG-Premier League,2122,Crystal Palace,Jack Butland,ENG,GK,28.0,8.5,0,0,0,0,0,0,0,,0,0,0,,0,0,0,0,0,0,0,0,0,0,0
ENG-Premier League,2122,Crystal Palace,James McArthur,SCO,MF,33.0,16.0,37,26,18,17,2,15,40,37.5,25,376,129,34.3,130,197,49,34,9,0,25,34,71,42,0
ENG-Premier League,2122,Crystal Palace,James Tomkins,ENG,DF,32.0,6.1,12,6,7,5,0,5,7,71.4,2,49,20,40.8,33,16,0,13,8,0,5,10,22,14,0
ENG-Premier League,2122,Crystal Palace,Jaïro Riedewald,NED,MF,24.0,1.3,2,2,0,1,1,2,4,50.0,2,11,3,27.3,7,2,2,4,0,0,4,0,2,2,0
ENG-Premier League,2122,Crystal Palace,Jean-Philippe Mateta,FRA,FW,24.0,12.7,7,5,1,5,1,3,13,23.1,10,249,50,20.1,22,138,89,12,3,0,9,4,11,15,0
ENG-Premier League,2122,Crystal Palace,Jeffrey Schlupp,GHA,"MF,FW",28.0,20.6,49,23,18,23,8,14,40,35.0,26,382,122,31.9,110,196,76,50,10,0,40,25,74,33,0
ENG-Premier League,2122,Crystal Palace,Jesuran Rak Sakyi,ENG,"FW,MF",18.0,0.9,0,0,0,0,0,0,1,0.0,1,20,2,10.0,3,9,8,2,0,0,2,3,3,0,0
ENG-Premier League,2122,Crystal Palace,Joachim Andersen,DEN,DF,25.0,32.4,36,23,26,10,0,14,28,50.0,14,157,58,36.9,95,55,7,41,21,0,20,60,96,156,2
ENG-Premier League,2122,Crystal Palace,Joel Ward,ENG,DF,31.0,27.6,48,28,30,17,1,24,51,47.1,27,284,84,29.6,151,96,37,53,12,0,41,54,102,104,1
ENG-Premier League,2122,Crystal Palace,Jordan Ayew,GHA,FW,29.0,22.4,52,34,19,22,11,11,22,50.0,11,515,146,28.3,121,227,167,37,4,0,33,28,80,9,0
ENG-Premier League,2122,Crystal Palace,Luka Milivojević,SRB,MF,30.0,8.6,21,13,10,9,2,13,23,56.5,10,137,45,32.8,56,67,14,9,1,0,8,9,30,21,0
ENG-Premier League,2122,Crystal Palace,Marc Guéhi,ENG,DF,21.0,35.8,33,22,23,9,1,11,17,64.7,6,223,91,40.8,142,70,11,46,29,0,17,58,91,143,0
ENG-Premier League,2122,Crystal Palace,Michael Olise,FRA,"FW,MF",19.0,12.7,22,15,9,8,5,9,20,45.0,11,240,68,28.3,70,115,55,22,0,0,22,13,35,9,0
ENG-Premier League,2122,Crystal Palace,Nathan Ferguson,ENG,DF,20.0,0.1,0,0,0,0,0,0,0,,0,1,0,0.0,1,0,0,0,0,0,0,0,0,0,0
ENG-Premier League,2122,Crystal Palace,Nathaniel Clyne,ENG,DF,30.0,15.0,22,11,9,12,1,7,15,46.7,8,126,43,34.1,64,43,19,10,2,0,8,33,55,31,0
ENG-Premier League,2122,Crystal Palace,Odsonne Édouard,FRA,FW,23.0,17.4,17,13,2,7,8,2,19,10.5,17,340,98,28.8,45,142,153,24,5,0,19,11,28,16,0
ENG-Premier League,2122,Crystal Palace,Opponent Total,,,26.8,38.0,833,487,376,344,113,269,651,41.3,382,6270,1844,29.4,1873,2827,1570,556,125,0,431,580,1413,712,13
ENG-Premier League,2122,Crystal Palace,Squad Total,,,27.1,38.0,690,410,341,261,88,226,525,43.0,299,6003,1797,29.9,2081,2623,1299,615,149,0,466,564,1254,810,6
ENG-Premier League,2122,Crystal Palace,Tyrick Mitchell,ENG,DF,21.0,34.5,108,54,74,24,10,43,65,66.2,22,683,218,31.9,394,189,100,76,6,0,70,79,187,85,1
ENG-Premier League,2122,Crystal Palace,Vicente Guaita,ESP,GK,34.0,29.5,0,0,0,0,0,0,0,,0,1,0,0.0,1,0,0,0,0,0,0,0,0,0,1
ENG-Premier League,2122,Crystal Palace,Wilfried Zaha,CIV,FW,28.0,30.7,48,35,15,22,11,9,28,32.1,19,617,172,27.9,137,304,176,27,0,0,27,24,72,4,0
ENG-Premier League,2122,Crystal Palace,Will Hughes,ENG,MF,26.0,11.7,29,15,9,17,3,7,19,36.8,12,212,56,26.4,71,121,20,25,7,0,18,22,51,14,0
ENG-Premier League,2122,Everton,Abdoulaye Doucouré,MLI,MF,28.0,28.2,76,45,37,36,3,26,70,37.1,44,656,179,27.3,248,308,100,42,8,0,34,41,117,33,0
ENG-Premier League,2122,Everton,Alex Iwobi,NGA,"MF,DF",25.0,22.6,46,28,24,15,7,20,47,42.6,27,519,153,29.5,182,211,126,45,4,0,41,40,86,23,0
ENG-Premier League,2122,Everton,Allan,BRA,MF,30.0,24.3,77,61,31,41,5,26,88,29.5,62,648,204,31.5,260,327,61,46,9,0,37,42,119,40,0
ENG-Premier League,2122,Everton,Andros Townsend,ENG,MF,30.0,16.2,29,15,15,9,5,8,35,22.9,27,302,98,32.5,85,128,89,44,3,0,41,21,50,6,0
ENG-Premier League,2122,Everton,André Gomes,POR,MF,28.0,6.9,15,9,6,5,4,7,22,31.8,15,198,51,25.8,70,92,36,13,2,0,11,11,26,3,1
ENG-Premier League,2122,Everton,Anthony Gordon,ENG,"MF,FW",20.0,25.4,62,36,29,23,10,22,63,34.9,41,596,154,25.8,153,275,168,58,5,0,53,36,98,8,0
ENG-Premier League,2122,Everton,Anwar El Ghazi,NED,FW,26.0,0.1,1,1,1,0,0,1,1,100.0,0,10,3,30.0,2,3,5,2,0,0,2,1,2,0,0
ENG-Premier League,2122,Everton,Asmir Begović,BIH,GK,34.0,3.0,0,0,0,0,0,0,0,,0,0,0,,0,0,0,0,0,0,0,0,0,2,0
ENG-Premier League,2122,Everton,Ben Godfrey,ENG,DF,23.0,22.5,53,26,29,19,5,16,30,53.3,14,266,89,33.5,134,109,23,48,20,0,28,48,101,98,3
ENG-Premier League,2122,Everton,Cenk Tosun,TUR,FW,30.0,0.1,0,0,0,0,0,0,0,,0,1,0,0.0,0,0,1,0,0,0,0,0,0,0,0
ENG-Premier League,2122,Everton,Dele Alli,ENG,MF,25.0,3.8,15,10,6,6,3,5,12,41.7,7,127,34,26.8,35,62,30,9,2,0,7,10,25,7,0
ENG-Premier League,2122,Everton,Demarai Gray,ENG,"MF,FW",25.0,26.0,33,19,13,12,8,15,32,46.9,17,339,109,32.2,83,133,123,38,2,0,36,16,49,15,1
ENG-Premier League,2122,Everton,Dominic Calvert-Lewin,ENG,FW,24.0,14.3,14,11,2,5,7,2,6,33.3,4,198,49,24.7,11,93,94,11,3,0,8,6,20,12,0
ENG-Premier League,2122,Everton,Donny van de Beek,NED,MF,24.0,5.4,15,9,8,6,1,6,15,40.0,9,100,26,26.0,27,52,21,7,3,0,4,9,24,5,0
ENG-Premier League,2122,Everton,Ellis Simms,ENG,FW,20.0,0.7,0,0,0,0,0,0,0,,0,10,3,30.0,2,5,3,2,1,0,1,0,0,0,0
ENG-Premier League,2122,Everton,Fabian Delph,ENG,MF,31.0,7.4,19,13,8,9,2,6,22,27.3,16,127,39,30.7,35,77,15,13,5,0,8,19,38,9,0
ENG-Premier League,2122,Everton,Isaac Price,NIR,MF,17.0,0.2,1,0,0,1,0,1,1,100.0,0,8,1,12.5,4,3,1,1,0,0,1,1,2,0,0
ENG-Premier League,2122,Everton,Jarrad Branthwaite,ENG,DF,19.0,4.3,3,2,3,0,0,1,7,14.3,6,41,16,39.0,29,12,0,7,2,0,5,8,11,16,0
ENG-Premier League,2122,Everton,Jean-Philippe Gbamin,CIV,MF,25.0,0.7,2,1,1,1,0,0,1,0.0,1,14,7,50.0,8,3,3,0,0,0,0,0,2,1,0
ENG-Premier League,2122,Everton,Jonjoe Kenny,ENG,DF,24.0,11.3,19,12,9,9,1,14,28,50.0,14,141,51,36.2,64,64,13,17,2,0,15,32,51,21,0
ENG-Premier League,2122,Everton,Jordan Pickford,ENG,GK,27.0,35.0,1,0,1,0,0,0,1,0.0,1,7,1,14.3,7,0,0,2,0,0,2,0,1,1,0
ENG-Premier League,2122,Everton,Lewis Dobbin,ENG,"FW,MF",18.0,0.4,2,2,0,1,1,0,2,0.0,2,19,5,26.3,4,7,8,0,0,0,0,1,3,0,0
ENG-Premier League,2122,Everton,Lucas Digne,FRA,DF,28.0,13.0,35,17,26,5,4,22,30,73.3,8,161,43,26.7,80,50,31,28,5,0,23,31,66,30,0
ENG-Premier League,2122,Everton,Mason Holgate,ENG,DF,24.0,23.7,44,26,31,12,1,14,30,46.7,16,231,78,33.8,142,74,15,30,19,2,11,42,86,127,0
ENG-Premier League,2122,Everton,Michael Keane,ENG,DF,28.0,31.0,49,35,35,12,2,25,43,58.1,18,228,93,40.8,131,81,16,51,32,0,19,62,111,149,2
ENG-Premier League,2122,Everton,Moise Kean,ITA,FW,21.0,0.0,0,0,0,0,0,0,0,,0,0,0,,0,0,0,0,0,0,0,0,0,0,0
ENG-Premier League,2122,Everton,Opponent Total,,,26.8,38.0,662,368,311,257,94,230,571,40.3,341,5260,1675,31.8,1916,2144,1200,602,164,2,438,535,1197,813,8
ENG-Premier League,2122,Everton,Richarlison,BRA,"FW,MF",24.0,28.0,40,27,14,14,12,13,25,52.0,12,590,144,24.4,89,237,264,48,5,0,43,21,61,32,0
ENG-Premier League,2122,Everton,Salomón Rondón,VEN,FW,31.0,8.8,6,2,0,3,3,3,10,30.0,7,172,50,29.1,17,75,80,6,1,0,5,4,10,11,0
ENG-Premier League,2122,Everton,Squad Total,,,26.7,38.0,779,477,405,275,99,304,714,42.6,410,6346,1892,29.8,2222,2712,1412,684,160,3,524,600,1379,809,10
ENG-Premier League,2122,Everton,Séamus Coleman,IRL,DF,32.0,29.5,72,42,41,20,11,29,47,61.7,18,336,124,36.9,159,130,47,59,13,0,46,54,126,75,1
ENG-Premier League,2122,Everton,Tom Davies,ENG,MF,23.0,2.6,4,2,1,2,1,1,5,20.0,4,49,13,26.5,19,21,9,4,1,0,3,8,12,7,0
ENG-Premier League,2122,Everton,Tyler Onyango,ENG,"MF,FW",18.0,0.3,1,0,1,0,0,0,1,0.0,1,10,2,20.0,6,3,1,0,0,0,0,1,2,0,0
ENG-Premier League,2122,Everton,Vitaliy Mykolenko,UKR,DF,22.0,11.7,28,14,16,9,3,12,26,46.2,14,172,43,25.0,88,58,26,34,2,0,32,25,53,31,1
ENG-Premier League,2122,Everton,Yerry Mina,COL,DF,26.0,9.4,17,12,17,0,0,9,14,64.3,5,70,30,42.9,48,19,3,19,11,1,8,10,27,47,1
ENG-Premier League,2122,Leeds United,Adam Forshaw,ENG,MF,29.0,17.0,51,28,20,29,2,21,48,43.8,27,408,124,30.4,127,215,66,19,1,0,18,30,81,19,1
ENG-Premier League,2122,Leeds United,Charlie Cresswell,ENG,DF,18.0,1.6,7,3,4,3,0,3,3,100.0,0,29,5,17.2,14,15,0,2,1,0,1,4,11,10,0
ENG-Premier League,2122,Leeds United,Cody Drameh,ENG,DF,19.0,1.4,6,3,4,2,0,2,4,50.0,2,29,8,27.6,16,10,3,2,0,0,2,3,9,2,0
ENG-Premier League,2122,Leeds United,Crysencio Summerville,NED,"MF,FW",19.0,1.4,6,4,2,1,3,3,3,100.0,0,22,9,40.9,5,7,10,2,0,0,2,5,11,0,0
ENG-Premier League,2122,Leeds United,Daniel James,WAL,"FW,MF",23.0,26.3,35,17,12,13,10,11,27,40.7,16,580,149,25.7,87,221,272,24,2,0,22,19,54,12,0
ENG-Premier League,2122,Leeds United,Diego Llorente,ESP,DF,27.0,26.0,56,35,38,16,2,30,53,56.6,23,361,140,38.8,208,140,13,61,19,0,42,61,117,104,1
ENG-Premier League,2122,Leeds United,Hélder Costa,ANG,MF,27.0,0.2,0,0,0,0,0,0,2,0.0,2,9,2,22.2,1,5,3,0,0,0,0,0,0,0,0
ENG-Premier League,2122,Leeds United,Illan Meslier,FRA,GK,21.0,37.6,0,0,0,0,0,0,0,,0,5,2,40.0,5,0,0,0,0,0,0,0,0,2,2
ENG-Premier League,2122,Leeds United,Jack Harrison,ENG,"FW,MF",24.0,29.3,56,32,20,23,13,26,59,44.1,33,600,168,28.0,170,254,176,53,3,0,50,41,97,31,0
ENG-Premier League,2122,Leeds United,Jamie Shackleton,ENG,"DF,MF",21.0,7.9,26,18,17,7,2,9,21,42.9,12,115,39,33.9,52,49,14,16,7,1,9,10,36,9,2
ENG-Premier League,2122,Leeds United,Joe Gelhardt,ENG,"FW,MF",19.0,8.3,12,6,4,2,6,3,10,30.0,7,204,68,33.3,19,93,92,8,0,0,8,4,16,3,0
ENG-Premier League,2122,Leeds United,Junior Firpo,ESP,DF,24.0,19.0,73,38,41,27,5,33,68,48.5,35,356,103,28.9,184,130,42,37,8,1,29,33,106,47,0
ENG-Premier League,2122,Leeds United,Kalvin Phillips,ENG,MF,25.0,17.7,65,43,27,33,5,18,48,37.5,30,504,149,29.6,163,261,80,42,10,0,32,34,99,30,1
ENG-Premier League,2122,Leeds United,Kristoffer Klaesson,NOR,GK,20.0,0.4,0,0,0,0,0,0,0,,0,0,0,,0,0,0,0,0,0,0,0,0,0,0
ENG-Premier League,2122,Leeds United,Leo Fuhr Hjelde,NOR,DF,17.0,1.7,4,2,4,0,0,3,3,100.0,0,30,11,36.7,13,12,5,3,3,0,0,4,8,8,0
ENG-Premier League,2122,Leeds United,Lewis Bate,ENG,MF,18.0,1.6,1,0,0,0,1,0,6,0.0,6,73,10,13.7,21,48,4,2,0,0,2,5,6,2,0
ENG-Premier League,2122,Leeds United,Liam Cooper,SCO,DF,29.0,20.2,35,18,21,13,1,15,27,55.6,12,201,74,36.8,123,75,3,32,18,0,14,40,75,117,3
ENG-Premier League,2122,Leeds United,Liam McCarron,SCO,FW,20.0,0.1,0,0,0,0,0,0,0,,0,3,0,0.0,2,0,1,0,0,0,0,0,0,0,0
ENG-Premier League,2122,Leeds United,Luke Ayling,ENG,DF,29.0,25.2,79,45,50,24,5,49,101,48.5,52,392,137,34.9,215,137,40,49,28,0,21,54,133,68,1
ENG-Premier League,2122,Leeds United,Mateusz Klich,POL,MF,31.0,23.0,49,26,18,24,7,19,66,28.8,47,595,150,25.2,178,312,105,24,6,0,18,31,80,24,0
ENG-Premier League,2122,Leeds United,Opponent Total,,,26.9,38.0,706,416,325,280,101,286,613,46.7,327,5456,1804,33.1,1603,2315,1538,649,168,7,481,670,1376,736,11
ENG-Premier League,2122,Leeds United,Pascal Struijk,NED,DF,21.0,22.8,68,35,42,22,4,28,50,56.0,22,387,140,36.2,202,158,27,57,27,0,30,63,131,82,3
ENG-Premier League,2122,Leeds United,Patrick Bamford,ENG,FW,27.0,6.2,3,2,1,2,0,1,4,25.0,3,111,38,34.2,4,47,60,6,3,0,3,3,6,8,0
ENG-Premier League,2122,Leeds United,Raphael Dias Belloli,BRA,"FW,MF",24.0,32.4,54,25,24,19,11,18,69,26.1,51,574,136,23.7,142,239,193,59,2,0,57,43,97,23,0
ENG-Premier League,2122,Leeds United,Robin Koch,GER,"MF,DF",25.0,17.5,31,20,15,11,5,12,36,33.3,24,299,100,33.4,135,131,33,33,11,1,22,34,65,46,0
ENG-Premier League,2122,Leeds United,Rodrigo,ESP,"MF,FW",30.0,25.2,26,18,5,12,9,9,26,34.6,17,417,118,28.3,66,183,168,15,1,0,14,19,45,27,0
ENG-Premier League,2122,Leeds United,Sam Greenwood,ENG,"MF,FW",19.0,2.6,8,2,0,7,1,3,7,42.9,4,73,16,21.9,7,42,24,2,1,0,1,2,10,3,0
ENG-Premier League,2122,Leeds United,Squad Total,,,26.1,38.0,858,473,435,321,102,373,871,42.8,498,7078,2118,29.9,2446,3081,1551,622,168,4,454,627,1485,751,14
ENG-Premier League,2122,Leeds United,Stuart Dallas,NIR,"DF,MF",30.0,32.4,90,46,59,25,6,48,115,41.7,67,531,177,33.3,262,212,57,64,16,1,48,78,168,66,0
ENG-Premier League,2122,Leeds United,Stuart McKinstry,SCO,MF,18.0,0.0,0,0,0,0,0,0,0,,0,1,1,100.0,1,0,0,0,0,0,0,0,0,0,0
ENG-Premier League,2122,Leeds United,Tyler Roberts,WAL,"MF,FW",22.0,11.0,17,7,7,6,4,9,15,60.0,6,169,44,26.0,24,85,60,10,1,0,9,7,24,8,0
ENG-Premier League,2122,Leicester City,Ademola Lookman,NGA,"FW,MF",23.0,16.1,41,25,14,20,7,9,26,34.6,17,345,98,28.4,81,163,101,26,1,0,25,20,61,2,0
ENG-Premier League,2122,Leicester City,Ayoze Pérez,ESP,"MF,FW",28.0,4.9,8,6,2,5,1,2,11,18.2,9,128,33,25.8,31,62,35,11,2,0,9,9,17,3,0
ENG-Premier League,2122,Leicester City,Boubakary Soumaré,FRA,MF,22.0,12.2,24,13,10,10,4,6,18,33.3,12,250,62,24.8,92,126,32,13,2,0,11,17,41,19,0
ENG-Premier League,2122,Leicester City,Daniel Amartey,GHA,DF,26.0,23.6,25,12,15,9,1,16,32,50.0,16,172,54,31.4,97,67,8,48,24,1,24,30,55,110,2
ENG-Premier League,2122,Leicester City,Danny Ward,WAL,GK,28.0,1.0,0,0,0,0,0,0,0,,0,0,0,,0,0,0,0,0,0,0,0,0,0,0
ENG-Premier League,2122,Leicester City,Hamza Choudhury,ENG,"DF,MF",23.0,3.2,8,2,3,5,0,2,5,40.0,3,42,6,14.3,15,24,3,5,0,0,5,16,24,12,0
ENG-Premier League,2122,Leicester City,Harvey Barnes,ENG,"FW,MF",23.0,23.3,31,13,9,12,10,5,25,20.0,20,295,89,30.2,73,118,104,26,1,0,25,10,41,6,0
ENG-Premier League,2122,Leicester City,James Justin,ENG,DF,23.0,11.1,31,21,14,12,5,9,18,50.0,9,181,52,28.7,86,72,23,28,5,0,23,27,58,33,0
ENG-Premier League,2122,Leicester City,James Maddison,ENG,"MF,FW",24.0,27.3,45,24,10,25,10,8,31,25.8,23,498,114,22.9,116,251,131,27,3,0,24,20,65,10,0
ENG-Premier League,2122,Leicester City,Jamie Vardy,ENG,FW,34.0,20.1,7,4,0,4,3,1,6,16.7,5,275,67,24.4,13,117,145,10,1,0,9,7,14,16,0
ENG-Premier League,2122,Leicester City,Jannik Vestergaard,DEN,DF,28.0,6.3,16,11,13,3,0,6,15,40.0,9,60,22,36.7,45,15,0,15,10,0,5,15,31,41,1
ENG-Premier League,2122,Leicester City,Jonny Evans,NIR,DF,33.0,15.0,27,18,18,7,2,16,28,57.1,12,123,49,39.8,77,41,5,22,13,0,9,31,58,61,0
ENG-Premier League,2122,Leicester City,Kasey McAteer,ENG,FW,19.0,0.0,0,0,0,0,0,0,0,,0,4,1,25.0,0,2,2,0,0,0,0,0,0,0,0
ENG-Premier League,2122,Leicester City,Kasper Schmeichel,DEN,GK,34.0,37.0,0,0,0,0,0,0,2,0.0,2,2,0,0.0,2,0,0,0,0,0,0,0,0,1,2
ENG-Premier League,2122,Leicester City,Kelechi Iheanacho,NGA,FW,24.0,14.0,15,9,2,9,4,4,12,33.3,8,244,65,26.6,17,111,116,16,1,0,15,4,19,10,0
ENG-Premier League,2122,Leicester City,Kiernan Dewsbury Hall,ENG,MF,22.0,23.4,40,25,24,12,4,13,35,37.1,22,468,113,24.1,155,183,130,46,8,0,38,27,67,28,1
ENG-Premier League,2122,Leicester City,Lewis Brunt,ENG,MF,20.0,0.3,0,0,0,0,0,0,0,,0,5,0,0.0,0,3,2,1,0,0,1,0,0,0,0
ENG-Premier League,2122,Leicester City,Luke Thomas,ENG,DF,20.0,21.2,48,29,33,10,5,20,52,38.5,32,381,105,27.6,200,136,45,57,15,1,42,40,88,48,1
ENG-Premier League,2122,Leicester City,Marc Albrighton,ENG,"FW,DF",31.0,12.6,33,16,17,9,7,10,41,24.4,31,289,63,21.8,98,141,50,27,5,1,22,25,58,10,0
ENG-Premier League,2122,Leicester City,Nampalys Mendy,SEN,MF,29.0,11.5,16,12,9,6,1,6,16,37.5,10,155,56,36.1,65,74,16,16,4,0,12,13,29,9,1
ENG-Premier League,2122,Leicester City,Opponent Total,,,26.8,38.0,671,400,280,285,106,228,543,42.0,315,6019,1678,27.9,1731,2778,1510,601,131,1,470,644,1315,669,11
ENG-Premier League,2122,Leicester City,Patson Daka,ZAM,FW,22.0,12.9,17,11,4,9,4,1,13,7.7,12,233,77,33.0,19,100,114,11,0,0,11,3,20,8,0
ENG-Premier League,2122,Leicester City,Ricardo Pereira,POR,DF,27.0,11.0,45,25,24,15,6,20,39,51.3,19,194,62,32.0,76,81,37,27,4,0,23,25,70,32,0
ENG-Premier League,2122,Leicester City,Ryan Bertrand,ENG,DF,31.0,3.7,9,4,1,7,1,4,5,80.0,1,75,25,33.3,40,24,11,11,3,0,8,3,12,7,0
ENG-Premier League,2122,Leicester City,Squad Total,,,26.5,38.0,751,440,359,298,94,264,665,39.7,401,5982,1719,28.7,2049,2652,1281,637,160,4,477,532,1283,809,14
ENG-Premier League,2122,Leicester City,Timothy Castagne,BEL,DF,25.0,23.6,66,29,33,26,7,23,44,52.3,21,349,108,30.9,150,152,47,53,8,0,45,38,104,65,2
ENG-Premier League,2122,Leicester City,Wesley Fofana,FRA,DF,20.0,7.0,10,5,9,1,0,7,9,77.8,2,56,22,39.3,38,18,0,6,2,0,4,16,26,28,1
ENG-Premier League,2122,Leicester City,Wilfred Ndidi,NGA,"MF,DF",24.0,18.0,70,47,39,28,3,21,47,44.7,26,410,137,33.4,155,214,41,32,6,0,26,45,115,69,0
ENG-Premier League,2122,Leicester City,Youri Tielemans,BEL,MF,24.0,29.2,67,49,24,37,6,30,94,31.9,64,489,146,29.9,164,251,74,47,13,1,34,41,108,42,2
ENG-Premier League,2122,Leicester City,Çağlar Söyüncü,TUR,DF,25.0,27.7,52,30,32,17,3,25,41,61.0,16,259,93,35.9,144,106,9,56,29,0,27,50,102,139,1
ENG-Premier League,2122,Liverpool,Alex Oxlade-Chamberlain,ENG,"MF,FW",27.0,8.7,17,14,3,7,7,5,13,38.5,8,172,63,36.6,26,76,70,11,3,0,8,8,25,7,0
ENG-Premier League,2122,Liverpool,Alisson,BRA,GK,28.0,36.0,0,0,0,0,0,0,2,0.0,2,6,3,50.0,6,0,0,1,0,0,1,0,0,1,2
ENG-Premier League,2122,Liverpool,Andrew Robertson,SCO,DF,27.0,28.2,33,17,14,14,5,14,34,41.2,20,284,86,30.3,85,115,84,43,4,1,39,49,82,58,0
ENG-Premier League,2122,Liverpool,Caoimhín Kelleher,IRL,GK,22.0,2.0,0,0,0,0,0,0,0,,0,0,0,,0,0,0,0,0,0,0,0,0,0,0
ENG-Premier League,2122,Liverpool,Curtis Jones,ENG,MF,20.0,9.5,12,9,3,8,1,2,9,22.2,7,212,61,28.8,37,116,59,5,0,0,5,10,22,2,0
ENG-Premier League,2122,Liverpool,Diogo Jota,POR,FW,24.0,26.3,36,21,14,15,7,10,47,21.3,37,589,164,27.8,98,237,254,19,3,0,16,17,53,6,0
ENG-Premier League,2122,Liverpool,Divock Origi,BEL,FW,26.0,1.5,0,0,0,0,0,0,3,0.0,3,29,5,17.2,2,16,11,2,0,0,2,3,3,1,0
ENG-Premier League,2122,Liverpool,Fabinho,BRA,MF,27.0,25.7,57,37,17,33,7,19,62,30.6,43,413,131,31.7,126,225,62,51,10,0,41,56,113,30,0
ENG-Premier League,2122,Liverpool,Harvey Elliott,ENG,MF,18.0,3.8,3,1,1,0,2,1,7,14.3,6,94,21,22.3,21,50,23,9,1,0,8,3,6,4,0
ENG-Premier League,2122,Liverpool,Ibrahima Konaté,FRA,DF,22.0,11.0,14,8,6,7,1,3,7,42.9,4,86,23,26.7,44,36,6,15,10,1,5,28,42,47,0
ENG-Premier League,2122,Liverpool,James Milner,ENG,"MF,DF",35.0,9.5,35,23,15,15,5,15,35,42.9,20,172,68,39.5,37,93,42,20,6,0,14,22,57,22,0
ENG-Premier League,2122,Liverpool,Joe Gomez,ENG,DF,24.0,3.7,7,4,5,0,2,2,6,33.3,4,42,16,38.1,18,16,8,3,1,0,2,12,19,8,0
ENG-Premier League,2122,Liverpool,Jordan Henderson,ENG,MF,31.0,28.9,37,24,7,26,4,16,47,34.0,31,467,146,31.3,99,257,111,31,3,0,28,43,80,17,0
ENG-Premier League,2122,Liverpool,Joël Matip,CMR,DF,29.0,31.0,48,36,24,18,6,17,29,58.6,12,210,89,42.4,117,74,19,38,17,1,21,66,114,121,1
ENG-Premier League,2122,Liverpool,Kaide Gordon,ENG,FW,16.0,0.1,1,0,0,0,1,1,1,100.0,0,6,3,50.0,0,1,5,0,0,0,0,0,1,0,0
ENG-Premier League,2122,Liverpool,Kostas Tsimikas,GRE,DF,25.0,9.7,20,10,9,6,5,6,16,37.5,10,137,47,34.3,53,45,39,15,2,0,13,14,34,22,0
ENG-Premier League,2122,Liverpool,Luis Díaz,COL,FW,24.0,10.6,12,10,4,4,4,3,10,30.0,7,163,59,36.2,26,64,73,9,1,0,8,4,16,2,0
ENG-Premier League,2122,Liverpool,Mohamed Salah,EGY,FW,29.0,30.7,17,7,5,7,5,4,21,19.0,17,448,127,28.3,67,127,254,13,1,0,12,15,32,4,0
ENG-Premier League,2122,Liverpool,Naby Keïta,GUI,MF,26.0,13.0,47,28,19,19,9,18,35,51.4,17,321,107,33.3,74,161,86,24,2,0,22,20,67,4,0
ENG-Premier League,2122,Liverpool,Neco Williams,WAL,DF,20.0,0.1,0,0,0,0,0,0,0,,0,1,0,0.0,1,0,0,0,0,0,0,0,0,0,0
ENG-Premier League,2122,Liverpool,Opponent Total,,,26.7,38.0,699,413,437,214,48,253,645,39.2,392,6138,1761,28.7,2504,2512,1122,783,234,12,549,735,1434,1001,12
ENG-Premier League,2122,Liverpool,Roberto Firmino,BRA,FW,29.0,11.0,34,21,5,17,12,4,15,26.7,11,249,85,34.1,32,114,103,20,0,0,20,4,38,3,0
ENG-Premier League,2122,Liverpool,Sadio Mané,SEN,FW,29.0,31.3,33,18,7,13,13,8,25,32.0,17,452,143,31.6,57,193,202,36,4,0,32,15,48,10,0
ENG-Premier League,2122,Liverpool,Squad Total,,,27.7,38.0,589,366,211,263,115,196,551,35.6,355,5360,1731,32.3,1303,2355,1702,462,91,5,371,552,1141,566,7
ENG-Premier League,2122,Liverpool,Takumi Minamino,JPN,"FW,MF",26.0,2.1,3,2,1,1,1,2,11,18.2,9,64,22,34.4,4,34,26,1,0,0,1,3,6,1,0
ENG-Premier League,2122,Liverpool,Thiago Alcántara,ESP,MF,30.0,17.0,58,40,17,31,10,12,40,30.0,28,319,117,36.7,86,163,70,26,2,0,24,35,93,18,2
ENG-Premier League,2122,Liverpool,Trent Alexander-Arnold,ENG,DF,22.0,31.7,44,24,22,15,7,23,59,39.0,36,288,97,33.7,114,88,86,39,5,1,34,76,120,43,1
ENG-Premier League,2122,Liverpool,Tyler Morton,ENG,MF,18.0,0.7,0,0,0,0,0,0,2,0.0,2,12,4,33.3,1,9,2,0,0,0,0,2,2,0,0
ENG-Premier League,2122,Liverpool,Virgil van Dijk,NED,DF,30.0,34.0,21,12,13,7,1,11,15,73.3,4,124,44,35.5,72,45,7,31,16,1,15,47,68,135,1
ENG-Premier League,2122,Manchester City,Aymeric Laporte,ESP,DF,27.0,31.4,31,17,20,10,1,15,25,60.0,10,139,63,45.3,81,50,8,24,11,0,13,33,64,78,2
ENG-Premier League,2122,Manchester City,Benjamin Mendy,FRA,DF,27.0,0.9,3,1,1,1,1,2,4,50.0,2,12,2,16.7,3,8,1,0,0,0,0,0,3,3,0
ENG-Premier League,2122,Manchester City,Bernardo Silva,POR,"MF,FW",26.0,31.7,52,33,21,20,11,26,67,38.8,41,480,143,29.8,87,220,173,33,3,0,30,32,84,26,0
ENG-Premier League,2122,Manchester City,CJ Egan-Riley,ENG,DF,18.0,0.0,1,1,1,0,0,1,1,100.0,0,0,0,,0,0,0,0,0,0,0,0,1,0,0
ENG-Premier League,2122,Manchester City,Cole Palmer,ENG,"FW,MF",19.0,1.4,2,2,1,1,0,0,1,0.0,1,29,6,20.7,3,11,15,2,0,0,2,2,4,0,0
ENG-Premier League,2122,Manchester City,Ederson,BRA,GK,27.0,37.0,0,0,0,0,0,0,2,0.0,2,5,0,0.0,5,0,0,0,0,0,0,0,0,0,1
ENG-Premier League,2122,Manchester City,Fernandinho,BRA,"MF,DF",36.0,10.7,23,16,8,13,2,6,19,31.6,13,130,45,34.6,42,74,14,6,3,0,3,14,37,23,1
ENG-Premier League,2122,Manchester City,Ferrán Torres,ESP,FW,21.0,3.4,1,1,0,1,0,0,1,0.0,1,38,13,34.2,3,8,27,6,1,0,5,1,2,0,0
ENG-Premier League,2122,Manchester City,Gabriel Jesus,BRA,FW,24.0,20.9,24,12,5,6,13,6,25,24.0,19,295,72,24.4,33,129,133,25,1,0,24,18,42,7,0
ENG-Premier League,2122,Manchester City,Jack Grealish,ENG,FW,25.0,21.3,20,15,4,12,4,3,12,25.0,9,269,105,39.0,39,90,140,20,2,0,18,16,36,7,0
ENG-Premier League,2122,Manchester City,James Mcatee,ENG,"MF,FW",18.0,0.2,0,0,0,0,0,0,2,0.0,2,9,2,22.2,2,0,7,0,0,0,0,1,1,0,0
ENG-Premier League,2122,Manchester City,John Stones,ENG,DF,27.0,12.4,5,4,3,2,0,2,4,50.0,2,58,22,37.9,23,29,6,9,3,0,6,17,22,41,1
ENG-Premier League,2122,Manchester City,João Cancelo,POR,DF,27.0,35.9,89,54,31,36,22,35,83,42.2,48,347,119,34.3,106,138,103,45,4,1,41,75,164,56,0
ENG-Premier League,2122,Manchester City,Kayky Chagas,BRA,FW,18.0,0.1,0,0,0,0,0,0,0,,0,3,0,0.0,1,1,1,0,0,0,0,0,0,0,0
ENG-Premier League,2122,Manchester City,Kevin De Bruyne,BEL,MF,30.0,24.5,22,14,3,10,9,10,41,24.4,31,361,98,27.1,46,149,166,34,2,0,32,14,36,18,0
ENG-Premier League,2122,Manchester City,Kyle Walker,ENG,DF,31.0,19.5,23,16,11,10,2,11,22,50.0,11,164,56,34.1,53,88,23,20,4,0,16,25,48,24,0
ENG-Premier League,2122,Manchester City,Liam Delap,ENG,FW,18.0,0.1,0,0,0,0,0,0,1,0.0,1,2,0,0.0,0,1,1,0,0,0,0,0,0,0,0
ENG-Premier League,2122,Manchester City,Nathan Aké,NED,DF,26.0,10.3,15,5,6,8,1,4,7,57.1,3,70,23,32.9,26,37,7,12,5,0,7,18,33,31,0
ENG-Premier League,2122,Manchester City,Oleksandr Zinchenko,UKR,DF,24.0,11.6,20,11,7,10,3,4,13,30.8,9,94,31,33.0,25,47,22,18,3,0,15,18,38,13,1
ENG-Premier League,2122,Manchester City,Opponent Total,,,26.9,38.0,701,424,430,222,49,259,674,38.4,415,6480,1422,21.9,2799,2612,1069,704,232,6,472,597,1298,791,16
ENG-Premier League,2122,Manchester City,Phil Foden,ENG,FW,21.0,23.6,19,15,8,5,6,7,10,70.0,3,410,135,32.9,44,132,234,12,2,0,10,17,36,1,0
ENG-Premier League,2122,Manchester City,Raheem Sterling,ENG,FW,26.0,23.6,28,18,2,13,13,6,21,28.6,15,317,93,29.3,38,147,132,15,0,0,15,15,43,3,0
ENG-Premier League,2122,Manchester City,Riyad Mahrez,ALG,FW,30.0,16.6,10,6,4,2,4,3,15,20.0,12,192,58,30.2,33,80,79,16,1,0,15,13,23,1,0
ENG-Premier League,2122,Manchester City,Rodri,ESP,MF,25.0,32.0,65,46,20,36,9,29,61,47.5,32,481,171,35.6,130,254,97,48,6,1,42,40,105,54,0
ENG-Premier League,2122,Manchester City,Rúben Dias,POR,DF,24.0,26.7,34,27,12,18,4,7,16,43.8,9,153,68,44.4,57,78,18,28,13,0,15,38,72,78,1
ENG-Premier League,2122,Manchester City,Squad Total,,,27.0,38.0,508,325,177,225,106,186,478,38.9,292,4254,1381,32.5,930,1864,1460,392,67,3,325,434,942,474,7
ENG-Premier League,2122,Manchester City,Zack Steffen,USA,GK,26.0,1.0,0,0,0,0,0,0,0,,0,0,0,,0,0,0,0,0,0,0,0,0,0,0
ENG-Premier League,2122,Manchester City,İlkay Gündoğan,GER,MF,30.0,20.6,21,11,9,11,1,9,25,36.0,16,196,56,28.6,50,93,53,19,3,1,16,27,48,10,0
ENG-Premier League,2122,Manchester Utd,Aaron Wan-Bissaka,ENG,DF,23.0,19.9,46,25,26,13,7,7,18,38.9,11,225,64,28.4,106,78,41,56,15,1,41,51,97,48,0
ENG-Premier League,2122,Manchester Utd,Alejandro Garnacho,ESP,FW,17.0,0.1,0,0,0,0,0,0,1,0.0,1,9,0,0.0,4,4,1,0,0,0,0,0,0,0,0
ENG-Premier League,2122,Manchester Utd,Alex Telles,BRA,DF,28.0,18.4,48,27,37,10,1,19,35,54.3,16,196,60,30.6,106,67,23,29,5,0,24,36,84,53,2
ENG-Premier League,2122,Manchester Utd,Anthony Elanga,SWE,FW,19.0,13.5,25,17,12,10,3,8,26,30.8,18,289,80,27.7,93,124,72,24,2,0,22,19,44,6,0
ENG-Premier League,2122,Manchester Utd,Anthony Martial,FRA,FW,25.0,2.4,1,1,0,0,1,0,1,0.0,1,28,11,39.3,6,9,13,3,0,0,3,1,2,2,0
ENG-Premier League,2122,Manchester Utd,Bruno Fernandes,POR,MF,26.0,34.6,59,45,30,22,7,24,74,32.4,50,610,172,28.2,120,290,200,29,0,0,29,38,97,40,3
ENG-Premier League,2122,Manchester Utd,Cristiano Ronaldo,POR,FW,36.0,27.3,10,8,2,5,3,4,7,57.1,3,182,49,26.9,23,77,82,12,2,0,10,5,15,31,1
ENG-Premier League,2122,Manchester Utd,Daniel James,WAL,FW,23.0,1.4,4,4,0,4,0,1,1,100.0,0,31,8,25.8,5,13,13,2,0,0,2,0,4,1,0
ENG-Premier League,2122,Manchester Utd,David de Gea,ESP,GK,30.0,38.0,0,0,0,0,0,0,0,,0,1,0,0.0,1,0,0,0,0,0,0,0,0,0,0
ENG-Premier League,2122,Manchester Utd,Diogo Dalot,POR,DF,22.0,20.0,58,33,34,15,9,27,44,61.4,17,232,72,31.0,110,84,38,37,12,3,25,44,102,61,0
ENG-Premier League,2122,Manchester Utd,Donny van de Beek,NED,MF,24.0,0.8,5,3,3,2,0,1,1,100.0,0,16,6,37.5,5,6,5,2,1,0,1,2,7,2,0
ENG-Premier League,2122,Manchester Utd,Edinson Cavani,URU,FW,34.0,8.5,4,2,0,3,1,3,6,50.0,3,105,39,37.1,14,36,55,9,0,0,9,9,13,7,0
ENG-Premier League,2122,Manchester Utd,Eric Bailly,CIV,DF,27.0,2.4,8,3,6,2,0,1,2,50.0,1,21,9,42.9,14,6,1,5,2,0,3,8,16,10,0
ENG-Premier League,2122,Manchester Utd,Fred,BRA,MF,28.0,22.5,66,38,29,28,9,19,71,26.8,52,554,141,25.5,193,298,63,47,14,0,33,49,115,30,0
ENG-Premier League,2122,Manchester Utd,Hannibal Mejbri,TUN,FW,18.0,0.8,0,0,0,0,0,0,0,,0,32,6,18.8,6,13,13,0,0,0,0,1,1,0,0
ENG-Premier League,2122,Manchester Utd,Harry Maguire,ENG,DF,28.0,27.9,41,26,25,11,5,14,27,51.9,13,173,65,37.6,118,49,6,46,32,0,14,53,94,130,0
ENG-Premier League,2122,Manchester Utd,Jadon Sancho,ENG,"FW,MF",21.0,21.1,18,13,8,8,2,7,23,30.4,16,276,68,24.6,65,128,83,28,2,0,26,24,42,5,2
ENG-Premier League,2122,Manchester Utd,Jesse Lingard,ENG,"FW,MF",28.0,4.1,11,6,3,6,2,2,3,66.7,1,110,28,25.5,20,45,45,3,0,0,3,4,15,1,0
ENG-Premier League,2122,Manchester Utd,Juan Mata,ESP,MF,33.0,2.6,7,6,2,4,1,3,5,60.0,2,51,15,29.4,17,24,10,1,0,0,1,2,9,2,0
ENG-Premier League,2122,Manchester Utd,Luke Shaw,ENG,DF,26.0,17.8,22,13,9,10,3,12,24,50.0,12,190,55,28.9,83,72,35,40,11,0,29,15,37,22,0
ENG-Premier League,2122,Manchester Utd,Marcus Rashford,ENG,"FW,MF",23.0,13.7,8,6,2,5,1,3,17,17.6,14,254,76,29.9,41,115,98,11,1,0,10,12,20,6,1
ENG-Premier League,2122,Manchester Utd,Mason Greenwood,ENG,"FW,MF",19.0,14.1,16,8,8,2,6,5,12,41.7,7,154,40,26.0,35,59,60,5,0,0,5,4,20,5,0
ENG-Premier League,2122,Manchester Utd,Nemanja Matić,SRB,MF,32.0,15.4,34,28,20,13,1,10,29,34.5,19,232,70,30.2,106,107,19,34,6,0,28,32,66,31,1
ENG-Premier League,2122,Manchester Utd,Opponent Total,,,27.0,38.0,663,418,315,239,109,250,632,39.6,382,5709,1738,30.4,1838,2476,1395,603,161,4,442,691,1354,636,9
ENG-Premier League,2122,Manchester Utd,Paul Pogba,FRA,"MF,FW",28.0,15.0,20,13,9,9,2,5,19,26.3,14,264,76,28.8,61,127,76,16,1,0,15,19,39,25,0
ENG-Premier League,2122,Manchester Utd,Phil Jones,ENG,DF,29.0,1.8,6,4,4,1,1,3,4,75.0,1,23,4,17.4,11,11,1,3,3,0,0,5,11,9,0
ENG-Premier League,2122,Manchester Utd,Raphaël Varane,FRA,DF,28.0,20.3,27,16,17,7,3,10,22,45.5,12,164,58,35.4,112,47,5,32,14,0,18,35,62,95,1
ENG-Premier League,2122,Manchester Utd,Scott McTominay,SCO,MF,24.0,26.5,69,33,38,24,7,33,66,50.0,33,490,132,26.9,182,246,62,48,11,0,37,47,116,65,0
ENG-Premier League,2122,Manchester Utd,Shola Shoretire,ENG,FW,17.0,0.2,0,0,0,0,0,0,0,,0,2,0,0.0,0,1,1,0,0,0,0,0,0,0,0
ENG-Premier League,2122,Manchester Utd,Squad Total,,,27.2,38.0,632,388,333,223,76,230,554,41.5,324,5069,1462,28.8,1732,2209,1128,564,154,4,410,566,1198,807,12
ENG-Premier League,2122,Manchester Utd,Victor Lindelöf,SWE,DF,27.0,26.2,19,10,9,9,1,9,16,56.3,7,155,58,37.4,75,73,7,42,20,0,22,51,70,120,1
ENG-Premier League,2122,Newcastle Utd,Allan Saint-Maximin,FRA,"FW,MF",24.0,31.2,9,6,4,2,3,2,18,11.1,16,257,67,26.1,52,110,95,17,1,0,16,21,30,2,0
ENG-Premier League,2122,Newcastle Utd,Bruno Guimarães,BRA,MF,23.0,11.5,51,39,26,21,4,14,32,43.8,18,299,89,29.8,108,144,47,27,7,0,20,19,70,9,0
ENG-Premier League,2122,Newcastle Utd,Callum Wilson,ENG,FW,29.0,15.4,8,6,1,3,4,1,4,25.0,3,190,43,22.6,24,74,92,9,4,0,5,4,12,12,1
ENG-Premier League,2122,Newcastle Utd,Chris Wood,NZL,FW,29.0,14.7,4,3,1,3,0,1,2,50.0,1,248,67,27.0,15,116,117,8,3,0,5,2,6,8,0
ENG-Premier League,2122,Newcastle Utd,Ciaran Clark,IRL,DF,31.0,11.3,17,13,9,6,2,9,15,60.0,6,76,27,35.5,53,19,4,14,10,0,4,15,32,50,0
ENG-Premier League,2122,Newcastle Utd,Dan Burn,ENG,DF,29.0,16.0,25,12,18,6,1,8,12,66.7,4,144,56,38.9,89,50,5,33,16,0,17,29,54,114,0
ENG-Premier League,2122,Newcastle Utd,Dwight Gayle,ENG,FW,30.0,0.4,1,0,0,1,0,0,0,,0,18,5,27.8,1,12,5,0,0,0,0,1,2,0,0
ENG-Premier League,2122,Newcastle Utd,Emil Krafth,SWE,DF,26.0,18.2,39,20,29,9,1,21,39,53.8,18,232,64,27.6,112,95,25,38,10,0,28,48,87,53,0
ENG-Premier League,2122,Newcastle Utd,Fabian Schär,SUI,DF,29.0,24.0,20,11,14,4,2,11,16,68.8,5,151,47,31.1,82,52,17,37,19,2,18,75,95,121,2
ENG-Premier League,2122,Newcastle Utd,Federico Fernández,ARG,DF,32.0,5.8,1,1,0,1,0,0,6,0.0,6,33,4,12.1,21,9,3,11,9,0,2,13,14,23,0
ENG-Premier League,2122,Newcastle Utd,Freddie Woodman,ENG,GK,24.0,4.0,0,0,0,0,0,0,0,,0,1,0,0.0,1,0,0,0,0,0,0,0,0,0,0
ENG-Premier League,2122,Newcastle Utd,Isaac Hayden,ENG,"MF,DF",26.0,11.1,34,18,17,12,5,8,23,34.8,15,194,53,27.3,77,96,21,22,9,0,13,20,54,30,0
ENG-Premier League,2122,Newcastle Utd,Jacob Murphy,ENG,"FW,DF",26.0,16.4,41,17,27,11,3,15,35,42.9,20,320,71,22.2,136,106,78,31,2,0,29,33,74,20,0
ENG-Premier League,2122,Newcastle Utd,Jamaal Lascelles,ENG,DF,27.0,22.9,21,11,16,3,2,7,18,38.9,11,154,51,33.1,94,53,7,50,32,1,18,35,56,134,0
ENG-Premier League,2122,Newcastle Utd,Jamal Lewis,NIR,DF,23.0,2.9,11,6,7,2,2,3,4,75.0,1,42,14,33.3,25,8,9,5,2,0,3,6,17,6,0
ENG-Premier League,2122,Newcastle Utd,Javier Manquillo,ESP,DF,27.0,14.0,41,24,27,10,4,19,36,52.8,17,175,56,32.0,100,46,29,28,6,0,22,23,64,29,0
ENG-Premier League,2122,Newcastle Utd,Jeff Hendrick,IRL,MF,29.0,0.8,1,1,0,1,0,1,1,100.0,0,16,2,12.5,2,11,3,0,0,0,0,0,1,1,0
ENG-Premier League,2122,Newcastle Utd,Joe Willock,ENG,MF,21.0,22.6,69,44,31,30,8,22,62,35.5,40,535,118,22.1,168,252,115,38,8,0,30,30,99,16,0
ENG-Premier League,2122,Newcastle Utd,Joelinton,BRA,"MF,FW",24.0,28.4,72,44,33,28,11,23,56,41.1,33,610,163,26.7,190,277,143,67,12,0,55,48,120,47,1
ENG-Premier League,2122,Newcastle Utd,Jonjo Shelvey,ENG,MF,29.0,22.0,28,14,12,14,2,10,32,31.3,22,287,70,24.4,105,152,30,28,7,0,21,35,63,33,2
ENG-Premier League,2122,Newcastle Utd,Karl Darlow,ENG,GK,30.0,8.0,0,0,0,0,0,0,0,,0,0,0,,0,0,0,0,0,0,0,0,0,1,0
ENG-Premier League,2122,Newcastle Utd,Kieran Trippier,ENG,DF,30.0,4.8,21,13,11,8,2,10,16,62.5,6,60,18,30.0,21,31,8,12,3,0,9,11,32,18,0
ENG-Premier League,2122,Newcastle Utd,Martin Dúbravka,SVK,GK,32.0,26.0,0,0,0,0,0,0,2,0.0,2,5,1,20.0,5,0,0,0,0,0,0,0,0,0,0
ENG-Premier League,2122,Newcastle Utd,Matt Ritchie,SCO,DF,31.0,14.9,22,7,11,8,3,13,30,43.3,17,153,47,30.7,76,55,22,28,2,0,26,30,52,26,0
ENG-Premier League,2122,Newcastle Utd,Matt Targett,ENG,DF,25.0,16.0,40,23,25,13,2,20,35,57.1,15,175,56,32.0,99,45,31,18,4,1,14,35,75,43,1
ENG-Premier League,2122,Newcastle Utd,Miguel Almirón,PAR,"MF,FW",27.0,19.1,57,33,27,22,8,13,47,27.7,34,432,109,25.2,127,166,139,22,1,1,21,25,82,12,0
ENG-Premier League,2122,Newcastle Utd,Opponent Total,,,26.8,38.0,691,413,329,270,92,230,595,38.7,365,5104,1617,31.7,1785,2101,1218,507,143,2,364,429,1120,747,6
ENG-Premier League,2122,Newcastle Utd,Paul Dummett,WAL,DF,29.0,2.2,9,4,6,2,1,5,8,62.5,3,31,12,38.7,15,13,3,3,0,0,3,4,13,9,1
ENG-Premier League,2122,Newcastle Utd,Ryan Fraser,SCO,"FW,MF",27.0,16.3,13,4,8,5,0,4,16,25.0,12,166,42,25.3,33,71,62,14,1,0,13,16,29,9,0
ENG-Premier League,2122,Newcastle Utd,Sean Longstaff,ENG,MF,23.0,16.3,51,33,20,24,7,19,62,30.6,43,427,108,25.3,158,209,60,27,6,0,21,20,71,22,0
ENG-Premier League,2122,Newcastle Utd,Squad Total,,,27.5,38.0,706,407,380,249,77,259,627,41.3,368,5431,1460,26.9,1989,2272,1170,587,174,5,413,598,1304,848,8
ENG-Premier League,2122,Norwich City,Adam Idah,IRL,"FW,MF",20.0,6.9,11,6,4,5,2,2,5,40.0,3,93,23,24.7,15,40,38,4,3,0,1,4,15,8,0
ENG-Premier League,2122,Norwich City,Andrew Omobamidele,IRL,DF,19.0,4.2,8,3,5,3,0,6,12,50.0,6,49,14,28.6,37,12,0,10,10,0,0,10,18,17,0
ENG-Premier League,2122,Norwich City,Angus Gunn,ENG,GK,25.0,9.0,0,0,0,0,0,0,0,,0,2,0,0.0,2,0,0,0,0,0,0,0,0,1,0
ENG-Premier League,2122,Norwich City,Bali Mumba,ENG,DF,19.0,0.5,1,0,1,0,0,0,0,,0,12,3,25.0,10,2,0,2,0,0,2,1,2,5,0
ENG-Premier League,2122,Norwich City,Ben Gibson,ENG,DF,28.0,27.7,21,17,16,5,0,5,11,45.5,6,152,51,33.6,97,49,6,57,34,0,23,48,69,159,1
ENG-Premier League,2122,Norwich City,Billy Gilmour,SCO,MF,20.0,20.6,48,22,19,24,5,15,41,36.6,26,495,101,20.4,203,235,57,23,5,0,18,33,81,32,0
ENG-Premier League,2122,Norwich City,Brandon Williams,ENG,DF,20.0,23.6,56,29,36,17,3,24,57,42.1,33,317,81,25.6,156,120,41,51,7,0,44,61,117,47,0
ENG-Premier League,2122,Norwich City,Christoph Zimmermann,GER,DF,28.0,1.7,5,3,3,2,0,2,4,50.0,2,24,9,37.5,13,8,3,0,0,0,0,3,8,3,0
ENG-Premier League,2122,Norwich City,Christos Tzolis,GRE,"FW,MF",19.0,3.7,6,2,3,3,0,3,10,30.0,7,69,14,20.3,26,20,23,4,0,0,4,2,8,2,0
ENG-Premier League,2122,Norwich City,Dimitris Giannoulis,GRE,DF,25.0,13.0,40,23,22,16,2,22,35,62.9,13,204,54,26.5,105,69,30,38,6,0,32,36,76,31,0
ENG-Premier League,2122,Norwich City,Grant Hanley,SCO,DF,29.0,32.2,55,38,38,14,3,14,29,48.3,15,269,102,37.9,192,67,10,77,54,1,23,65,120,196,1
ENG-Premier League,2122,Norwich City,Jakob Sørensen,DEN,"MF,DF",23.0,6.7,25,16,9,15,1,7,15,46.7,8,125,46,36.8,51,64,10,12,4,0,8,15,40,15,0
ENG-Premier League,2122,Norwich City,Jon Rowe,ENG,"FW,MF",18.0,2.5,7,3,3,3,1,1,1,100.0,0,67,16,23.9,15,28,24,7,0,0,7,4,11,0,0
ENG-Premier League,2122,Norwich City,Josh Sargent,USA,"FW,MF",21.0,17.5,34,17,16,8,10,13,32,40.6,19,361,100,27.7,97,143,121,43,2,0,41,21,55,18,2
ENG-Premier League,2122,Norwich City,Kenny McLean,SCO,MF,29.0,30.1,41,24,15,23,3,17,60,28.3,43,516,115,22.3,210,232,74,32,7,0,25,55,96,55,0
ENG-Premier League,2122,Norwich City,Kieran Dowell,ENG,"FW,MF",23.0,10.1,17,7,6,8,3,8,32,25.0,24,270,49,18.1,67,121,82,10,1,0,9,9,26,2,0
ENG-Premier League,2122,Norwich City,Lukas Rupp,GER,MF,30.0,8.5,10,8,5,5,0,4,14,28.6,10,172,53,30.8,75,73,24,8,1,0,7,17,27,4,1
ENG-Premier League,2122,Norwich City,Mathias Normann,NOR,MF,25.0,18.3,38,24,21,14,3,11,35,31.4,24,324,66,20.4,144,156,24,26,11,1,15,25,63,43,0
ENG-Premier League,2122,Norwich City,Max Aarons,ENG,DF,21.0,32.0,69,37,50,19,0,37,58,63.8,21,434,113,26.0,255,140,39,86,22,1,64,56,125,70,0
ENG-Premier League,2122,Norwich City,Milot Rashica,KVX,"FW,MF",25.0,24.8,33,21,15,13,5,14,34,41.2,20,328,93,28.4,114,111,103,27,3,0,24,36,69,20,0
ENG-Premier League,2122,Norwich City,Opponent Total,,,26.8,38.0,646,372,303,236,107,259,576,45.0,317,5123,1529,29.8,1521,2082,1520,523,128,1,395,540,1186,636,7
ENG-Premier League,2122,Norwich City,Ozan Kabak,TUR,DF,21.0,10.2,13,11,6,6,1,4,9,44.4,5,94,38,40.4,65,27,2,19,12,0,7,22,35,29,0
ENG-Premier League,2122,Norwich City,Pierre Lees-Melou,FRA,MF,28.0,25.2,65,40,29,26,10,24,82,29.3,58,650,162,24.9,249,307,94,41,12,2,29,42,107,19,0
ENG-Premier League,2122,Norwich City,Przemysław Płacheta,POL,"FW,MF",23.0,5.6,5,3,5,0,0,0,4,0.0,4,115,25,21.7,34,55,26,7,1,0,6,9,14,5,0
ENG-Premier League,2122,Norwich City,Sam Byram,ENG,DF,27.0,11.4,28,15,21,6,1,14,26,53.8,12,139,34,24.5,78,46,15,31,11,0,20,38,66,51,0
ENG-Premier League,2122,Norwich City,Squad Total,,,26.2,38.0,678,392,358,256,64,256,643,39.8,387,6146,1570,25.5,2410,2488,1248,640,208,5,432,633,1311,840,9
ENG-Premier League,2122,Norwich City,Teemu Pukki,FIN,FW,31.0,36.1,24,11,1,14,9,3,16,18.8,13,702,175,24.9,40,289,373,21,2,0,19,17,41,4,0
ENG-Premier League,2122,Norwich City,Tim Krul,NED,GK,33.0,29.0,0,0,0,0,0,0,3,0.0,3,9,2,22.2,9,0,0,1,0,0,1,0,0,0,4
ENG-Premier League,2122,Norwich City,Todd Cantwell,ENG,"FW,MF",23.0,4.9,15,11,8,6,1,4,14,28.6,10,106,25,23.6,39,46,21,2,0,0,2,4,19,3,0
ENG-Premier League,2122,Norwich City,Tony Springett,ENG,"FW,MF",18.0,1.6,3,1,1,1,1,2,4,50.0,2,48,6,12.5,12,28,8,1,0,0,1,0,3,1,0
ENG-Premier League,2122,Southampton,Adam Armstrong,ENG,FW,24.0,15.7,10,7,3,3,4,0,6,0.0,6,239,64,26.8,21,89,129,10,1,0,9,9,19,6,0
ENG-Premier League,2122,Southampton,Alex McCarthy,ENG,GK,31.0,17.0,0,0,0,0,0,0,0,,0,0,0,,0,0,0,0,0,0,0,0,0,0,0
ENG-Premier League,2122,Southampton,Armando Broja,ALB,FW,19.0,21.9,17,12,5,7,5,2,14,14.3,12,376,112,29.8,37,133,206,22,2,0,20,13,30,8,0
ENG-Premier League,2122,Southampton,Che Adams,SCO,FW,25.0,22.7,16,9,4,6,6,2,15,13.3,13,332,87,26.2,38,132,162,25,4,0,21,10,26,15,0
ENG-Premier League,2122,Southampton,Fraser Forster,ENG,GK,33.0,19.0,1,0,1,0,0,0,1,0.0,1,3,1,33.3,3,0,0,0,0,0,0,0,1,4,1
ENG-Premier League,2122,Southampton,Ibrahima Diallo,FRA,MF,22.0,11.4,27,20,12,11,4,8,24,33.3,16,229,68,29.7,76,114,39,10,0,0,10,17,44,9,0
ENG-Premier League,2122,Southampton,Jack Stephens,ENG,DF,27.0,9.0,21,12,11,8,2,6,18,33.3,12,92,33,35.9,56,29,7,16,8,0,8,27,48,46,0
ENG-Premier League,2122,Southampton,James Ward-Prowse,ENG,MF,26.0,35.7,47,26,16,24,7,13,65,20.0,52,551,169,30.7,171,297,83,65,15,1,50,60,107,44,1
ENG-Premier League,2122,Southampton,Jan Bednarek,POL,DF,25.0,29.2,37,21,23,13,1,18,37,48.6,19,238,76,31.9,130,102,6,64,30,1,34,95,132,169,0
ENG-Premier League,2122,Southampton,Kyle Walker-Peters,ENG,DF,24.0,29.3,63,27,28,26,9,20,36,55.6,16,367,111,30.2,140,148,79,53,9,0,44,56,119,44,1
ENG-Premier League,2122,Southampton,Lyanco,BRA,DF,24.0,10.1,17,14,11,6,0,5,14,35.7,9,99,43,43.4,54,44,1,28,17,0,11,29,46,66,1
ENG-Premier League,2122,Southampton,Mohamed Elyounoussi,NOR,"MF,FW",26.0,22.7,46,33,14,24,8,10,31,32.3,21,499,156,31.3,144,235,120,37,4,0,33,19,65,24,0
ENG-Premier League,2122,Southampton,Mohammed Salisu,GHA,DF,22.0,33.0,91,60,63,25,3,41,72,56.9,31,364,148,40.7,218,123,23,69,28,1,41,93,184,196,5
ENG-Premier League,2122,Southampton,Moussa Djenepo,MLI,MF,23.0,5.1,13,8,6,6,1,5,12,41.7,7,104,25,24.0,46,39,19,9,1,0,8,9,22,3,0
ENG-Premier League,2122,Southampton,Nathan Redmond,ENG,"MF,FW",27.0,20.4,20,13,6,10,4,5,22,22.7,17,364,100,27.5,90,144,130,34,2,0,32,21,41,18,0
ENG-Premier League,2122,Southampton,Nathan Tella,ENG,"MF,FW",22.0,8.9,12,5,5,5,2,4,18,22.2,14,269,68,25.3,62,115,92,18,0,0,18,19,31,7,0
ENG-Premier League,2122,Southampton,Opponent Total,,,26.8,38.0,718,421,354,266,98,250,610,41.0,360,5839,1746,29.9,1923,2545,1371,611,158,4,453,528,1246,926,8
ENG-Premier League,2122,Southampton,Oriol Romeu,ESP,MF,29.0,32.1,81,54,23,47,11,23,77,29.9,54,564,191,33.9,181,309,74,45,9,0,36,67,148,52,0
ENG-Premier League,2122,Southampton,Romain Perraud,FRA,DF,23.0,18.0,38,20,19,14,5,16,28,57.1,12,325,85,26.2,146,108,71,30,7,1,23,24,62,46,0
ENG-Premier League,2122,Southampton,Shane Long,IRL,FW,34.0,3.4,8,3,2,4,2,1,1,100.0,0,83,24,28.9,10,32,41,3,0,0,3,1,9,1,0
ENG-Premier League,2122,Southampton,Squad Total,,,25.7,38.0,666,404,308,269,89,220,586,37.5,366,5869,1806,30.8,1915,2516,1438,618,151,4,467,677,1343,848,10
ENG-Premier League,2122,Southampton,Stuart Armstrong,SCO,MF,29.0,16.4,26,15,14,5,7,7,29,24.1,22,266,85,32.0,76,120,70,17,1,0,16,14,40,15,0
ENG-Premier League,2122,Southampton,Theo Walcott,ENG,"MF,FW",32.0,4.2,5,3,2,1,2,3,5,60.0,2,79,17,21.5,20,35,24,5,0,0,5,7,12,2,0
ENG-Premier League,2122,Southampton,Valentino Livramento,ENG,DF,18.0,24.5,54,30,32,17,5,25,45,55.6,20,332,110,33.1,164,125,43,45,10,0,35,73,127,49,0
ENG-Premier League,2122,Southampton,William Smallbone,IRL,"MF,FW",21.0,1.5,6,5,3,3,0,1,5,20.0,4,44,13,29.5,10,19,15,3,0,0,3,2,8,2,0
ENG-Premier League,2122,Southampton,Willy Caballero,ARG,GK,39.0,2.0,0,0,0,0,0,0,0,,0,0,0,,0,0,0,0,0,0,0,0,0,1,0
ENG-Premier League,2122,Southampton,Yan Valery,FRA,DF,22.0,4.1,10,7,5,4,1,5,11,45.5,6,50,20,40.0,22,24,4,10,3,0,7,12,22,21,1
ENG-Premier League,2122,Tottenham,Ben Davies,WAL,DF,28.0,28.2,40,18,18,15,7,12,34,35.3,22,269,86,32.0,133,92,44,39,18,2,21,45,85,93,0
ENG-Premier League,2122,Tottenham,Bryan,ESP,"FW,MF",20.0,1.0,4,3,2,0,2,3,6,50.0,3,38,12,31.6,10,6,22,2,0,0,2,0,4,0,0
ENG-Premier League,2122,Tottenham,Cristian Romero,ARG,DF,23.0,20.5,75,45,43,30,2,25,43,58.1,18,317,113,35.6,195,98,24,50,23,0,27,57,132,78,1
ENG-Premier League,2122,Tottenham,Dane Scarlett,ENG,MF,17.0,0.0,0,0,0,0,0,0,0,,0,2,0,0.0,2,0,0,0,0,0,0,0,0,0,0
ENG-Premier League,2122,Tottenham,Davinson Sánchez,COL,DF,25.0,18.1,45,22,24,17,4,16,27,59.3,11,186,66,35.5,89,80,17,35,19,0,16,34,79,76,0
ENG-Premier League,2122,Tottenham,Dejan Kulusevski,SWE,"MF,FW",21.0,14.0,20,16,9,10,1,6,19,31.6,13,310,79,25.5,112,126,72,11,0,0,11,26,46,1,0
ENG-Premier League,2122,Tottenham,Dele Alli,ENG,"MF,FW",25.0,7.3,19,7,11,6,2,5,17,29.4,12,209,55,26.3,81,92,36,25,5,0,20,17,36,12,0
ENG-Premier League,2122,Tottenham,Emerson,BRA,DF,22.0,25.4,86,39,56,24,6,28,60,46.7,32,500,126,25.2,245,177,78,56,4,0,52,35,121,79,0
ENG-Premier League,2122,Tottenham,Eric Dier,ENG,DF,27.0,34.1,25,13,11,11,3,4,13,30.8,9,181,70,38.7,93,79,9,56,38,1,18,47,72,168,0
ENG-Premier League,2122,Tottenham,Giovani Lo Celso,ARG,"MF,FW",25.0,2.6,8,3,4,3,1,3,12,25.0,9,69,14,20.3,26,29,14,7,1,0,6,3,11,0,0
ENG-Premier League,2122,Tottenham,Harry Kane,ENG,FW,28.0,35.9,19,10,3,11,5,8,25,32.0,17,378,110,29.1,27,150,201,22,9,1,13,7,26,38,0
ENG-Premier League,2122,Tottenham,Harry Winks,ENG,MF,25.0,10.1,17,7,5,8,4,8,16,50.0,8,145,32,22.1,51,71,23,18,4,0,14,19,36,8,0
ENG-Premier League,2122,Tottenham,Hugo Lloris,FRA,GK,34.0,38.0,0,0,0,0,0,0,1,0.0,1,4,1,25.0,3,1,0,0,0,0,0,0,0,0,3
ENG-Premier League,2122,Tottenham,Japhet Tanganga,ENG,DF,22.0,8.2,21,12,10,6,5,8,13,61.5,5,110,36,32.7,52,45,13,16,7,0,9,17,38,30,0
ENG-Premier League,2122,Tottenham,Joe Rodon,WAL,DF,23.0,1.0,0,0,0,0,0,0,0,,0,7,3,42.9,5,2,0,3,2,0,1,2,2,8,0
ENG-Premier League,2122,Tottenham,Lucas Moura,BRA,"FW,MF",28.0,19.7,29,14,6,16,7,6,26,23.1,20,278,68,24.5,66,140,72,18,1,0,17,22,51,21,0
ENG-Premier League,2122,Tottenham,Matt Doherty,IRL,DF,29.0,9.7,18,12,9,8,1,7,12,58.3,5,120,42,35.0,50,54,16,24,2,0,22,17,35,15,0
ENG-Premier League,2122,Tottenham,Oliver Skipp,ENG,MF,20.0,15.0,33,18,14,16,3,12,28,42.9,16,275,71,25.8,109,131,35,25,9,0,16,19,52,14,0
ENG-Premier League,2122,Tottenham,Opponent Total,,,26.8,38.0,694,421,286,293,115,234,611,38.3,377,5733,1651,28.8,1736,2534,1463,614,152,7,462,610,1304,650,8
ENG-Premier League,2122,Tottenham,Pierre Højbjerg,DEN,MF,25.0,35.5,84,49,28,45,11,29,80,36.3,51,669,176,26.3,255,319,95,73,13,0,60,70,154,61,0
ENG-Premier League,2122,Tottenham,Rodrigo Bentancur,URU,MF,24.0,15.1,37,15,15,14,8,12,33,36.4,21,327,79,24.2,113,175,39,32,10,0,22,18,55,28,0
ENG-Premier League,2122,Tottenham,Ryan Sessegnon,ENG,DF,21.0,11.6,27,14,13,9,5,12,26,46.2,14,230,57,24.8,100,74,56,30,3,0,27,19,46,22,0
ENG-Premier League,2122,Tottenham,Sergio Reguilón,ESP,DF,24.0,21.3,47,28,22,19,6,23,39,59.0,16,298,89,29.9,117,131,50,32,7,0,25,42,89,43,0
ENG-Premier League,2122,Tottenham,Son Heung-min,KOR,"FW,MF",29.0,33.4,19,12,7,9,3,5,26,19.2,21,383,96,25.1,65,190,128,32,8,0,24,29,48,11,0
ENG-Premier League,2122,Tottenham,Squad Total,,,26.5,38.0,691,371,316,286,89,234,569,41.1,335,5477,1523,27.8,2038,2341,1098,612,184,4,428,552,1243,818,4
ENG-Premier League,2122,Tottenham,Steven Bergwijn,NED,"FW,MF",23.0,6.3,5,4,2,1,2,1,7,14.3,6,84,16,19.0,15,34,35,4,0,0,4,4,9,9,0
ENG-Premier League,2122,Tottenham,Tanguy Ndombele,FRA,MF,24.0,5.4,13,10,4,8,1,1,6,16.7,5,88,26,29.5,24,45,19,2,1,0,1,3,16,3,0
ENG-Premier League,2122,Watford,Adam Masina,MAR,DF,27.0,12.0,24,14,11,12,1,10,30,33.3,20,162,45,27.8,73,70,19,29,6,0,23,31,55,41,0
ENG-Premier League,2122,Watford,Ashley Fletcher,ENG,FW,25.0,0.3,2,2,2,0,0,1,1,100.0,0,9,1,11.1,5,3,1,1,1,0,0,0,2,0,0
ENG-Premier League,2122,Watford,Ben Foster,ENG,GK,38.0,26.0,0,0,0,0,0,0,3,0.0,3,7,1,14.3,7,0,0,0,0,0,0,0,0,6,2
ENG-Premier League,2122,Watford,Christian Kabasele,BEL,DF,30.0,13.3,10,6,7,3,0,3,5,60.0,2,83,35,42.2,57,24,2,33,17,0,16,26,36,58,2
ENG-Premier League,2122,Watford,Craig Cathcart,NIR,DF,32.0,26.6,33,15,26,7,0,16,34,47.1,18,165,51,30.9,117,45,3,55,32,0,23,38,71,129,2
ENG-Premier League,2122,Watford,Cucho,COL,"FW,MF",22.0,12.7,16,5,8,6,2,4,32,12.5,28,260,57,21.9,70,109,81,12,1,0,11,11,27,10,0
ENG-Premier League,2122,Watford,Dan Gosling,ENG,MF,31.0,1.8,2,1,2,0,0,1,6,16.7,5,28,7,25.0,9,13,6,1,0,0,1,1,3,3,0
ENG-Premier League,2122,Watford,Daniel Bachmann,AUT,GK,27.0,12.0,0,0,0,0,0,0,0,,0,0,0,,0,0,0,0,0,0,0,0,0,0,0
ENG-Premier League,2122,Watford,Danny Rose,ENG,DF,31.0,7.7,23,15,15,8,0,12,29,41.4,17,85,34,40.0,44,36,5,14,6,0,8,15,38,13,0
ENG-Premier League,2122,Watford,Edo Kayembe,COD,MF,22.0,8.9,21,15,10,9,2,5,10,50.0,5,127,47,37.0,63,59,5,13,1,0,12,14,35,20,0
ENG-Premier League,2122,Watford,Emmanuel Dennis,NGA,"FW,MF",23.0,28.7,46,28,24,14,8,13,42,31.0,29,563,146,25.9,124,249,190,35,2,0,33,25,71,14,0
ENG-Premier League,2122,Watford,Francisco Sierralta,CHI,DF,24.0,4.7,6,4,6,0,0,5,8,62.5,3,24,10,41.7,18,6,0,9,2,0,7,14,20,40,0
ENG-Premier League,2122,Watford,Hassane Kamara,CIV,DF,27.0,18.0,61,29,38,18,5,24,40,60.0,16,300,75,25.0,177,101,22,33,5,0,28,94,155,57,0
ENG-Premier League,2122,Watford,Imran Louza,MAR,MF,22.0,15.7,51,32,25,21,5,20,44,45.5,24,345,105,30.4,143,159,43,23,6,0,17,48,99,22,0
ENG-Premier League,2122,Watford,Ismaila Sarr,SEN,"FW,MF",23.0,20.7,14,7,4,7,3,2,14,14.3,12,398,91,22.9,86,174,138,21,1,0,20,16,30,13,0
ENG-Premier League,2122,Watford,Jeremy Ngakia,ENG,DF,20.0,10.0,41,21,34,4,3,20,33,60.6,13,202,55,27.2,139,48,15,16,3,0,13,29,70,20,0
ENG-Premier League,2122,Watford,Joshua King,NOR,FW,29.0,25.0,31,21,6,17,8,5,16,31.3,11,486,134,27.6,69,221,196,21,5,0,16,12,43,27,0
ENG-Premier League,2122,Watford,João Pedro,BRA,"FW,MF",19.0,18.3,22,17,5,11,6,4,16,25.0,12,337,108,32.0,52,159,126,28,5,1,23,19,41,18,0
ENG-Premier League,2122,Watford,Juraj Kucka,SVK,MF,34.0,21.3,74,47,41,27,6,28,67,41.8,39,423,135,31.9,157,201,65,39,9,1,30,46,120,50,1
ENG-Premier League,2122,Watford,Ken Sema,SWE,"MF,FW",27.0,9.5,12,8,10,2,0,5,20,25.0,15,194,43,22.2,71,96,27,15,1,0,14,9,21,18,0
ENG-Premier League,2122,Watford,Kiko Femenía,ESP,DF,30.0,23.8,43,26,29,11,3,24,41,58.5,17,227,75,33.0,112,85,30,39,10,0,29,63,106,61,0
ENG-Premier League,2122,Watford,Moussa Sissoko,FRA,MF,31.0,35.8,59,40,34,22,3,19,35,54.3,16,505,160,31.7,177,250,78,53,12,0,41,44,103,72,0
ENG-Premier League,2122,Watford,Nicolas Nkoulou,CMR,DF,31.0,1.9,1,0,0,1,0,0,0,,0,7,5,71.4,5,2,0,5,2,0,3,1,2,10,0
ENG-Premier League,2122,Watford,Oghenekaro Etebo,NGA,MF,25.0,4.5,12,10,5,7,0,4,7,57.1,3,65,22,33.8,29,32,4,5,1,0,4,8,20,6,0
ENG-Premier League,2122,Watford,Opponent Total,,,26.8,38.0,779,480,342,321,116,312,727,42.9,415,5222,1797,34.4,1666,2236,1320,523,109,1,414,478,1257,746,11
ENG-Premier League,2122,Watford,Ozan Tufan,TUR,MF,26.0,3.7,4,2,1,2,1,1,4,25.0,3,77,9,11.7,23,39,15,5,0,0,5,2,6,4,0
ENG-Premier League,2122,Watford,Samir Santos,BRA,DF,26.0,18.6,32,19,21,10,1,10,17,58.8,7,143,53,37.1,98,38,7,28,11,1,17,54,86,82,2
ENG-Premier League,2122,Watford,Samuel Kalu,NGA,FW,23.0,2.5,2,2,0,2,0,1,2,50.0,1,23,6,26.1,7,6,10,3,0,0,3,5,7,3,0
ENG-Premier League,2122,Watford,Squad Total,,,28.4,38.0,693,423,392,240,61,253,600,42.2,347,5730,1656,28.9,2111,2458,1161,593,160,5,433,675,1368,907,11
ENG-Premier League,2122,Watford,Tom Cleverley,ENG,MF,31.0,18.0,34,27,18,12,4,10,32,31.3,22,372,106,28.5,116,190,66,28,7,1,21,27,61,19,1
ENG-Premier League,2122,Watford,Troy Deeney,ENG,FW,33.0,0.3,0,0,0,0,0,0,1,0.0,1,7,2,28.6,1,2,4,0,0,0,0,0,0,3,0
ENG-Premier League,2122,Watford,William Troost-Ekong,NGA,DF,27.0,15.4,17,10,10,7,0,6,11,54.5,5,106,38,35.8,62,41,3,29,14,1,15,23,40,88,1
ENG-Premier League,2122,West Ham,Aaron Cresswell,ENG,DF,31.0,30.3,30,19,20,8,2,14,27,51.9,13,213,67,31.5,111,73,29,48,17,0,31,43,73,76,1
ENG-Premier League,2122,West Ham,Alex Král,CZE,MF,23.0,0.0,0,0,0,0,0,0,0,,0,2,2,100.0,0,1,1,0,0,0,0,0,0,0,0
ENG-Premier League,2122,West Ham,Alphonse Areola,FRA,GK,28.0,1.0,0,0,0,0,0,0,0,,0,0,0,,0,0,0,0,0,0,0,0,0,0,0
ENG-Premier League,2122,West Ham,Andriy Yarmolenko,UKR,FW,31.0,3.5,3,0,1,2,0,3,7,42.9,4,60,12,20.0,19,19,22,5,2,0,3,1,4,1,0
ENG-Premier League,2122,West Ham,Angelo Ogbonna,ITA,DF,33.0,10.2,13,8,8,5,0,2,7,28.6,5,50,16,32.0,32,15,3,7,4,0,3,13,26,38,0
ENG-Premier League,2122,West Ham,Arthur Masuaku,COD,"DF,FW",27.0,7.2,33,19,20,11,2,12,23,52.2,11,120,39,32.5,61,50,9,10,1,0,9,18,51,16,0
ENG-Premier League,2122,West Ham,Ben Johnson,ENG,DF,21.0,15.5,30,16,14,12,4,17,30,56.7,13,172,61,35.5,87,53,32,49,10,1,39,25,55,49,0
ENG-Premier League,2122,West Ham,Craig Dawson,ENG,DF,31.0,30.6,33,21,20,13,0,12,27,44.4,15,199,67,33.7,126,64,9,66,55,0,11,30,63,145,1
ENG-Premier League,2122,West Ham,Daniel Chesters,ENG,MF,19.0,0.0,0,0,0,0,0,0,0,,0,0,0,,0,0,0,0,0,0,0,0,0,0,0
ENG-Premier League,2122,West Ham,Declan Rice,ENG,MF,22.0,35.3,77,53,44,29,4,28,60,46.7,32,476,154,32.4,215,224,37,60,25,1,35,95,172,53,1
ENG-Premier League,2122,West Ham,Harrison Ashby,SCO,DF,19.0,0.1,0,0,0,0,0,0,0,,0,0,0,,0,0,0,1,0,0,1,1,1,0,0
ENG-Premier League,2122,West Ham,Issa Diop,FRA,DF,24.0,10.7,9,3,4,5,0,2,10,20.0,8,72,28,38.9,41,30,1,23,15,0,8,17,26,44,0
ENG-Premier League,2122,West Ham,Jarrod Bowen,ENG,FW,24.0,33.1,39,26,19,13,7,15,44,34.1,29,559,119,21.3,162,240,157,47,2,0,45,38,77,8,0
ENG-Premier League,2122,West Ham,Kurt Zouma,FRA,DF,26.0,23.1,11,5,9,2,0,4,8,50.0,4,107,35,32.7,58,36,13,38,27,0,11,47,58,140,0
ENG-Premier League,2122,West Ham,Manuel Lanzini,ARG,"MF,FW",28.0,19.8,25,18,11,8,6,12,41,29.3,29,373,95,25.5,107,192,74,22,1,0,21,28,53,7,0
ENG-Premier League,2122,West Ham,Mark Noble,ENG,MF,34.0,3.7,11,7,9,2,0,2,4,50.0,2,53,21,39.6,23,23,7,4,1,0,3,5,16,3,0
ENG-Premier League,2122,West Ham,Michail Antonio,JAM,FW,31.0,33.0,28,23,7,9,12,6,20,30.0,14,460,133,28.9,34,166,260,26,1,0,25,14,42,17,0
ENG-Premier League,2122,West Ham,Nikola Vlašić,CRO,"FW,MF",23.0,6.2,13,11,3,8,2,4,20,20.0,16,150,35,23.3,41,65,44,6,0,0,6,10,23,2,0
ENG-Premier League,2122,West Ham,Opponent Total,,,26.8,38.0,611,358,328,207,76,228,495,46.1,267,5078,1465,28.8,1809,2115,1154,586,152,9,434,492,1103,819,11
ENG-Premier League,2122,West Ham,Pablo Fornals,ESP,"FW,MF",25.0,31.1,51,34,22,18,11,26,87,29.9,61,664,179,27.0,190,299,175,52,3,0,49,47,98,16,0
ENG-Premier League,2122,West Ham,Ryan Fredericks,ENG,DF,28.0,3.4,4,2,4,0,0,2,4,50.0,2,24,5,20.8,13,7,4,4,1,0,3,6,10,9,1
ENG-Premier League,2122,West Ham,Saïd Benrahma,ALG,"FW,MF",25.0,24.1,35,23,16,13,6,16,38,42.1,22,377,94,24.9,108,187,82,22,1,0,21,12,47,7,0
ENG-Premier League,2122,West Ham,Sonny Perkins,ENG,FW,17.0,0.0,0,0,0,0,0,0,0,,0,1,1,100.0,0,1,0,0,0,0,0,0,0,0,0
ENG-Premier League,2122,West Ham,Squad Total,,,28.2,38.0,557,351,287,198,72,218,562,38.8,344,4917,1372,27.9,1771,2063,1083,589,190,2,399,539,1096,824,5
ENG-Premier League,2122,West Ham,Tomáš Souček,CZE,MF,26.0,34.0,68,41,31,29,8,25,68,36.8,43,483,129,26.7,201,220,62,49,15,0,34,55,123,119,1
ENG-Premier League,2122,West Ham,Vladimír Coufal,CZE,DF,28.0,24.5,44,22,25,11,8,16,37,43.2,21,301,79,26.2,141,98,62,50,9,0,41,34,78,74,0
ENG-Premier League,2122,West Ham,Łukasz Fabiański,POL,GK,36.0,37.0,0,0,0,0,0,0,0,,0,1,1,100.0,1,0,0,0,0,0,0,0,0,0,0
ENG-Premier League,2122,Wolves,Adama Traoré,ESP,FW,25.0,11.9,12,9,7,2,3,2,9,22.2,7,140,42,30.0,37,68,35,8,1,0,7,4,16,2,0
ENG-Premier League,2122,Wolves,Chem Campbell,WAL,MF,18.0,0.1,1,1,0,1,0,0,0,,0,1,1,100.0,0,1,0,0,0,0,0,0,1,0,0
ENG-Premier League,2122,Wolves,Chiquinho,POR,"DF,MF",21.0,2.3,9,6,3,6,0,3,4,75.0,1,58,14,24.1,14,29,15,3,0,0,3,6,15,3,0
ENG-Premier League,2122,Wolves,Conor Coady,ENG,DF,28.0,37.3,31,18,20,10,1,12,26,46.2,14,197,68,34.5,124,68,5,64,50,3,14,44,75,150,0
ENG-Premier League,2122,Wolves,Daniel Podence,POR,"FW,MF",25.0,16.5,19,9,9,6,4,8,21,38.1,13,247,67,27.1,49,101,97,13,2,0,11,6,25,0,0
ENG-Premier League,2122,Wolves,Fernando Marçal,BRA,DF,32.0,16.1,42,26,29,10,3,17,33,51.5,16,241,67,27.8,127,83,31,42,5,0,37,31,73,54,0
ENG-Premier League,2122,Wolves,Francisco Trincão,POR,"FW,MF",21.0,14.8,29,15,9,13,7,6,14,42.9,8,338,94,27.8,74,169,95,21,1,0,20,15,44,1,0
ENG-Premier League,2122,Wolves,Fábio Silva,POR,FW,19.0,6.4,6,5,0,3,3,1,6,16.7,5,149,44,29.5,7,80,62,1,0,0,1,4,10,2,0
ENG-Premier League,2122,Wolves,Hwang Hee-chan,KOR,"FW,MF",25.0,20.2,28,14,9,17,2,13,36,36.1,23,272,64,23.5,53,133,86,14,0,0,14,25,53,8,1
ENG-Premier League,2122,Wolves,John Ruddy,ENG,GK,34.0,1.5,0,0,0,0,0,0,0,,0,0,0,,0,0,0,0,0,0,0,0,0,0,0
ENG-Premier League,2122,Wolves,Jonny Castro,ESP,DF,27.0,11.4,27,21,15,11,1,10,20,50.0,10,175,58,33.1,86,63,26,19,3,0,16,13,40,7,0
ENG-Premier League,2122,Wolves,José Sá,POR,GK,28.0,36.5,1,0,1,0,0,1,3,33.3,2,10,3,30.0,10,0,0,1,0,0,1,0,1,3,3
ENG-Premier League,2122,Wolves,João Moutinho,POR,MF,34.0,33.0,76,54,37,29,10,27,98,27.6,71,608,186,30.6,232,318,58,52,8,0,44,48,124,35,0
ENG-Premier League,2122,Wolves,Ki-Jana Hoever,NED,DF,19.0,3.4,16,10,12,4,0,5,13,38.5,8,81,25,30.9,40,30,11,6,0,0,6,5,21,8,0
ENG-Premier League,2122,Wolves,Leander Dendoncker,BEL,MF,26.0,21.7,45,24,24,20,1,18,37,48.6,19,442,120,27.1,185,201,56,47,11,0,36,24,69,33,0
ENG-Premier League,2122,Wolves,Luke Cundle,ENG,MF,19.0,2.0,4,3,0,4,0,1,1,100.0,0,43,9,20.9,15,22,6,1,0,0,1,2,6,2,0
ENG-Premier League,2122,Wolves,Max Kilman,ENG,DF,24.0,29.9,53,33,40,13,0,20,33,60.6,13,240,92,38.3,159,70,11,52,21,0,31,64,117,118,1
ENG-Premier League,2122,Wolves,Morgan Gibbs-White,ENG,"FW,MF",21.0,0.1,0,0,0,0,0,0,0,,0,3,0,0.0,1,1,1,1,0,0,1,0,0,0,0
ENG-Premier League,2122,Wolves,Nélson Semedo,POR,DF,27.0,23.7,59,40,40,15,4,26,48,54.2,22,379,108,28.5,182,130,67,43,4,0,39,43,102,57,0
ENG-Premier League,2122,Wolves,Opponent Total,,,26.7,38.0,719,429,328,300,91,302,749,40.3,447,5529,1649,29.8,1616,2482,1431,517,116,2,401,584,1303,624,11
ENG-Premier League,2122,Wolves,Pedro Neto,POR,"FW,MF",21.0,5.2,5,5,2,2,1,0,7,0.0,7,90,22,24.4,18,38,34,1,0,0,1,6,11,1,0
ENG-Premier League,2122,Wolves,Rayan Aït Nouri,FRA,DF,20.0,20.3,76,43,54,14,8,28,45,62.2,17,402,135,33.6,231,116,55,34,3,0,31,38,114,32,1
ENG-Premier League,2122,Wolves,Raúl Jiménez,MEX,FW,30.0,29.2,33,23,4,18,11,4,21,19.0,17,445,108,24.3,41,234,170,36,8,1,28,19,52,27,0
ENG-Premier League,2122,Wolves,Romain Saïss,MAR,DF,31.0,30.1,60,38,40,17,3,18,32,56.3,14,283,103,36.4,162,101,20,61,24,0,37,81,141,173,1
ENG-Premier League,2122,Wolves,Rúben Neves,POR,MF,24.0,29.6,67,43,32,29,6,22,90,24.4,68,541,145,26.8,203,288,50,43,6,0,37,55,122,54,1
ENG-Premier League,2122,Wolves,Squad Total,,,27.3,38.0,733,465,412,252,69,253,620,40.8,367,5529,1633,29.5,2133,2397,999,594,156,5,438,562,1295,829,8
ENG-Premier League,2122,Wolves,Toti Gomes,POR,DF,22.0,4.0,7,3,6,1,0,3,8,37.5,5,34,15,44.1,19,10,5,10,2,0,8,10,17,20,0
ENG-Premier League,2122,Wolves,Willy Boly,CIV,DF,30.0,10.0,27,22,19,7,1,8,15,53.3,7,110,43,39.1,64,43,3,21,7,1,14,19,46,39,0
